"Notes","County of Residence","County of Residence Code","Year","Year Code","Infant Birth Weight 12","Infant Birth Weight 12 Code",Births
,"Boone County, MO","29019","2016","2016","500 - 999 grams","02",12
,"Boone County, MO","29019","2016","2016","1500 - 1999 grams","04",24
,"Boone County, MO","29019","2016","2016","2000 - 2499 grams","05",95
,"Boone County, MO","29019","2016","2016","2500 - 2999 grams","06",311
,"Boone County, MO","29019","2016","2016","3000 - 3499 grams","07",697
,"Boone County, MO","29019","2016","2016","3500 - 3999 grams","08",552
,"Boone County, MO","29019","2016","2016","4000 - 4499 grams","09",160
,"Boone County, MO","29019","2016","2016","4500 - 4999 grams","10",23
,"Boone County, MO","29019","2017","2017","500 - 999 grams","02",12
,"Boone County, MO","29019","2017","2017","1000 - 1499 grams","03",16
,"Boone County, MO","29019","2017","2017","1500 - 1999 grams","04",39
,"Boone County, MO","29019","2017","2017","2000 - 2499 grams","05",97
,"Boone County, MO","29019","2017","2017","2500 - 2999 grams","06",288
,"Boone County, MO","29019","2017","2017","3000 - 3499 grams","07",706
,"Boone County, MO","29019","2017","2017","3500 - 3999 grams","08",546
,"Boone County, MO","29019","2017","2017","4000 - 4499 grams","09",138
,"Boone County, MO","29019","2017","2017","4500 - 4999 grams","10",13
,"Boone County, MO","29019","2018","2018","500 - 999 grams","02",13
,"Boone County, MO","29019","2018","2018","1500 - 1999 grams","04",31
,"Boone County, MO","29019","2018","2018","2000 - 2499 grams","05",101
,"Boone County, MO","29019","2018","2018","2500 - 2999 grams","06",333
,"Boone County, MO","29019","2018","2018","3000 - 3499 grams","07",707
,"Boone County, MO","29019","2018","2018","3500 - 3999 grams","08",500
,"Boone County, MO","29019","2018","2018","4000 - 4499 grams","09",106
,"Boone County, MO","29019","2018","2018","4500 - 4999 grams","10",17
,"Boone County, MO","29019","2019","2019","1000 - 1499 grams","03",13
,"Boone County, MO","29019","2019","2019","1500 - 1999 grams","04",31
,"Boone County, MO","29019","2019","2019","2000 - 2499 grams","05",121
,"Boone County, MO","29019","2019","2019","2500 - 2999 grams","06",332
,"Boone County, MO","29019","2019","2019","3000 - 3499 grams","07",762
,"Boone County, MO","29019","2019","2019","3500 - 3999 grams","08",489
,"Boone County, MO","29019","2019","2019","4000 - 4499 grams","09",133
,"Boone County, MO","29019","2020","2020","500 - 999 grams","02",10
,"Boone County, MO","29019","2020","2020","1500 - 1999 grams","04",26
,"Boone County, MO","29019","2020","2020","2000 - 2499 grams","05",82
,"Boone County, MO","29019","2020","2020","2500 - 2999 grams","06",333
,"Boone County, MO","29019","2020","2020","3000 - 3499 grams","07",724
,"Boone County, MO","29019","2020","2020","3500 - 3999 grams","08",499
,"Boone County, MO","29019","2020","2020","4000 - 4499 grams","09",133
,"Boone County, MO","29019","2020","2020","4500 - 4999 grams","10",19
,"Boone County, MO","29019","2021","2021","1000 - 1499 grams","03",12
,"Boone County, MO","29019","2021","2021","1500 - 1999 grams","04",28
,"Boone County, MO","29019","2021","2021","2000 - 2499 grams","05",97
,"Boone County, MO","29019","2021","2021","2500 - 2999 grams","06",300
,"Boone County, MO","29019","2021","2021","3000 - 3499 grams","07",682
,"Boone County, MO","29019","2021","2021","3500 - 3999 grams","08",481
,"Boone County, MO","29019","2021","2021","4000 - 4499 grams","09",127
,"Boone County, MO","29019","2021","2021","4500 - 4999 grams","10",15
,"Boone County, MO","29019","2022","2022","500 - 999 grams","02",11
,"Boone County, MO","29019","2022","2022","1000 - 1499 grams","03",16
,"Boone County, MO","29019","2022","2022","1500 - 1999 grams","04",37
,"Boone County, MO","29019","2022","2022","2000 - 2499 grams","05",104
,"Boone County, MO","29019","2022","2022","2500 - 2999 grams","06",325
,"Boone County, MO","29019","2022","2022","3000 - 3499 grams","07",697
,"Boone County, MO","29019","2022","2022","3500 - 3999 grams","08",519
,"Boone County, MO","29019","2022","2022","4000 - 4499 grams","09",114
,"Boone County, MO","29019","2022","2022","4500 - 4999 grams","10",17
,"Boone County, MO","29019","2023","2023","500 - 999 grams","02",13
,"Boone County, MO","29019","2023","2023","1500 - 1999 grams","04",27
,"Boone County, MO","29019","2023","2023","2000 - 2499 grams","05",113
,"Boone County, MO","29019","2023","2023","2500 - 2999 grams","06",320
,"Boone County, MO","29019","2023","2023","3000 - 3499 grams","07",669
,"Boone County, MO","29019","2023","2023","3500 - 3999 grams","08",486
,"Boone County, MO","29019","2023","2023","4000 - 4499 grams","09",107
,"Boone County, MO","29019","2024","2024","1000 - 1499 grams","03",15
,"Boone County, MO","29019","2024","2024","1500 - 1999 grams","04",23
,"Boone County, MO","29019","2024","2024","2000 - 2499 grams","05",97
,"Boone County, MO","29019","2024","2024","2500 - 2999 grams","06",357
,"Boone County, MO","29019","2024","2024","3000 - 3499 grams","07",692
,"Boone County, MO","29019","2024","2024","3500 - 3999 grams","08",474
,"Boone County, MO","29019","2024","2024","4000 - 4499 grams","09",149
,"Boone County, MO","29019","2024","2024","4500 - 4999 grams","10",12
,"Clay County, MO","29047","2016","2016","1000 - 1499 grams","03",20
,"Clay County, MO","29047","2016","2016","1500 - 1999 grams","04",32
,"Clay County, MO","29047","2016","2016","2000 - 2499 grams","05",125
,"Clay County, MO","29047","2016","2016","2500 - 2999 grams","06",436
,"Clay County, MO","29047","2016","2016","3000 - 3499 grams","07",1003
,"Clay County, MO","29047","2016","2016","3500 - 3999 grams","08",833
,"Clay County, MO","29047","2016","2016","4000 - 4499 grams","09",239
,"Clay County, MO","29047","2016","2016","4500 - 4999 grams","10",27
,"Clay County, MO","29047","2017","2017","1000 - 1499 grams","03",18
,"Clay County, MO","29047","2017","2017","1500 - 1999 grams","04",32
,"Clay County, MO","29047","2017","2017","2000 - 2499 grams","05",110
,"Clay County, MO","29047","2017","2017","2500 - 2999 grams","06",478
,"Clay County, MO","29047","2017","2017","3000 - 3499 grams","07",1091
,"Clay County, MO","29047","2017","2017","3500 - 3999 grams","08",834
,"Clay County, MO","29047","2017","2017","4000 - 4499 grams","09",209
,"Clay County, MO","29047","2017","2017","4500 - 4999 grams","10",29
,"Clay County, MO","29047","2018","2018","1000 - 1499 grams","03",11
,"Clay County, MO","29047","2018","2018","1500 - 1999 grams","04",34
,"Clay County, MO","29047","2018","2018","2000 - 2499 grams","05",128
,"Clay County, MO","29047","2018","2018","2500 - 2999 grams","06",510
,"Clay County, MO","29047","2018","2018","3000 - 3499 grams","07",1103
,"Clay County, MO","29047","2018","2018","3500 - 3999 grams","08",851
,"Clay County, MO","29047","2018","2018","4000 - 4499 grams","09",222
,"Clay County, MO","29047","2018","2018","4500 - 4999 grams","10",26
,"Clay County, MO","29047","2019","2019","1000 - 1499 grams","03",15
,"Clay County, MO","29047","2019","2019","1500 - 1999 grams","04",46
,"Clay County, MO","29047","2019","2019","2000 - 2499 grams","05",127
,"Clay County, MO","29047","2019","2019","2500 - 2999 grams","06",509
,"Clay County, MO","29047","2019","2019","3000 - 3499 grams","07",1099
,"Clay County, MO","29047","2019","2019","3500 - 3999 grams","08",864
,"Clay County, MO","29047","2019","2019","4000 - 4499 grams","09",227
,"Clay County, MO","29047","2019","2019","4500 - 4999 grams","10",20
,"Clay County, MO","29047","2020","2020","500 - 999 grams","02",16
,"Clay County, MO","29047","2020","2020","1500 - 1999 grams","04",58
,"Clay County, MO","29047","2020","2020","2000 - 2499 grams","05",137
,"Clay County, MO","29047","2020","2020","2500 - 2999 grams","06",538
,"Clay County, MO","29047","2020","2020","3000 - 3499 grams","07",1062
,"Clay County, MO","29047","2020","2020","3500 - 3999 grams","08",763
,"Clay County, MO","29047","2020","2020","4000 - 4499 grams","09",170
,"Clay County, MO","29047","2020","2020","4500 - 4999 grams","10",31
,"Clay County, MO","29047","2021","2021","1000 - 1499 grams","03",17
,"Clay County, MO","29047","2021","2021","1500 - 1999 grams","04",38
,"Clay County, MO","29047","2021","2021","2000 - 2499 grams","05",142
,"Clay County, MO","29047","2021","2021","2500 - 2999 grams","06",449
,"Clay County, MO","29047","2021","2021","3000 - 3499 grams","07",1067
,"Clay County, MO","29047","2021","2021","3500 - 3999 grams","08",707
,"Clay County, MO","29047","2021","2021","4000 - 4499 grams","09",176
,"Clay County, MO","29047","2021","2021","4500 - 4999 grams","10",21
,"Clay County, MO","29047","2022","2022","500 - 999 grams","02",13
,"Clay County, MO","29047","2022","2022","1000 - 1499 grams","03",22
,"Clay County, MO","29047","2022","2022","1500 - 1999 grams","04",38
,"Clay County, MO","29047","2022","2022","2000 - 2499 grams","05",152
,"Clay County, MO","29047","2022","2022","2500 - 2999 grams","06",530
,"Clay County, MO","29047","2022","2022","3000 - 3499 grams","07",1063
,"Clay County, MO","29047","2022","2022","3500 - 3999 grams","08",695
,"Clay County, MO","29047","2022","2022","4000 - 4499 grams","09",197
,"Clay County, MO","29047","2022","2022","4500 - 4999 grams","10",24
,"Clay County, MO","29047","2023","2023","1000 - 1499 grams","03",16
,"Clay County, MO","29047","2023","2023","1500 - 1999 grams","04",45
,"Clay County, MO","29047","2023","2023","2000 - 2499 grams","05",135
,"Clay County, MO","29047","2023","2023","2500 - 2999 grams","06",480
,"Clay County, MO","29047","2023","2023","3000 - 3499 grams","07",1043
,"Clay County, MO","29047","2023","2023","3500 - 3999 grams","08",730
,"Clay County, MO","29047","2023","2023","4000 - 4499 grams","09",186
,"Clay County, MO","29047","2023","2023","4500 - 4999 grams","10",25
,"Clay County, MO","29047","2024","2024","500 - 999 grams","02",16
,"Clay County, MO","29047","2024","2024","1000 - 1499 grams","03",10
,"Clay County, MO","29047","2024","2024","1500 - 1999 grams","04",41
,"Clay County, MO","29047","2024","2024","2000 - 2499 grams","05",138
,"Clay County, MO","29047","2024","2024","2500 - 2999 grams","06",513
,"Clay County, MO","29047","2024","2024","3000 - 3499 grams","07",1107
,"Clay County, MO","29047","2024","2024","3500 - 3999 grams","08",751
,"Clay County, MO","29047","2024","2024","4000 - 4499 grams","09",200
,"Clay County, MO","29047","2024","2024","4500 - 4999 grams","10",28
,"Franklin County, MO","29071","2016","2016","1000 - 1499 grams","03",11
,"Franklin County, MO","29071","2016","2016","1500 - 1999 grams","04",20
,"Franklin County, MO","29071","2016","2016","2000 - 2499 grams","05",58
,"Franklin County, MO","29071","2016","2016","2500 - 2999 grams","06",172
,"Franklin County, MO","29071","2016","2016","3000 - 3499 grams","07",411
,"Franklin County, MO","29071","2016","2016","3500 - 3999 grams","08",356
,"Franklin County, MO","29071","2016","2016","4000 - 4499 grams","09",83
,"Franklin County, MO","29071","2016","2016","4500 - 4999 grams","10",16
,"Franklin County, MO","29071","2017","2017","1500 - 1999 grams","04",12
,"Franklin County, MO","29071","2017","2017","2000 - 2499 grams","05",59
,"Franklin County, MO","29071","2017","2017","2500 - 2999 grams","06",179
,"Franklin County, MO","29071","2017","2017","3000 - 3499 grams","07",424
,"Franklin County, MO","29071","2017","2017","3500 - 3999 grams","08",347
,"Franklin County, MO","29071","2017","2017","4000 - 4499 grams","09",101
,"Franklin County, MO","29071","2018","2018","1500 - 1999 grams","04",17
,"Franklin County, MO","29071","2018","2018","2000 - 2499 grams","05",61
,"Franklin County, MO","29071","2018","2018","2500 - 2999 grams","06",146
,"Franklin County, MO","29071","2018","2018","3000 - 3499 grams","07",423
,"Franklin County, MO","29071","2018","2018","3500 - 3999 grams","08",319
,"Franklin County, MO","29071","2018","2018","4000 - 4499 grams","09",81
,"Franklin County, MO","29071","2018","2018","4500 - 4999 grams","10",11
,"Franklin County, MO","29071","2019","2019","1500 - 1999 grams","04",15
,"Franklin County, MO","29071","2019","2019","2000 - 2499 grams","05",64
,"Franklin County, MO","29071","2019","2019","2500 - 2999 grams","06",180
,"Franklin County, MO","29071","2019","2019","3000 - 3499 grams","07",419
,"Franklin County, MO","29071","2019","2019","3500 - 3999 grams","08",340
,"Franklin County, MO","29071","2019","2019","4000 - 4499 grams","09",85
,"Franklin County, MO","29071","2019","2019","4500 - 4999 grams","10",10
,"Franklin County, MO","29071","2020","2020","1500 - 1999 grams","04",13
,"Franklin County, MO","29071","2020","2020","2000 - 2499 grams","05",51
,"Franklin County, MO","29071","2020","2020","2500 - 2999 grams","06",164
,"Franklin County, MO","29071","2020","2020","3000 - 3499 grams","07",403
,"Franklin County, MO","29071","2020","2020","3500 - 3999 grams","08",277
,"Franklin County, MO","29071","2020","2020","4000 - 4499 grams","09",70
,"Franklin County, MO","29071","2021","2021","1500 - 1999 grams","04",12
,"Franklin County, MO","29071","2021","2021","2000 - 2499 grams","05",51
,"Franklin County, MO","29071","2021","2021","2500 - 2999 grams","06",174
,"Franklin County, MO","29071","2021","2021","3000 - 3499 grams","07",385
,"Franklin County, MO","29071","2021","2021","3500 - 3999 grams","08",295
,"Franklin County, MO","29071","2021","2021","4000 - 4499 grams","09",76
,"Franklin County, MO","29071","2021","2021","4500 - 4999 grams","10",13
,"Franklin County, MO","29071","2022","2022","1500 - 1999 grams","04",14
,"Franklin County, MO","29071","2022","2022","2000 - 2499 grams","05",54
,"Franklin County, MO","29071","2022","2022","2500 - 2999 grams","06",161
,"Franklin County, MO","29071","2022","2022","3000 - 3499 grams","07",357
,"Franklin County, MO","29071","2022","2022","3500 - 3999 grams","08",332
,"Franklin County, MO","29071","2022","2022","4000 - 4499 grams","09",82
,"Franklin County, MO","29071","2022","2022","4500 - 4999 grams","10",14
,"Franklin County, MO","29071","2023","2023","1000 - 1499 grams","03",11
,"Franklin County, MO","29071","2023","2023","1500 - 1999 grams","04",14
,"Franklin County, MO","29071","2023","2023","2000 - 2499 grams","05",72
,"Franklin County, MO","29071","2023","2023","2500 - 2999 grams","06",154
,"Franklin County, MO","29071","2023","2023","3000 - 3499 grams","07",380
,"Franklin County, MO","29071","2023","2023","3500 - 3999 grams","08",310
,"Franklin County, MO","29071","2023","2023","4000 - 4499 grams","09",84
,"Franklin County, MO","29071","2023","2023","4500 - 4999 grams","10",13
,"Franklin County, MO","29071","2024","2024","1500 - 1999 grams","04",14
,"Franklin County, MO","29071","2024","2024","2000 - 2499 grams","05",60
,"Franklin County, MO","29071","2024","2024","2500 - 2999 grams","06",200
,"Franklin County, MO","29071","2024","2024","3000 - 3499 grams","07",413
,"Franklin County, MO","29071","2024","2024","3500 - 3999 grams","08",289
,"Franklin County, MO","29071","2024","2024","4000 - 4499 grams","09",110
,"Franklin County, MO","29071","2024","2024","4500 - 4999 grams","10",10
,"Greene County, MO","29077","2016","2016","1000 - 1499 grams","03",18
,"Greene County, MO","29077","2016","2016","1500 - 1999 grams","04",42
,"Greene County, MO","29077","2016","2016","2000 - 2499 grams","05",127
,"Greene County, MO","29077","2016","2016","2500 - 2999 grams","06",377
,"Greene County, MO","29077","2016","2016","3000 - 3499 grams","07",1031
,"Greene County, MO","29077","2016","2016","3500 - 3999 grams","08",800
,"Greene County, MO","29077","2016","2016","4000 - 4499 grams","09",253
,"Greene County, MO","29077","2016","2016","4500 - 4999 grams","10",34
,"Greene County, MO","29077","2017","2017","500 - 999 grams","02",13
,"Greene County, MO","29077","2017","2017","1000 - 1499 grams","03",15
,"Greene County, MO","29077","2017","2017","1500 - 1999 grams","04",35
,"Greene County, MO","29077","2017","2017","2000 - 2499 grams","05",117
,"Greene County, MO","29077","2017","2017","2500 - 2999 grams","06",463
,"Greene County, MO","29077","2017","2017","3000 - 3499 grams","07",1050
,"Greene County, MO","29077","2017","2017","3500 - 3999 grams","08",879
,"Greene County, MO","29077","2017","2017","4000 - 4499 grams","09",229
,"Greene County, MO","29077","2017","2017","4500 - 4999 grams","10",33
,"Greene County, MO","29077","2018","2018","1000 - 1499 grams","03",17
,"Greene County, MO","29077","2018","2018","1500 - 1999 grams","04",60
,"Greene County, MO","29077","2018","2018","2000 - 2499 grams","05",122
,"Greene County, MO","29077","2018","2018","2500 - 2999 grams","06",499
,"Greene County, MO","29077","2018","2018","3000 - 3499 grams","07",1112
,"Greene County, MO","29077","2018","2018","3500 - 3999 grams","08",973
,"Greene County, MO","29077","2018","2018","4000 - 4499 grams","09",264
,"Greene County, MO","29077","2018","2018","4500 - 4999 grams","10",41
,"Greene County, MO","29077","2019","2019","500 - 999 grams","02",22
,"Greene County, MO","29077","2019","2019","1000 - 1499 grams","03",30
,"Greene County, MO","29077","2019","2019","1500 - 1999 grams","04",53
,"Greene County, MO","29077","2019","2019","2000 - 2499 grams","05",171
,"Greene County, MO","29077","2019","2019","2500 - 2999 grams","06",478
,"Greene County, MO","29077","2019","2019","3000 - 3499 grams","07",1147
,"Greene County, MO","29077","2019","2019","3500 - 3999 grams","08",915
,"Greene County, MO","29077","2019","2019","4000 - 4499 grams","09",250
,"Greene County, MO","29077","2019","2019","4500 - 4999 grams","10",42
,"Greene County, MO","29077","2020","2020","500 - 999 grams","02",11
,"Greene County, MO","29077","2020","2020","1000 - 1499 grams","03",29
,"Greene County, MO","29077","2020","2020","1500 - 1999 grams","04",37
,"Greene County, MO","29077","2020","2020","2000 - 2499 grams","05",162
,"Greene County, MO","29077","2020","2020","2500 - 2999 grams","06",494
,"Greene County, MO","29077","2020","2020","3000 - 3499 grams","07",1140
,"Greene County, MO","29077","2020","2020","3500 - 3999 grams","08",850
,"Greene County, MO","29077","2020","2020","4000 - 4499 grams","09",253
,"Greene County, MO","29077","2020","2020","4500 - 4999 grams","10",28
,"Greene County, MO","29077","2021","2021","500 - 999 grams","02",12
,"Greene County, MO","29077","2021","2021","1000 - 1499 grams","03",23
,"Greene County, MO","29077","2021","2021","1500 - 1999 grams","04",40
,"Greene County, MO","29077","2021","2021","2000 - 2499 grams","05",139
,"Greene County, MO","29077","2021","2021","2500 - 2999 grams","06",514
,"Greene County, MO","29077","2021","2021","3000 - 3499 grams","07",1169
,"Greene County, MO","29077","2021","2021","3500 - 3999 grams","08",873
,"Greene County, MO","29077","2021","2021","4000 - 4499 grams","09",253
,"Greene County, MO","29077","2021","2021","4500 - 4999 grams","10",32
,"Greene County, MO","29077","2022","2022","500 - 999 grams","02",16
,"Greene County, MO","29077","2022","2022","1000 - 1499 grams","03",16
,"Greene County, MO","29077","2022","2022","1500 - 1999 grams","04",44
,"Greene County, MO","29077","2022","2022","2000 - 2499 grams","05",176
,"Greene County, MO","29077","2022","2022","2500 - 2999 grams","06",506
,"Greene County, MO","29077","2022","2022","3000 - 3499 grams","07",1083
,"Greene County, MO","29077","2022","2022","3500 - 3999 grams","08",847
,"Greene County, MO","29077","2022","2022","4000 - 4499 grams","09",218
,"Greene County, MO","29077","2022","2022","4500 - 4999 grams","10",25
,"Greene County, MO","29077","2023","2023","500 - 999 grams","02",11
,"Greene County, MO","29077","2023","2023","1000 - 1499 grams","03",16
,"Greene County, MO","29077","2023","2023","1500 - 1999 grams","04",55
,"Greene County, MO","29077","2023","2023","2000 - 2499 grams","05",166
,"Greene County, MO","29077","2023","2023","2500 - 2999 grams","06",502
,"Greene County, MO","29077","2023","2023","3000 - 3499 grams","07",1158
,"Greene County, MO","29077","2023","2023","3500 - 3999 grams","08",823
,"Greene County, MO","29077","2023","2023","4000 - 4499 grams","09",226
,"Greene County, MO","29077","2023","2023","4500 - 4999 grams","10",35
,"Greene County, MO","29077","2024","2024","500 - 999 grams","02",18
,"Greene County, MO","29077","2024","2024","1000 - 1499 grams","03",26
,"Greene County, MO","29077","2024","2024","1500 - 1999 grams","04",48
,"Greene County, MO","29077","2024","2024","2000 - 2499 grams","05",173
,"Greene County, MO","29077","2024","2024","2500 - 2999 grams","06",554
,"Greene County, MO","29077","2024","2024","3000 - 3499 grams","07",1193
,"Greene County, MO","29077","2024","2024","3500 - 3999 grams","08",918
,"Greene County, MO","29077","2024","2024","4000 - 4499 grams","09",236
,"Greene County, MO","29077","2024","2024","4500 - 4999 grams","10",29
,"Jackson County, MO","29095","2016","2016","499 grams or less","01",16
,"Jackson County, MO","29095","2016","2016","500 - 999 grams","02",28
,"Jackson County, MO","29095","2016","2016","1000 - 1499 grams","03",69
,"Jackson County, MO","29095","2016","2016","1500 - 1999 grams","04",140
,"Jackson County, MO","29095","2016","2016","2000 - 2499 grams","05",461
,"Jackson County, MO","29095","2016","2016","2500 - 2999 grams","06",1481
,"Jackson County, MO","29095","2016","2016","3000 - 3499 grams","07",3097
,"Jackson County, MO","29095","2016","2016","3500 - 3999 grams","08",2147
,"Jackson County, MO","29095","2016","2016","4000 - 4499 grams","09",540
,"Jackson County, MO","29095","2016","2016","4500 - 4999 grams","10",82
,"Jackson County, MO","29095","2017","2017","499 grams or less","01",21
,"Jackson County, MO","29095","2017","2017","500 - 999 grams","02",31
,"Jackson County, MO","29095","2017","2017","1000 - 1499 grams","03",74
,"Jackson County, MO","29095","2017","2017","1500 - 1999 grams","04",164
,"Jackson County, MO","29095","2017","2017","2000 - 2499 grams","05",448
,"Jackson County, MO","29095","2017","2017","2500 - 2999 grams","06",1506
,"Jackson County, MO","29095","2017","2017","3000 - 3499 grams","07",3121
,"Jackson County, MO","29095","2017","2017","3500 - 3999 grams","08",2127
,"Jackson County, MO","29095","2017","2017","4000 - 4499 grams","09",556
,"Jackson County, MO","29095","2017","2017","4500 - 4999 grams","10",73
,"Jackson County, MO","29095","2017","2017","5000 - 8165 grams","11",16
,"Jackson County, MO","29095","2018","2018","499 grams or less","01",14
,"Jackson County, MO","29095","2018","2018","500 - 999 grams","02",21
,"Jackson County, MO","29095","2018","2018","1000 - 1499 grams","03",55
,"Jackson County, MO","29095","2018","2018","1500 - 1999 grams","04",174
,"Jackson County, MO","29095","2018","2018","2000 - 2499 grams","05",472
,"Jackson County, MO","29095","2018","2018","2500 - 2999 grams","06",1643
,"Jackson County, MO","29095","2018","2018","3000 - 3499 grams","07",3056
,"Jackson County, MO","29095","2018","2018","3500 - 3999 grams","08",2109
,"Jackson County, MO","29095","2018","2018","4000 - 4499 grams","09",538
,"Jackson County, MO","29095","2018","2018","4500 - 4999 grams","10",65
,"Jackson County, MO","29095","2019","2019","499 grams or less","01",12
,"Jackson County, MO","29095","2019","2019","500 - 999 grams","02",43
,"Jackson County, MO","29095","2019","2019","1000 - 1499 grams","03",57
,"Jackson County, MO","29095","2019","2019","1500 - 1999 grams","04",157
,"Jackson County, MO","29095","2019","2019","2000 - 2499 grams","05",494
,"Jackson County, MO","29095","2019","2019","2500 - 2999 grams","06",1615
,"Jackson County, MO","29095","2019","2019","3000 - 3499 grams","07",3126
,"Jackson County, MO","29095","2019","2019","3500 - 3999 grams","08",2021
,"Jackson County, MO","29095","2019","2019","4000 - 4499 grams","09",498
,"Jackson County, MO","29095","2019","2019","4500 - 4999 grams","10",57
,"Jackson County, MO","29095","2020","2020","500 - 999 grams","02",46
,"Jackson County, MO","29095","2020","2020","1000 - 1499 grams","03",68
,"Jackson County, MO","29095","2020","2020","1500 - 1999 grams","04",122
,"Jackson County, MO","29095","2020","2020","2000 - 2499 grams","05",460
,"Jackson County, MO","29095","2020","2020","2500 - 2999 grams","06",1637
,"Jackson County, MO","29095","2020","2020","3000 - 3499 grams","07",2973
,"Jackson County, MO","29095","2020","2020","3500 - 3999 grams","08",1979
,"Jackson County, MO","29095","2020","2020","4000 - 4499 grams","09",512
,"Jackson County, MO","29095","2020","2020","4500 - 4999 grams","10",63
,"Jackson County, MO","29095","2021","2021","499 grams or less","01",11
,"Jackson County, MO","29095","2021","2021","500 - 999 grams","02",34
,"Jackson County, MO","29095","2021","2021","1000 - 1499 grams","03",54
,"Jackson County, MO","29095","2021","2021","1500 - 1999 grams","04",153
,"Jackson County, MO","29095","2021","2021","2000 - 2499 grams","05",508
,"Jackson County, MO","29095","2021","2021","2500 - 2999 grams","06",1474
,"Jackson County, MO","29095","2021","2021","3000 - 3499 grams","07",2820
,"Jackson County, MO","29095","2021","2021","3500 - 3999 grams","08",1869
,"Jackson County, MO","29095","2021","2021","4000 - 4499 grams","09",448
,"Jackson County, MO","29095","2021","2021","4500 - 4999 grams","10",62
,"Jackson County, MO","29095","2022","2022","499 grams or less","01",19
,"Jackson County, MO","29095","2022","2022","500 - 999 grams","02",50
,"Jackson County, MO","29095","2022","2022","1000 - 1499 grams","03",75
,"Jackson County, MO","29095","2022","2022","1500 - 1999 grams","04",162
,"Jackson County, MO","29095","2022","2022","2000 - 2499 grams","05",518
,"Jackson County, MO","29095","2022","2022","2500 - 2999 grams","06",1620
,"Jackson County, MO","29095","2022","2022","3000 - 3499 grams","07",3039
,"Jackson County, MO","29095","2022","2022","3500 - 3999 grams","08",1920
,"Jackson County, MO","29095","2022","2022","4000 - 4499 grams","09",470
,"Jackson County, MO","29095","2022","2022","4500 - 4999 grams","10",50
,"Jackson County, MO","29095","2023","2023","499 grams or less","01",13
,"Jackson County, MO","29095","2023","2023","500 - 999 grams","02",35
,"Jackson County, MO","29095","2023","2023","1000 - 1499 grams","03",57
,"Jackson County, MO","29095","2023","2023","1500 - 1999 grams","04",135
,"Jackson County, MO","29095","2023","2023","2000 - 2499 grams","05",476
,"Jackson County, MO","29095","2023","2023","2500 - 2999 grams","06",1676
,"Jackson County, MO","29095","2023","2023","3000 - 3499 grams","07",3146
,"Jackson County, MO","29095","2023","2023","3500 - 3999 grams","08",1920
,"Jackson County, MO","29095","2023","2023","4000 - 4499 grams","09",490
,"Jackson County, MO","29095","2023","2023","4500 - 4999 grams","10",68
,"Jackson County, MO","29095","2024","2024","499 grams or less","01",15
,"Jackson County, MO","29095","2024","2024","500 - 999 grams","02",40
,"Jackson County, MO","29095","2024","2024","1000 - 1499 grams","03",54
,"Jackson County, MO","29095","2024","2024","1500 - 1999 grams","04",158
,"Jackson County, MO","29095","2024","2024","2000 - 2499 grams","05",524
,"Jackson County, MO","29095","2024","2024","2500 - 2999 grams","06",1648
,"Jackson County, MO","29095","2024","2024","3000 - 3499 grams","07",3237
,"Jackson County, MO","29095","2024","2024","3500 - 3999 grams","08",1945
,"Jackson County, MO","29095","2024","2024","4000 - 4499 grams","09",503
,"Jackson County, MO","29095","2024","2024","4500 - 4999 grams","10",63
,"Jasper County, MO","29097","2016","2016","1500 - 1999 grams","04",27
,"Jasper County, MO","29097","2016","2016","2000 - 2499 grams","05",61
,"Jasper County, MO","29097","2016","2016","2500 - 2999 grams","06",274
,"Jasper County, MO","29097","2016","2016","3000 - 3499 grams","07",627
,"Jasper County, MO","29097","2016","2016","3500 - 3999 grams","08",438
,"Jasper County, MO","29097","2016","2016","4000 - 4499 grams","09",137
,"Jasper County, MO","29097","2016","2016","4500 - 4999 grams","10",14
,"Jasper County, MO","29097","2017","2017","1000 - 1499 grams","03",12
,"Jasper County, MO","29097","2017","2017","1500 - 1999 grams","04",16
,"Jasper County, MO","29097","2017","2017","2000 - 2499 grams","05",64
,"Jasper County, MO","29097","2017","2017","2500 - 2999 grams","06",262
,"Jasper County, MO","29097","2017","2017","3000 - 3499 grams","07",584
,"Jasper County, MO","29097","2017","2017","3500 - 3999 grams","08",439
,"Jasper County, MO","29097","2017","2017","4000 - 4499 grams","09",127
,"Jasper County, MO","29097","2017","2017","4500 - 4999 grams","10",20
,"Jasper County, MO","29097","2018","2018","1000 - 1499 grams","03",11
,"Jasper County, MO","29097","2018","2018","1500 - 1999 grams","04",18
,"Jasper County, MO","29097","2018","2018","2000 - 2499 grams","05",68
,"Jasper County, MO","29097","2018","2018","2500 - 2999 grams","06",288
,"Jasper County, MO","29097","2018","2018","3000 - 3499 grams","07",563
,"Jasper County, MO","29097","2018","2018","3500 - 3999 grams","08",427
,"Jasper County, MO","29097","2018","2018","4000 - 4499 grams","09",89
,"Jasper County, MO","29097","2018","2018","4500 - 4999 grams","10",20
,"Jasper County, MO","29097","2019","2019","1500 - 1999 grams","04",26
,"Jasper County, MO","29097","2019","2019","2000 - 2499 grams","05",70
,"Jasper County, MO","29097","2019","2019","2500 - 2999 grams","06",271
,"Jasper County, MO","29097","2019","2019","3000 - 3499 grams","07",579
,"Jasper County, MO","29097","2019","2019","3500 - 3999 grams","08",386
,"Jasper County, MO","29097","2019","2019","4000 - 4499 grams","09",109
,"Jasper County, MO","29097","2019","2019","4500 - 4999 grams","10",16
,"Jasper County, MO","29097","2020","2020","1500 - 1999 grams","04",21
,"Jasper County, MO","29097","2020","2020","2000 - 2499 grams","05",66
,"Jasper County, MO","29097","2020","2020","2500 - 2999 grams","06",234
,"Jasper County, MO","29097","2020","2020","3000 - 3499 grams","07",574
,"Jasper County, MO","29097","2020","2020","3500 - 3999 grams","08",425
,"Jasper County, MO","29097","2020","2020","4000 - 4499 grams","09",78
,"Jasper County, MO","29097","2020","2020","4500 - 4999 grams","10",16
,"Jasper County, MO","29097","2021","2021","500 - 999 grams","02",12
,"Jasper County, MO","29097","2021","2021","1000 - 1499 grams","03",16
,"Jasper County, MO","29097","2021","2021","1500 - 1999 grams","04",31
,"Jasper County, MO","29097","2021","2021","2000 - 2499 grams","05",87
,"Jasper County, MO","29097","2021","2021","2500 - 2999 grams","06",264
,"Jasper County, MO","29097","2021","2021","3000 - 3499 grams","07",566
,"Jasper County, MO","29097","2021","2021","3500 - 3999 grams","08",396
,"Jasper County, MO","29097","2021","2021","4000 - 4499 grams","09",93
,"Jasper County, MO","29097","2022","2022","1000 - 1499 grams","03",11
,"Jasper County, MO","29097","2022","2022","1500 - 1999 grams","04",28
,"Jasper County, MO","29097","2022","2022","2000 - 2499 grams","05",74
,"Jasper County, MO","29097","2022","2022","2500 - 2999 grams","06",284
,"Jasper County, MO","29097","2022","2022","3000 - 3499 grams","07",588
,"Jasper County, MO","29097","2022","2022","3500 - 3999 grams","08",403
,"Jasper County, MO","29097","2022","2022","4000 - 4499 grams","09",94
,"Jasper County, MO","29097","2022","2022","4500 - 4999 grams","10",11
,"Jasper County, MO","29097","2023","2023","1000 - 1499 grams","03",12
,"Jasper County, MO","29097","2023","2023","1500 - 1999 grams","04",22
,"Jasper County, MO","29097","2023","2023","2000 - 2499 grams","05",66
,"Jasper County, MO","29097","2023","2023","2500 - 2999 grams","06",272
,"Jasper County, MO","29097","2023","2023","3000 - 3499 grams","07",567
,"Jasper County, MO","29097","2023","2023","3500 - 3999 grams","08",353
,"Jasper County, MO","29097","2023","2023","4000 - 4499 grams","09",79
,"Jasper County, MO","29097","2024","2024","1500 - 1999 grams","04",27
,"Jasper County, MO","29097","2024","2024","2000 - 2499 grams","05",63
,"Jasper County, MO","29097","2024","2024","2500 - 2999 grams","06",287
,"Jasper County, MO","29097","2024","2024","3000 - 3499 grams","07",594
,"Jasper County, MO","29097","2024","2024","3500 - 3999 grams","08",340
,"Jasper County, MO","29097","2024","2024","4000 - 4499 grams","09",70
,"Jasper County, MO","29097","2024","2024","4500 - 4999 grams","10",11
,"Jefferson County, MO","29099","2016","2016","1000 - 1499 grams","03",23
,"Jefferson County, MO","29099","2016","2016","1500 - 1999 grams","04",28
,"Jefferson County, MO","29099","2016","2016","2000 - 2499 grams","05",85
,"Jefferson County, MO","29099","2016","2016","2500 - 2999 grams","06",349
,"Jefferson County, MO","29099","2016","2016","3000 - 3499 grams","07",867
,"Jefferson County, MO","29099","2016","2016","3500 - 3999 grams","08",705
,"Jefferson County, MO","29099","2016","2016","4000 - 4499 grams","09",200
,"Jefferson County, MO","29099","2016","2016","4500 - 4999 grams","10",25
,"Jefferson County, MO","29099","2017","2017","1000 - 1499 grams","03",13
,"Jefferson County, MO","29099","2017","2017","1500 - 1999 grams","04",28
,"Jefferson County, MO","29099","2017","2017","2000 - 2499 grams","05",89
,"Jefferson County, MO","29099","2017","2017","2500 - 2999 grams","06",349
,"Jefferson County, MO","29099","2017","2017","3000 - 3499 grams","07",758
,"Jefferson County, MO","29099","2017","2017","3500 - 3999 grams","08",620
,"Jefferson County, MO","29099","2017","2017","4000 - 4499 grams","09",169
,"Jefferson County, MO","29099","2017","2017","4500 - 4999 grams","10",28
,"Jefferson County, MO","29099","2018","2018","500 - 999 grams","02",10
,"Jefferson County, MO","29099","2018","2018","1000 - 1499 grams","03",17
,"Jefferson County, MO","29099","2018","2018","1500 - 1999 grams","04",29
,"Jefferson County, MO","29099","2018","2018","2000 - 2499 grams","05",114
,"Jefferson County, MO","29099","2018","2018","2500 - 2999 grams","06",336
,"Jefferson County, MO","29099","2018","2018","3000 - 3499 grams","07",820
,"Jefferson County, MO","29099","2018","2018","3500 - 3999 grams","08",596
,"Jefferson County, MO","29099","2018","2018","4000 - 4499 grams","09",169
,"Jefferson County, MO","29099","2018","2018","4500 - 4999 grams","10",21
,"Jefferson County, MO","29099","2019","2019","1000 - 1499 grams","03",18
,"Jefferson County, MO","29099","2019","2019","1500 - 1999 grams","04",44
,"Jefferson County, MO","29099","2019","2019","2000 - 2499 grams","05",105
,"Jefferson County, MO","29099","2019","2019","2500 - 2999 grams","06",389
,"Jefferson County, MO","29099","2019","2019","3000 - 3499 grams","07",807
,"Jefferson County, MO","29099","2019","2019","3500 - 3999 grams","08",629
,"Jefferson County, MO","29099","2019","2019","4000 - 4499 grams","09",128
,"Jefferson County, MO","29099","2019","2019","4500 - 4999 grams","10",14
,"Jefferson County, MO","29099","2020","2020","1000 - 1499 grams","03",11
,"Jefferson County, MO","29099","2020","2020","1500 - 1999 grams","04",36
,"Jefferson County, MO","29099","2020","2020","2000 - 2499 grams","05",107
,"Jefferson County, MO","29099","2020","2020","2500 - 2999 grams","06",388
,"Jefferson County, MO","29099","2020","2020","3000 - 3499 grams","07",857
,"Jefferson County, MO","29099","2020","2020","3500 - 3999 grams","08",553
,"Jefferson County, MO","29099","2020","2020","4000 - 4499 grams","09",131
,"Jefferson County, MO","29099","2020","2020","4500 - 4999 grams","10",16
,"Jefferson County, MO","29099","2021","2021","1500 - 1999 grams","04",26
,"Jefferson County, MO","29099","2021","2021","2000 - 2499 grams","05",115
,"Jefferson County, MO","29099","2021","2021","2500 - 2999 grams","06",352
,"Jefferson County, MO","29099","2021","2021","3000 - 3499 grams","07",833
,"Jefferson County, MO","29099","2021","2021","3500 - 3999 grams","08",559
,"Jefferson County, MO","29099","2021","2021","4000 - 4499 grams","09",148
,"Jefferson County, MO","29099","2021","2021","4500 - 4999 grams","10",25
,"Jefferson County, MO","29099","2022","2022","1000 - 1499 grams","03",14
,"Jefferson County, MO","29099","2022","2022","1500 - 1999 grams","04",28
,"Jefferson County, MO","29099","2022","2022","2000 - 2499 grams","05",100
,"Jefferson County, MO","29099","2022","2022","2500 - 2999 grams","06",353
,"Jefferson County, MO","29099","2022","2022","3000 - 3499 grams","07",790
,"Jefferson County, MO","29099","2022","2022","3500 - 3999 grams","08",550
,"Jefferson County, MO","29099","2022","2022","4000 - 4499 grams","09",161
,"Jefferson County, MO","29099","2022","2022","4500 - 4999 grams","10",26
,"Jefferson County, MO","29099","2023","2023","1000 - 1499 grams","03",21
,"Jefferson County, MO","29099","2023","2023","1500 - 1999 grams","04",33
,"Jefferson County, MO","29099","2023","2023","2000 - 2499 grams","05",124
,"Jefferson County, MO","29099","2023","2023","2500 - 2999 grams","06",357
,"Jefferson County, MO","29099","2023","2023","3000 - 3499 grams","07",845
,"Jefferson County, MO","29099","2023","2023","3500 - 3999 grams","08",581
,"Jefferson County, MO","29099","2023","2023","4000 - 4499 grams","09",164
,"Jefferson County, MO","29099","2023","2023","4500 - 4999 grams","10",18
,"Jefferson County, MO","29099","2024","2024","1000 - 1499 grams","03",13
,"Jefferson County, MO","29099","2024","2024","1500 - 1999 grams","04",42
,"Jefferson County, MO","29099","2024","2024","2000 - 2499 grams","05",124
,"Jefferson County, MO","29099","2024","2024","2500 - 2999 grams","06",405
,"Jefferson County, MO","29099","2024","2024","3000 - 3499 grams","07",849
,"Jefferson County, MO","29099","2024","2024","3500 - 3999 grams","08",575
,"Jefferson County, MO","29099","2024","2024","4000 - 4499 grams","09",143
,"Jefferson County, MO","29099","2024","2024","4500 - 4999 grams","10",19
,"St. Charles County, MO","29183","2016","2016","1000 - 1499 grams","03",23
,"St. Charles County, MO","29183","2016","2016","1500 - 1999 grams","04",55
,"St. Charles County, MO","29183","2016","2016","2000 - 2499 grams","05",198
,"St. Charles County, MO","29183","2016","2016","2500 - 2999 grams","06",608
,"St. Charles County, MO","29183","2016","2016","3000 - 3499 grams","07",1459
,"St. Charles County, MO","29183","2016","2016","3500 - 3999 grams","08",1222
,"St. Charles County, MO","29183","2016","2016","4000 - 4499 grams","09",360
,"St. Charles County, MO","29183","2016","2016","4500 - 4999 grams","10",46
,"St. Charles County, MO","29183","2017","2017","500 - 999 grams","02",11
,"St. Charles County, MO","29183","2017","2017","1000 - 1499 grams","03",26
,"St. Charles County, MO","29183","2017","2017","1500 - 1999 grams","04",52
,"St. Charles County, MO","29183","2017","2017","2000 - 2499 grams","05",168
,"St. Charles County, MO","29183","2017","2017","2500 - 2999 grams","06",595
,"St. Charles County, MO","29183","2017","2017","3000 - 3499 grams","07",1510
,"St. Charles County, MO","29183","2017","2017","3500 - 3999 grams","08",1167
,"St. Charles County, MO","29183","2017","2017","4000 - 4499 grams","09",332
,"St. Charles County, MO","29183","2017","2017","4500 - 4999 grams","10",51
,"St. Charles County, MO","29183","2018","2018","1000 - 1499 grams","03",16
,"St. Charles County, MO","29183","2018","2018","1500 - 1999 grams","04",57
,"St. Charles County, MO","29183","2018","2018","2000 - 2499 grams","05",166
,"St. Charles County, MO","29183","2018","2018","2500 - 2999 grams","06",611
,"St. Charles County, MO","29183","2018","2018","3000 - 3499 grams","07",1507
,"St. Charles County, MO","29183","2018","2018","3500 - 3999 grams","08",1136
,"St. Charles County, MO","29183","2018","2018","4000 - 4499 grams","09",311
,"St. Charles County, MO","29183","2018","2018","4500 - 4999 grams","10",52
,"St. Charles County, MO","29183","2019","2019","1000 - 1499 grams","03",29
,"St. Charles County, MO","29183","2019","2019","1500 - 1999 grams","04",63
,"St. Charles County, MO","29183","2019","2019","2000 - 2499 grams","05",190
,"St. Charles County, MO","29183","2019","2019","2500 - 2999 grams","06",648
,"St. Charles County, MO","29183","2019","2019","3000 - 3499 grams","07",1556
,"St. Charles County, MO","29183","2019","2019","3500 - 3999 grams","08",1104
,"St. Charles County, MO","29183","2019","2019","4000 - 4499 grams","09",317
,"St. Charles County, MO","29183","2019","2019","4500 - 4999 grams","10",39
,"St. Charles County, MO","29183","2020","2020","1000 - 1499 grams","03",19
,"St. Charles County, MO","29183","2020","2020","1500 - 1999 grams","04",46
,"St. Charles County, MO","29183","2020","2020","2000 - 2499 grams","05",183
,"St. Charles County, MO","29183","2020","2020","2500 - 2999 grams","06",645
,"St. Charles County, MO","29183","2020","2020","3000 - 3499 grams","07",1387
,"St. Charles County, MO","29183","2020","2020","3500 - 3999 grams","08",1058
,"St. Charles County, MO","29183","2020","2020","4000 - 4499 grams","09",280
,"St. Charles County, MO","29183","2020","2020","4500 - 4999 grams","10",38
,"St. Charles County, MO","29183","2021","2021","1000 - 1499 grams","03",27
,"St. Charles County, MO","29183","2021","2021","1500 - 1999 grams","04",40
,"St. Charles County, MO","29183","2021","2021","2000 - 2499 grams","05",157
,"St. Charles County, MO","29183","2021","2021","2500 - 2999 grams","06",565
,"St. Charles County, MO","29183","2021","2021","3000 - 3499 grams","07",1373
,"St. Charles County, MO","29183","2021","2021","3500 - 3999 grams","08",1068
,"St. Charles County, MO","29183","2021","2021","4000 - 4499 grams","09",273
,"St. Charles County, MO","29183","2021","2021","4500 - 4999 grams","10",38
,"St. Charles County, MO","29183","2022","2022","1000 - 1499 grams","03",33
,"St. Charles County, MO","29183","2022","2022","1500 - 1999 grams","04",63
,"St. Charles County, MO","29183","2022","2022","2000 - 2499 grams","05",180
,"St. Charles County, MO","29183","2022","2022","2500 - 2999 grams","06",608
,"St. Charles County, MO","29183","2022","2022","3000 - 3499 grams","07",1472
,"St. Charles County, MO","29183","2022","2022","3500 - 3999 grams","08",1017
,"St. Charles County, MO","29183","2022","2022","4000 - 4499 grams","09",274
,"St. Charles County, MO","29183","2022","2022","4500 - 4999 grams","10",29
,"St. Charles County, MO","29183","2023","2023","500 - 999 grams","02",12
,"St. Charles County, MO","29183","2023","2023","1000 - 1499 grams","03",15
,"St. Charles County, MO","29183","2023","2023","1500 - 1999 grams","04",53
,"St. Charles County, MO","29183","2023","2023","2000 - 2499 grams","05",153
,"St. Charles County, MO","29183","2023","2023","2500 - 2999 grams","06",638
,"St. Charles County, MO","29183","2023","2023","3000 - 3499 grams","07",1347
,"St. Charles County, MO","29183","2023","2023","3500 - 3999 grams","08",1061
,"St. Charles County, MO","29183","2023","2023","4000 - 4499 grams","09",272
,"St. Charles County, MO","29183","2023","2023","4500 - 4999 grams","10",25
,"St. Charles County, MO","29183","2024","2024","500 - 999 grams","02",16
,"St. Charles County, MO","29183","2024","2024","1000 - 1499 grams","03",23
,"St. Charles County, MO","29183","2024","2024","1500 - 1999 grams","04",56
,"St. Charles County, MO","29183","2024","2024","2000 - 2499 grams","05",179
,"St. Charles County, MO","29183","2024","2024","2500 - 2999 grams","06",648
,"St. Charles County, MO","29183","2024","2024","3000 - 3499 grams","07",1447
,"St. Charles County, MO","29183","2024","2024","3500 - 3999 grams","08",1066
,"St. Charles County, MO","29183","2024","2024","4000 - 4499 grams","09",260
,"St. Charles County, MO","29183","2024","2024","4500 - 4999 grams","10",32
,"St. Louis County, MO","29189","2016","2016","499 grams or less","01",15
,"St. Louis County, MO","29189","2016","2016","500 - 999 grams","02",69
,"St. Louis County, MO","29189","2016","2016","1000 - 1499 grams","03",67
,"St. Louis County, MO","29189","2016","2016","1500 - 1999 grams","04",142
,"St. Louis County, MO","29189","2016","2016","2000 - 2499 grams","05",525
,"St. Louis County, MO","29189","2016","2016","2500 - 2999 grams","06",1701
,"St. Louis County, MO","29189","2016","2016","3000 - 3499 grams","07",3753
,"St. Louis County, MO","29189","2016","2016","3500 - 3999 grams","08",2613
,"St. Louis County, MO","29189","2016","2016","4000 - 4499 grams","09",673
,"St. Louis County, MO","29189","2016","2016","4500 - 4999 grams","10",93
,"St. Louis County, MO","29189","2016","2016","Unknown or Not Stated","12",10
,"St. Louis County, MO","29189","2017","2017","500 - 999 grams","02",53
,"St. Louis County, MO","29189","2017","2017","1000 - 1499 grams","03",70
,"St. Louis County, MO","29189","2017","2017","1500 - 1999 grams","04",149
,"St. Louis County, MO","29189","2017","2017","2000 - 2499 grams","05",528
,"St. Louis County, MO","29189","2017","2017","2500 - 2999 grams","06",1693
,"St. Louis County, MO","29189","2017","2017","3000 - 3499 grams","07",3457
,"St. Louis County, MO","29189","2017","2017","3500 - 3999 grams","08",2302
,"St. Louis County, MO","29189","2017","2017","4000 - 4499 grams","09",613
,"St. Louis County, MO","29189","2017","2017","4500 - 4999 grams","10",92
,"St. Louis County, MO","29189","2018","2018","499 grams or less","01",17
,"St. Louis County, MO","29189","2018","2018","500 - 999 grams","02",50
,"St. Louis County, MO","29189","2018","2018","1000 - 1499 grams","03",72
,"St. Louis County, MO","29189","2018","2018","1500 - 1999 grams","04",182
,"St. Louis County, MO","29189","2018","2018","2000 - 2499 grams","05",550
,"St. Louis County, MO","29189","2018","2018","2500 - 2999 grams","06",1727
,"St. Louis County, MO","29189","2018","2018","3000 - 3499 grams","07",3515
,"St. Louis County, MO","29189","2018","2018","3500 - 3999 grams","08",2377
,"St. Louis County, MO","29189","2018","2018","4000 - 4499 grams","09",615
,"St. Louis County, MO","29189","2018","2018","4500 - 4999 grams","10",102
,"St. Louis County, MO","29189","2018","2018","Unknown or Not Stated","12",10
,"St. Louis County, MO","29189","2019","2019","499 grams or less","01",14
,"St. Louis County, MO","29189","2019","2019","500 - 999 grams","02",54
,"St. Louis County, MO","29189","2019","2019","1000 - 1499 grams","03",67
,"St. Louis County, MO","29189","2019","2019","1500 - 1999 grams","04",176
,"St. Louis County, MO","29189","2019","2019","2000 - 2499 grams","05",584
,"St. Louis County, MO","29189","2019","2019","2500 - 2999 grams","06",1959
,"St. Louis County, MO","29189","2019","2019","3000 - 3499 grams","07",3694
,"St. Louis County, MO","29189","2019","2019","3500 - 3999 grams","08",2459
,"St. Louis County, MO","29189","2019","2019","4000 - 4499 grams","09",581
,"St. Louis County, MO","29189","2019","2019","4500 - 4999 grams","10",65
,"St. Louis County, MO","29189","2020","2020","500 - 999 grams","02",39
,"St. Louis County, MO","29189","2020","2020","1000 - 1499 grams","03",63
,"St. Louis County, MO","29189","2020","2020","1500 - 1999 grams","04",179
,"St. Louis County, MO","29189","2020","2020","2000 - 2499 grams","05",543
,"St. Louis County, MO","29189","2020","2020","2500 - 2999 grams","06",1774
,"St. Louis County, MO","29189","2020","2020","3000 - 3499 grams","07",3476
,"St. Louis County, MO","29189","2020","2020","3500 - 3999 grams","08",2105
,"St. Louis County, MO","29189","2020","2020","4000 - 4499 grams","09",521
,"St. Louis County, MO","29189","2020","2020","4500 - 4999 grams","10",59
,"St. Louis County, MO","29189","2021","2021","500 - 999 grams","02",43
,"St. Louis County, MO","29189","2021","2021","1000 - 1499 grams","03",60
,"St. Louis County, MO","29189","2021","2021","1500 - 1999 grams","04",152
,"St. Louis County, MO","29189","2021","2021","2000 - 2499 grams","05",494
,"St. Louis County, MO","29189","2021","2021","2500 - 2999 grams","06",1722
,"St. Louis County, MO","29189","2021","2021","3000 - 3499 grams","07",3156
,"St. Louis County, MO","29189","2021","2021","3500 - 3999 grams","08",2137
,"St. Louis County, MO","29189","2021","2021","4000 - 4499 grams","09",495
,"St. Louis County, MO","29189","2021","2021","4500 - 4999 grams","10",49
,"St. Louis County, MO","29189","2022","2022","499 grams or less","01",13
,"St. Louis County, MO","29189","2022","2022","500 - 999 grams","02",46
,"St. Louis County, MO","29189","2022","2022","1000 - 1499 grams","03",69
,"St. Louis County, MO","29189","2022","2022","1500 - 1999 grams","04",180
,"St. Louis County, MO","29189","2022","2022","2000 - 2499 grams","05",537
,"St. Louis County, MO","29189","2022","2022","2500 - 2999 grams","06",1927
,"St. Louis County, MO","29189","2022","2022","3000 - 3499 grams","07",3296
,"St. Louis County, MO","29189","2022","2022","3500 - 3999 grams","08",2158
,"St. Louis County, MO","29189","2022","2022","4000 - 4499 grams","09",497
,"St. Louis County, MO","29189","2022","2022","4500 - 4999 grams","10",50
,"St. Louis County, MO","29189","2023","2023","499 grams or less","01",10
,"St. Louis County, MO","29189","2023","2023","500 - 999 grams","02",58
,"St. Louis County, MO","29189","2023","2023","1000 - 1499 grams","03",72
,"St. Louis County, MO","29189","2023","2023","1500 - 1999 grams","04",175
,"St. Louis County, MO","29189","2023","2023","2000 - 2499 grams","05",552
,"St. Louis County, MO","29189","2023","2023","2500 - 2999 grams","06",1789
,"St. Louis County, MO","29189","2023","2023","3000 - 3499 grams","07",3276
,"St. Louis County, MO","29189","2023","2023","3500 - 3999 grams","08",2047
,"St. Louis County, MO","29189","2023","2023","4000 - 4499 grams","09",466
,"St. Louis County, MO","29189","2023","2023","4500 - 4999 grams","10",53
,"St. Louis County, MO","29189","2024","2024","499 grams or less","01",11
,"St. Louis County, MO","29189","2024","2024","500 - 999 grams","02",45
,"St. Louis County, MO","29189","2024","2024","1000 - 1499 grams","03",87
,"St. Louis County, MO","29189","2024","2024","1500 - 1999 grams","04",183
,"St. Louis County, MO","29189","2024","2024","2000 - 2499 grams","05",535
,"St. Louis County, MO","29189","2024","2024","2500 - 2999 grams","06",1898
,"St. Louis County, MO","29189","2024","2024","3000 - 3499 grams","07",3378
,"St. Louis County, MO","29189","2024","2024","3500 - 3999 grams","08",2125
,"St. Louis County, MO","29189","2024","2024","4000 - 4499 grams","09",512
,"St. Louis County, MO","29189","2024","2024","4500 - 4999 grams","10",71
,"St. Louis city, MO","29510","2016","2016","500 - 999 grams","02",27
,"St. Louis city, MO","29510","2016","2016","1000 - 1499 grams","03",40
,"St. Louis city, MO","29510","2016","2016","1500 - 1999 grams","04",82
,"St. Louis city, MO","29510","2016","2016","2000 - 2499 grams","05",290
,"St. Louis city, MO","29510","2016","2016","2500 - 2999 grams","06",775
,"St. Louis city, MO","29510","2016","2016","3000 - 3499 grams","07",1295
,"St. Louis city, MO","29510","2016","2016","3500 - 3999 grams","08",759
,"St. Louis city, MO","29510","2016","2016","4000 - 4499 grams","09",174
,"St. Louis city, MO","29510","2016","2016","4500 - 4999 grams","10",23
,"St. Louis city, MO","29510","2017","2017","500 - 999 grams","02",30
,"St. Louis city, MO","29510","2017","2017","1000 - 1499 grams","03",35
,"St. Louis city, MO","29510","2017","2017","1500 - 1999 grams","04",59
,"St. Louis city, MO","29510","2017","2017","2000 - 2499 grams","05",238
,"St. Louis city, MO","29510","2017","2017","2500 - 2999 grams","06",672
,"St. Louis city, MO","29510","2017","2017","3000 - 3499 grams","07",1159
,"St. Louis city, MO","29510","2017","2017","3500 - 3999 grams","08",687
,"St. Louis city, MO","29510","2017","2017","4000 - 4499 grams","09",147
,"St. Louis city, MO","29510","2017","2017","4500 - 4999 grams","10",22
,"St. Louis city, MO","29510","2018","2018","500 - 999 grams","02",27
,"St. Louis city, MO","29510","2018","2018","1000 - 1499 grams","03",34
,"St. Louis city, MO","29510","2018","2018","1500 - 1999 grams","04",70
,"St. Louis city, MO","29510","2018","2018","2000 - 2499 grams","05",246
,"St. Louis city, MO","29510","2018","2018","2500 - 2999 grams","06",683
,"St. Louis city, MO","29510","2018","2018","3000 - 3499 grams","07",1098
,"St. Louis city, MO","29510","2018","2018","3500 - 3999 grams","08",700
,"St. Louis city, MO","29510","2018","2018","4000 - 4499 grams","09",155
,"St. Louis city, MO","29510","2018","2018","4500 - 4999 grams","10",23
,"St. Louis city, MO","29510","2019","2019","500 - 999 grams","02",28
,"St. Louis city, MO","29510","2019","2019","1000 - 1499 grams","03",24
,"St. Louis city, MO","29510","2019","2019","1500 - 1999 grams","04",82
,"St. Louis city, MO","29510","2019","2019","2000 - 2499 grams","05",246
,"St. Louis city, MO","29510","2019","2019","2500 - 2999 grams","06",753
,"St. Louis city, MO","29510","2019","2019","3000 - 3499 grams","07",1229
,"St. Louis city, MO","29510","2019","2019","3500 - 3999 grams","08",697
,"St. Louis city, MO","29510","2019","2019","4000 - 4499 grams","09",173
,"St. Louis city, MO","29510","2019","2019","4500 - 4999 grams","10",18
,"St. Louis city, MO","29510","2020","2020","500 - 999 grams","02",19
,"St. Louis city, MO","29510","2020","2020","1000 - 1499 grams","03",23
,"St. Louis city, MO","29510","2020","2020","1500 - 1999 grams","04",57
,"St. Louis city, MO","29510","2020","2020","2000 - 2499 grams","05",240
,"St. Louis city, MO","29510","2020","2020","2500 - 2999 grams","06",698
,"St. Louis city, MO","29510","2020","2020","3000 - 3499 grams","07",1152
,"St. Louis city, MO","29510","2020","2020","3500 - 3999 grams","08",642
,"St. Louis city, MO","29510","2020","2020","4000 - 4499 grams","09",122
,"St. Louis city, MO","29510","2020","2020","4500 - 4999 grams","10",12
,"St. Louis city, MO","29510","2021","2021","500 - 999 grams","02",24
,"St. Louis city, MO","29510","2021","2021","1000 - 1499 grams","03",34
,"St. Louis city, MO","29510","2021","2021","1500 - 1999 grams","04",71
,"St. Louis city, MO","29510","2021","2021","2000 - 2499 grams","05",253
,"St. Louis city, MO","29510","2021","2021","2500 - 2999 grams","06",734
,"St. Louis city, MO","29510","2021","2021","3000 - 3499 grams","07",1102
,"St. Louis city, MO","29510","2021","2021","3500 - 3999 grams","08",658
,"St. Louis city, MO","29510","2021","2021","4000 - 4499 grams","09",129
,"St. Louis city, MO","29510","2021","2021","4500 - 4999 grams","10",17
,"St. Louis city, MO","29510","2022","2022","500 - 999 grams","02",20
,"St. Louis city, MO","29510","2022","2022","1000 - 1499 grams","03",28
,"St. Louis city, MO","29510","2022","2022","1500 - 1999 grams","04",78
,"St. Louis city, MO","29510","2022","2022","2000 - 2499 grams","05",196
,"St. Louis city, MO","29510","2022","2022","2500 - 2999 grams","06",721
,"St. Louis city, MO","29510","2022","2022","3000 - 3499 grams","07",1158
,"St. Louis city, MO","29510","2022","2022","3500 - 3999 grams","08",565
,"St. Louis city, MO","29510","2022","2022","4000 - 4499 grams","09",114
,"St. Louis city, MO","29510","2022","2022","4500 - 4999 grams","10",18
,"St. Louis city, MO","29510","2023","2023","500 - 999 grams","02",20
,"St. Louis city, MO","29510","2023","2023","1000 - 1499 grams","03",38
,"St. Louis city, MO","29510","2023","2023","1500 - 1999 grams","04",81
,"St. Louis city, MO","29510","2023","2023","2000 - 2499 grams","05",230
,"St. Louis city, MO","29510","2023","2023","2500 - 2999 grams","06",685
,"St. Louis city, MO","29510","2023","2023","3000 - 3499 grams","07",1062
,"St. Louis city, MO","29510","2023","2023","3500 - 3999 grams","08",614
,"St. Louis city, MO","29510","2023","2023","4000 - 4499 grams","09",142
,"St. Louis city, MO","29510","2023","2023","4500 - 4999 grams","10",16
,"St. Louis city, MO","29510","2024","2024","500 - 999 grams","02",16
,"St. Louis city, MO","29510","2024","2024","1000 - 1499 grams","03",22
,"St. Louis city, MO","29510","2024","2024","1500 - 1999 grams","04",63
,"St. Louis city, MO","29510","2024","2024","2000 - 2499 grams","05",230
,"St. Louis city, MO","29510","2024","2024","2500 - 2999 grams","06",675
,"St. Louis city, MO","29510","2024","2024","3000 - 3499 grams","07",1042
,"St. Louis city, MO","29510","2024","2024","3500 - 3999 grams","08",591
,"St. Louis city, MO","29510","2024","2024","4000 - 4499 grams","09",143
,"Unidentified Counties, MO","29999","2016","2016","499 grams or less","01",28
,"Unidentified Counties, MO","29999","2016","2016","500 - 999 grams","02",93
,"Unidentified Counties, MO","29999","2016","2016","1000 - 1499 grams","03",144
,"Unidentified Counties, MO","29999","2016","2016","1500 - 1999 grams","04",383
,"Unidentified Counties, MO","29999","2016","2016","2000 - 2499 grams","05",1386
,"Unidentified Counties, MO","29999","2016","2016","2500 - 2999 grams","06",4763
,"Unidentified Counties, MO","29999","2016","2016","3000 - 3499 grams","07",10326
,"Unidentified Counties, MO","29999","2016","2016","3500 - 3999 grams","08",7631
,"Unidentified Counties, MO","29999","2016","2016","4000 - 4499 grams","09",2047
,"Unidentified Counties, MO","29999","2016","2016","4500 - 4999 grams","10",293
,"Unidentified Counties, MO","29999","2016","2016","5000 - 8165 grams","11",44
,"Unidentified Counties, MO","29999","2016","2016","Unknown or Not Stated","12",15
,"Unidentified Counties, MO","29999","2017","2017","499 grams or less","01",20
,"Unidentified Counties, MO","29999","2017","2017","500 - 999 grams","02",101
,"Unidentified Counties, MO","29999","2017","2017","1000 - 1499 grams","03",173
,"Unidentified Counties, MO","29999","2017","2017","1500 - 1999 grams","04",399
,"Unidentified Counties, MO","29999","2017","2017","2000 - 2499 grams","05",1393
,"Unidentified Counties, MO","29999","2017","2017","2500 - 2999 grams","06",4717
,"Unidentified Counties, MO","29999","2017","2017","3000 - 3499 grams","07",10248
,"Unidentified Counties, MO","29999","2017","2017","3500 - 3999 grams","08",7519
,"Unidentified Counties, MO","29999","2017","2017","4000 - 4499 grams","09",2015
,"Unidentified Counties, MO","29999","2017","2017","4500 - 4999 grams","10",311
,"Unidentified Counties, MO","29999","2017","2017","5000 - 8165 grams","11",32
,"Unidentified Counties, MO","29999","2017","2017","Unknown or Not Stated","12",22
,"Unidentified Counties, MO","29999","2018","2018","499 grams or less","01",29
,"Unidentified Counties, MO","29999","2018","2018","500 - 999 grams","02",77
,"Unidentified Counties, MO","29999","2018","2018","1000 - 1499 grams","03",171
,"Unidentified Counties, MO","29999","2018","2018","1500 - 1999 grams","04",372
,"Unidentified Counties, MO","29999","2018","2018","2000 - 2499 grams","05",1471
,"Unidentified Counties, MO","29999","2018","2018","2500 - 2999 grams","06",4927
,"Unidentified Counties, MO","29999","2018","2018","3000 - 3499 grams","07",10639
,"Unidentified Counties, MO","29999","2018","2018","3500 - 3999 grams","08",7703
,"Unidentified Counties, MO","29999","2018","2018","4000 - 4499 grams","09",2085
,"Unidentified Counties, MO","29999","2018","2018","4500 - 4999 grams","10",304
,"Unidentified Counties, MO","29999","2018","2018","5000 - 8165 grams","11",31
,"Unidentified Counties, MO","29999","2018","2018","Unknown or Not Stated","12",13
,"Unidentified Counties, MO","29999","2019","2019","499 grams or less","01",16
,"Unidentified Counties, MO","29999","2019","2019","500 - 999 grams","02",122
,"Unidentified Counties, MO","29999","2019","2019","1000 - 1499 grams","03",181
,"Unidentified Counties, MO","29999","2019","2019","1500 - 1999 grams","04",403
,"Unidentified Counties, MO","29999","2019","2019","2000 - 2499 grams","05",1322
,"Unidentified Counties, MO","29999","2019","2019","2500 - 2999 grams","06",4697
,"Unidentified Counties, MO","29999","2019","2019","3000 - 3499 grams","07",10426
,"Unidentified Counties, MO","29999","2019","2019","3500 - 3999 grams","08",7505
,"Unidentified Counties, MO","29999","2019","2019","4000 - 4499 grams","09",1949
,"Unidentified Counties, MO","29999","2019","2019","4500 - 4999 grams","10",262
,"Unidentified Counties, MO","29999","2019","2019","5000 - 8165 grams","11",33
,"Unidentified Counties, MO","29999","2019","2019","Unknown or Not Stated","12",16
,"Unidentified Counties, MO","29999","2020","2020","499 grams or less","01",27
,"Unidentified Counties, MO","29999","2020","2020","500 - 999 grams","02",100
,"Unidentified Counties, MO","29999","2020","2020","1000 - 1499 grams","03",159
,"Unidentified Counties, MO","29999","2020","2020","1500 - 1999 grams","04",402
,"Unidentified Counties, MO","29999","2020","2020","2000 - 2499 grams","05",1346
,"Unidentified Counties, MO","29999","2020","2020","2500 - 2999 grams","06",4539
,"Unidentified Counties, MO","29999","2020","2020","3000 - 3499 grams","07",10050
,"Unidentified Counties, MO","29999","2020","2020","3500 - 3999 grams","08",7324
,"Unidentified Counties, MO","29999","2020","2020","4000 - 4499 grams","09",1802
,"Unidentified Counties, MO","29999","2020","2020","4500 - 4999 grams","10",255
,"Unidentified Counties, MO","29999","2020","2020","5000 - 8165 grams","11",29
,"Unidentified Counties, MO","29999","2021","2021","499 grams or less","01",24
,"Unidentified Counties, MO","29999","2021","2021","500 - 999 grams","02",113
,"Unidentified Counties, MO","29999","2021","2021","1000 - 1499 grams","03",166
,"Unidentified Counties, MO","29999","2021","2021","1500 - 1999 grams","04",366
,"Unidentified Counties, MO","29999","2021","2021","2000 - 2499 grams","05",1373
,"Unidentified Counties, MO","29999","2021","2021","2500 - 2999 grams","06",4627
,"Unidentified Counties, MO","29999","2021","2021","3000 - 3499 grams","07",10232
,"Unidentified Counties, MO","29999","2021","2021","3500 - 3999 grams","08",7284
,"Unidentified Counties, MO","29999","2021","2021","4000 - 4499 grams","09",1900
,"Unidentified Counties, MO","29999","2021","2021","4500 - 4999 grams","10",241
,"Unidentified Counties, MO","29999","2021","2021","5000 - 8165 grams","11",32
,"Unidentified Counties, MO","29999","2021","2021","Unknown or Not Stated","12",13
,"Unidentified Counties, MO","29999","2022","2022","499 grams or less","01",29
,"Unidentified Counties, MO","29999","2022","2022","500 - 999 grams","02",112
,"Unidentified Counties, MO","29999","2022","2022","1000 - 1499 grams","03",173
,"Unidentified Counties, MO","29999","2022","2022","1500 - 1999 grams","04",405
,"Unidentified Counties, MO","29999","2022","2022","2000 - 2499 grams","05",1419
,"Unidentified Counties, MO","29999","2022","2022","2500 - 2999 grams","06",4797
,"Unidentified Counties, MO","29999","2022","2022","3000 - 3499 grams","07",10104
,"Unidentified Counties, MO","29999","2022","2022","3500 - 3999 grams","08",7257
,"Unidentified Counties, MO","29999","2022","2022","4000 - 4499 grams","09",1848
,"Unidentified Counties, MO","29999","2022","2022","4500 - 4999 grams","10",222
,"Unidentified Counties, MO","29999","2022","2022","5000 - 8165 grams","11",31
,"Unidentified Counties, MO","29999","2022","2022","Unknown or Not Stated","12",10
,"Unidentified Counties, MO","29999","2023","2023","499 grams or less","01",34
,"Unidentified Counties, MO","29999","2023","2023","500 - 999 grams","02",96
,"Unidentified Counties, MO","29999","2023","2023","1000 - 1499 grams","03",179
,"Unidentified Counties, MO","29999","2023","2023","1500 - 1999 grams","04",420
,"Unidentified Counties, MO","29999","2023","2023","2000 - 2499 grams","05",1416
,"Unidentified Counties, MO","29999","2023","2023","2500 - 2999 grams","06",4848
,"Unidentified Counties, MO","29999","2023","2023","3000 - 3499 grams","07",10126
,"Unidentified Counties, MO","29999","2023","2023","3500 - 3999 grams","08",7213
,"Unidentified Counties, MO","29999","2023","2023","4000 - 4499 grams","09",1915
,"Unidentified Counties, MO","29999","2023","2023","4500 - 4999 grams","10",275
,"Unidentified Counties, MO","29999","2023","2023","5000 - 8165 grams","11",20
,"Unidentified Counties, MO","29999","2024","2024","499 grams or less","01",31
,"Unidentified Counties, MO","29999","2024","2024","500 - 999 grams","02",90
,"Unidentified Counties, MO","29999","2024","2024","1000 - 1499 grams","03",177
,"Unidentified Counties, MO","29999","2024","2024","1500 - 1999 grams","04",415
,"Unidentified Counties, MO","29999","2024","2024","2000 - 2499 grams","05",1436
,"Unidentified Counties, MO","29999","2024","2024","2500 - 2999 grams","06",4832
,"Unidentified Counties, MO","29999","2024","2024","3000 - 3499 grams","07",10276
,"Unidentified Counties, MO","29999","2024","2024","3500 - 3999 grams","08",7310
,"Unidentified Counties, MO","29999","2024","2024","4000 - 4499 grams","09",1761
,"Unidentified Counties, MO","29999","2024","2024","4500 - 4999 grams","10",222
,"Unidentified Counties, MO","29999","2024","2024","5000 - 8165 grams","11",24
"---"
"Dataset: Natality, 2016-2024 expanded"
"Query Parameters:"
"Gestational Diabetes: Yes; No"
"Gestational Hypertension: Yes; No"
"Marital Status: Married; Unmarried"
"Mother's Education: 8th grade or less; 9th through 12th grade with no diploma; High school graduate or GED completed; Some"
"college credit, but not a degree; Associate degree (AA, AS); Bachelor's degree (BA, AB, BS); Master's degree (MA, MS, MEng, MEd,"
"MSW, MBA); Doctorate (PhD, EdD) or Professional Degree (MD, DDS, DVM, LLB, JD)"
"Mother's Hispanic Origin: Hispanic or Latino; Not Hispanic or Latino"
"Mother's Pre-pregnancy BMI: Underweight <18.5; Normal 18.5-24.9; Overweight 25.0-29.9; Obesity I 30.0-34.9; Obesity II"
"35.0-39.9; Extreme Obesity III > 39.9"
"Mother's Single Race 6: American Indian or Alaska Native; Asian; Black or African American; Native Hawaiian or Other Pacific"
"Islander; White; More than one race"
"Number of Prenatal Visits Recode: No visits; 1 to 2 visits; 3 to 4 visits; 5 to 6 visits; 7 to 8 visits; 9 to 10 visits; 11 to"
"12 visits; 13 to 14 visits; 15 to 16 visits; 17 to 18 visits; 19 or more visits"
"OE Gestational Age Recode 11: Under 20 weeks; 20-27 weeks; 28-31 weeks; 32-33 weeks; 34-36 weeks; 37-38 weeks; 39 weeks; 40"
"weeks; 41 weeks; 42 weeks or more"
"Pre-pregnancy Diabetes: Yes; No"
"Pre-pregnancy Hypertension: Yes; No"
"Previous Preterm Birth: Yes; No"
"Prior Births Now Living: 0; 1; 2; 3; 4; 5; 6; 7; 8; 9; 10; 11 or more"
"Prior Other Pregnancy Outcomes: 0; 1; 2; 3; 4; 5; 6 or more"
"Source of Payment for Delivery: Medicaid; Private Insurance; Self Pay"
"States: Missouri (29)"
"Tobacco Use: Yes; No"
"Total Birth Order: 1; 2; 3; 4; 5; 6; 7; 8 or more"
"Trimester Prenatal Care Began: 1st to 3rd month; 4th to 6th month; 7th to final month; No prenatal care"
"Year: 2016; 2017; 2018; 2019; 2020; 2021; 2022; 2023; 2024"
"Group By: County of Residence; Year; Infant Birth Weight 12"
"Show Totals: Disabled"
"Show Zero Values: False"
"Show Suppressed: False"
"Calculate Rates Per: 1,000"
"---"
"Help: See http://wonder.cdc.gov/wonder/help/natality-expanded.html for more information."
"---"
"Query Date: Jun 9, 2026 2:18:20 AM"
"---"
"Suggested Citation: Centers for Disease Control and Prevention, National Center for Health Statistics. National Vital Statistics"
"System, Natality on CDC WONDER Online Database. Data are from the Natality Records 2016-2024, as compiled from data provided by"
"the 57 vital statistics jurisdictions through the Vital Statistics Cooperative Program. Accessed at"
"http://wonder.cdc.gov/natality-expanded-current.html on Jun 9, 2026 2:18:20 AM"
"---"
Messages:
"1. Totals are not available for these results due to suppression constraints. More Information:"
"http://wonder.cdc.gov/wonder/help/faq.html#Privacy."
"2. Rows with zero Births are hidden. Use Quick Options above to show zero rows."
"3. Rows with suppressed Births are hidden. Use Quick Options above to show suppressed rows."
"---"
Caveats:
"1. 'Suppressed' appears when the data do not meet the criteria for confidentiality constraints. More information:"
"http://wonder.cdc.gov/wonder/help/natality-expanded.html#Assurance of Confidentiality."
"2. Each birth record represents one liveborn infant."
"3. County-level data are shown only for counties with populations of 100,000 persons or more. Within each state, data for all"
"counties with fewer than 100,000 persons are combined together under the label ""Unidentified Counties."""
"4. Beginning in 2017, due to state statutory restrictions, California no longer provides record-level data on the marital status"
"of the mother for births occurring in California to California residents and non-residents (including residents of other"
"states). For these births, ""Marital Status"" is coded as ""Not Reported""."
"5. The independent city of St. Louis, Missouri (FIPS code 29510) is reported separately from St. Louis County (FIPS code 29189)."