"Notes","County of Residence","County of Residence Code","Year","Year Code","Mother's Education","Mother's Education Code",Births
,"Boone County, MO","29019","2016","2016","8th grade or less","1",12
,"Boone County, MO","29019","2016","2016","9th through 12th grade with no diploma","2",109
,"Boone County, MO","29019","2016","2016","High school graduate or GED completed","3",353
,"Boone County, MO","29019","2016","2016","Some college credit, but not a degree","4",292
,"Boone County, MO","29019","2016","2016","Associate degree (AA, AS)","5",143
,"Boone County, MO","29019","2016","2016","Bachelor's degree (BA, AB, BS)","6",547
,"Boone County, MO","29019","2016","2016","Master's degree (MA, MS, MEng, MEd, MSW, MBA)","7",294
,"Boone County, MO","29019","2016","2016","Doctorate (PhD, EdD) or Professional Degree (MD, DDS, DVM, LLB, JD)","8",134
,"Boone County, MO","29019","2017","2017","8th grade or less","1",13
,"Boone County, MO","29019","2017","2017","9th through 12th grade with no diploma","2",96
,"Boone County, MO","29019","2017","2017","High school graduate or GED completed","3",352
,"Boone County, MO","29019","2017","2017","Some college credit, but not a degree","4",318
,"Boone County, MO","29019","2017","2017","Associate degree (AA, AS)","5",128
,"Boone County, MO","29019","2017","2017","Bachelor's degree (BA, AB, BS)","6",532
,"Boone County, MO","29019","2017","2017","Master's degree (MA, MS, MEng, MEd, MSW, MBA)","7",292
,"Boone County, MO","29019","2017","2017","Doctorate (PhD, EdD) or Professional Degree (MD, DDS, DVM, LLB, JD)","8",128
,"Boone County, MO","29019","2018","2018","8th grade or less","1",20
,"Boone County, MO","29019","2018","2018","9th through 12th grade with no diploma","2",106
,"Boone County, MO","29019","2018","2018","High school graduate or GED completed","3",330
,"Boone County, MO","29019","2018","2018","Some college credit, but not a degree","4",294
,"Boone County, MO","29019","2018","2018","Associate degree (AA, AS)","5",136
,"Boone County, MO","29019","2018","2018","Bachelor's degree (BA, AB, BS)","6",515
,"Boone County, MO","29019","2018","2018","Master's degree (MA, MS, MEng, MEd, MSW, MBA)","7",295
,"Boone County, MO","29019","2018","2018","Doctorate (PhD, EdD) or Professional Degree (MD, DDS, DVM, LLB, JD)","8",125
,"Boone County, MO","29019","2019","2019","8th grade or less","1",13
,"Boone County, MO","29019","2019","2019","9th through 12th grade with no diploma","2",103
,"Boone County, MO","29019","2019","2019","High school graduate or GED completed","3",368
,"Boone County, MO","29019","2019","2019","Some college credit, but not a degree","4",275
,"Boone County, MO","29019","2019","2019","Associate degree (AA, AS)","5",145
,"Boone County, MO","29019","2019","2019","Bachelor's degree (BA, AB, BS)","6",555
,"Boone County, MO","29019","2019","2019","Master's degree (MA, MS, MEng, MEd, MSW, MBA)","7",310
,"Boone County, MO","29019","2019","2019","Doctorate (PhD, EdD) or Professional Degree (MD, DDS, DVM, LLB, JD)","8",127
,"Boone County, MO","29019","2020","2020","8th grade or less","1",17
,"Boone County, MO","29019","2020","2020","9th through 12th grade with no diploma","2",96
,"Boone County, MO","29019","2020","2020","High school graduate or GED completed","3",362
,"Boone County, MO","29019","2020","2020","Some college credit, but not a degree","4",300
,"Boone County, MO","29019","2020","2020","Associate degree (AA, AS)","5",143
,"Boone County, MO","29019","2020","2020","Bachelor's degree (BA, AB, BS)","6",509
,"Boone County, MO","29019","2020","2020","Master's degree (MA, MS, MEng, MEd, MSW, MBA)","7",283
,"Boone County, MO","29019","2020","2020","Doctorate (PhD, EdD) or Professional Degree (MD, DDS, DVM, LLB, JD)","8",127
,"Boone County, MO","29019","2021","2021","8th grade or less","1",16
,"Boone County, MO","29019","2021","2021","9th through 12th grade with no diploma","2",93
,"Boone County, MO","29019","2021","2021","High school graduate or GED completed","3",316
,"Boone County, MO","29019","2021","2021","Some college credit, but not a degree","4",294
,"Boone County, MO","29019","2021","2021","Associate degree (AA, AS)","5",135
,"Boone County, MO","29019","2021","2021","Bachelor's degree (BA, AB, BS)","6",512
,"Boone County, MO","29019","2021","2021","Master's degree (MA, MS, MEng, MEd, MSW, MBA)","7",263
,"Boone County, MO","29019","2021","2021","Doctorate (PhD, EdD) or Professional Degree (MD, DDS, DVM, LLB, JD)","8",128
,"Boone County, MO","29019","2022","2022","8th grade or less","1",20
,"Boone County, MO","29019","2022","2022","9th through 12th grade with no diploma","2",86
,"Boone County, MO","29019","2022","2022","High school graduate or GED completed","3",313
,"Boone County, MO","29019","2022","2022","Some college credit, but not a degree","4",315
,"Boone County, MO","29019","2022","2022","Associate degree (AA, AS)","5",153
,"Boone County, MO","29019","2022","2022","Bachelor's degree (BA, AB, BS)","6",549
,"Boone County, MO","29019","2022","2022","Master's degree (MA, MS, MEng, MEd, MSW, MBA)","7",284
,"Boone County, MO","29019","2022","2022","Doctorate (PhD, EdD) or Professional Degree (MD, DDS, DVM, LLB, JD)","8",125
,"Boone County, MO","29019","2023","2023","8th grade or less","1",39
,"Boone County, MO","29019","2023","2023","9th through 12th grade with no diploma","2",114
,"Boone County, MO","29019","2023","2023","High school graduate or GED completed","3",347
,"Boone County, MO","29019","2023","2023","Some college credit, but not a degree","4",275
,"Boone County, MO","29019","2023","2023","Associate degree (AA, AS)","5",134
,"Boone County, MO","29019","2023","2023","Bachelor's degree (BA, AB, BS)","6",497
,"Boone County, MO","29019","2023","2023","Master's degree (MA, MS, MEng, MEd, MSW, MBA)","7",224
,"Boone County, MO","29019","2023","2023","Doctorate (PhD, EdD) or Professional Degree (MD, DDS, DVM, LLB, JD)","8",128
,"Boone County, MO","29019","2024","2024","8th grade or less","1",36
,"Boone County, MO","29019","2024","2024","9th through 12th grade with no diploma","2",101
,"Boone County, MO","29019","2024","2024","High school graduate or GED completed","3",338
,"Boone County, MO","29019","2024","2024","Some college credit, but not a degree","4",279
,"Boone County, MO","29019","2024","2024","Associate degree (AA, AS)","5",140
,"Boone County, MO","29019","2024","2024","Bachelor's degree (BA, AB, BS)","6",524
,"Boone County, MO","29019","2024","2024","Master's degree (MA, MS, MEng, MEd, MSW, MBA)","7",262
,"Boone County, MO","29019","2024","2024","Doctorate (PhD, EdD) or Professional Degree (MD, DDS, DVM, LLB, JD)","8",151
,"Clay County, MO","29047","2016","2016","8th grade or less","1",19
,"Clay County, MO","29047","2016","2016","9th through 12th grade with no diploma","2",168
,"Clay County, MO","29047","2016","2016","High school graduate or GED completed","3",518
,"Clay County, MO","29047","2016","2016","Some college credit, but not a degree","4",651
,"Clay County, MO","29047","2016","2016","Associate degree (AA, AS)","5",242
,"Clay County, MO","29047","2016","2016","Bachelor's degree (BA, AB, BS)","6",745
,"Clay County, MO","29047","2016","2016","Master's degree (MA, MS, MEng, MEd, MSW, MBA)","7",324
,"Clay County, MO","29047","2016","2016","Doctorate (PhD, EdD) or Professional Degree (MD, DDS, DVM, LLB, JD)","8",59
,"Clay County, MO","29047","2017","2017","8th grade or less","1",35
,"Clay County, MO","29047","2017","2017","9th through 12th grade with no diploma","2",151
,"Clay County, MO","29047","2017","2017","High school graduate or GED completed","3",604
,"Clay County, MO","29047","2017","2017","Some college credit, but not a degree","4",652
,"Clay County, MO","29047","2017","2017","Associate degree (AA, AS)","5",271
,"Clay County, MO","29047","2017","2017","Bachelor's degree (BA, AB, BS)","6",730
,"Clay County, MO","29047","2017","2017","Master's degree (MA, MS, MEng, MEd, MSW, MBA)","7",318
,"Clay County, MO","29047","2017","2017","Doctorate (PhD, EdD) or Professional Degree (MD, DDS, DVM, LLB, JD)","8",54
,"Clay County, MO","29047","2018","2018","8th grade or less","1",19
,"Clay County, MO","29047","2018","2018","9th through 12th grade with no diploma","2",141
,"Clay County, MO","29047","2018","2018","High school graduate or GED completed","3",616
,"Clay County, MO","29047","2018","2018","Some college credit, but not a degree","4",659
,"Clay County, MO","29047","2018","2018","Associate degree (AA, AS)","5",287
,"Clay County, MO","29047","2018","2018","Bachelor's degree (BA, AB, BS)","6",792
,"Clay County, MO","29047","2018","2018","Master's degree (MA, MS, MEng, MEd, MSW, MBA)","7",323
,"Clay County, MO","29047","2018","2018","Doctorate (PhD, EdD) or Professional Degree (MD, DDS, DVM, LLB, JD)","8",64
,"Clay County, MO","29047","2019","2019","8th grade or less","1",31
,"Clay County, MO","29047","2019","2019","9th through 12th grade with no diploma","2",151
,"Clay County, MO","29047","2019","2019","High school graduate or GED completed","3",650
,"Clay County, MO","29047","2019","2019","Some college credit, but not a degree","4",672
,"Clay County, MO","29047","2019","2019","Associate degree (AA, AS)","5",244
,"Clay County, MO","29047","2019","2019","Bachelor's degree (BA, AB, BS)","6",770
,"Clay County, MO","29047","2019","2019","Master's degree (MA, MS, MEng, MEd, MSW, MBA)","7",333
,"Clay County, MO","29047","2019","2019","Doctorate (PhD, EdD) or Professional Degree (MD, DDS, DVM, LLB, JD)","8",67
,"Clay County, MO","29047","2020","2020","8th grade or less","1",24
,"Clay County, MO","29047","2020","2020","9th through 12th grade with no diploma","2",126
,"Clay County, MO","29047","2020","2020","High school graduate or GED completed","3",613
,"Clay County, MO","29047","2020","2020","Some college credit, but not a degree","4",597
,"Clay County, MO","29047","2020","2020","Associate degree (AA, AS)","5",249
,"Clay County, MO","29047","2020","2020","Bachelor's degree (BA, AB, BS)","6",772
,"Clay County, MO","29047","2020","2020","Master's degree (MA, MS, MEng, MEd, MSW, MBA)","7",342
,"Clay County, MO","29047","2020","2020","Doctorate (PhD, EdD) or Professional Degree (MD, DDS, DVM, LLB, JD)","8",68
,"Clay County, MO","29047","2021","2021","8th grade or less","1",18
,"Clay County, MO","29047","2021","2021","9th through 12th grade with no diploma","2",128
,"Clay County, MO","29047","2021","2021","High school graduate or GED completed","3",538
,"Clay County, MO","29047","2021","2021","Some college credit, but not a degree","4",516
,"Clay County, MO","29047","2021","2021","Associate degree (AA, AS)","5",249
,"Clay County, MO","29047","2021","2021","Bachelor's degree (BA, AB, BS)","6",768
,"Clay County, MO","29047","2021","2021","Master's degree (MA, MS, MEng, MEd, MSW, MBA)","7",349
,"Clay County, MO","29047","2021","2021","Doctorate (PhD, EdD) or Professional Degree (MD, DDS, DVM, LLB, JD)","8",60
,"Clay County, MO","29047","2022","2022","8th grade or less","1",16
,"Clay County, MO","29047","2022","2022","9th through 12th grade with no diploma","2",104
,"Clay County, MO","29047","2022","2022","High school graduate or GED completed","3",583
,"Clay County, MO","29047","2022","2022","Some college credit, but not a degree","4",523
,"Clay County, MO","29047","2022","2022","Associate degree (AA, AS)","5",233
,"Clay County, MO","29047","2022","2022","Bachelor's degree (BA, AB, BS)","6",822
,"Clay County, MO","29047","2022","2022","Master's degree (MA, MS, MEng, MEd, MSW, MBA)","7",377
,"Clay County, MO","29047","2022","2022","Doctorate (PhD, EdD) or Professional Degree (MD, DDS, DVM, LLB, JD)","8",82
,"Clay County, MO","29047","2023","2023","8th grade or less","1",25
,"Clay County, MO","29047","2023","2023","9th through 12th grade with no diploma","2",125
,"Clay County, MO","29047","2023","2023","High school graduate or GED completed","3",602
,"Clay County, MO","29047","2023","2023","Some college credit, but not a degree","4",550
,"Clay County, MO","29047","2023","2023","Associate degree (AA, AS)","5",208
,"Clay County, MO","29047","2023","2023","Bachelor's degree (BA, AB, BS)","6",732
,"Clay County, MO","29047","2023","2023","Master's degree (MA, MS, MEng, MEd, MSW, MBA)","7",360
,"Clay County, MO","29047","2023","2023","Doctorate (PhD, EdD) or Professional Degree (MD, DDS, DVM, LLB, JD)","8",75
,"Clay County, MO","29047","2024","2024","8th grade or less","1",27
,"Clay County, MO","29047","2024","2024","9th through 12th grade with no diploma","2",117
,"Clay County, MO","29047","2024","2024","High school graduate or GED completed","3",632
,"Clay County, MO","29047","2024","2024","Some college credit, but not a degree","4",570
,"Clay County, MO","29047","2024","2024","Associate degree (AA, AS)","5",239
,"Clay County, MO","29047","2024","2024","Bachelor's degree (BA, AB, BS)","6",789
,"Clay County, MO","29047","2024","2024","Master's degree (MA, MS, MEng, MEd, MSW, MBA)","7",364
,"Clay County, MO","29047","2024","2024","Doctorate (PhD, EdD) or Professional Degree (MD, DDS, DVM, LLB, JD)","8",75
,"Franklin County, MO","29071","2016","2016","8th grade or less","1",13
,"Franklin County, MO","29071","2016","2016","9th through 12th grade with no diploma","2",111
,"Franklin County, MO","29071","2016","2016","High school graduate or GED completed","3",244
,"Franklin County, MO","29071","2016","2016","Some college credit, but not a degree","4",305
,"Franklin County, MO","29071","2016","2016","Associate degree (AA, AS)","5",169
,"Franklin County, MO","29071","2016","2016","Bachelor's degree (BA, AB, BS)","6",189
,"Franklin County, MO","29071","2016","2016","Master's degree (MA, MS, MEng, MEd, MSW, MBA)","7",87
,"Franklin County, MO","29071","2016","2016","Doctorate (PhD, EdD) or Professional Degree (MD, DDS, DVM, LLB, JD)","8",21
,"Franklin County, MO","29071","2017","2017","8th grade or less","1",10
,"Franklin County, MO","29071","2017","2017","9th through 12th grade with no diploma","2",114
,"Franklin County, MO","29071","2017","2017","High school graduate or GED completed","3",272
,"Franklin County, MO","29071","2017","2017","Some college credit, but not a degree","4",297
,"Franklin County, MO","29071","2017","2017","Associate degree (AA, AS)","5",143
,"Franklin County, MO","29071","2017","2017","Bachelor's degree (BA, AB, BS)","6",217
,"Franklin County, MO","29071","2017","2017","Master's degree (MA, MS, MEng, MEd, MSW, MBA)","7",76
,"Franklin County, MO","29071","2017","2017","Doctorate (PhD, EdD) or Professional Degree (MD, DDS, DVM, LLB, JD)","8",13
,"Franklin County, MO","29071","2018","2018","9th through 12th grade with no diploma","2",95
,"Franklin County, MO","29071","2018","2018","High school graduate or GED completed","3",250
,"Franklin County, MO","29071","2018","2018","Some college credit, but not a degree","4",289
,"Franklin County, MO","29071","2018","2018","Associate degree (AA, AS)","5",132
,"Franklin County, MO","29071","2018","2018","Bachelor's degree (BA, AB, BS)","6",205
,"Franklin County, MO","29071","2018","2018","Master's degree (MA, MS, MEng, MEd, MSW, MBA)","7",86
,"Franklin County, MO","29071","2018","2018","Doctorate (PhD, EdD) or Professional Degree (MD, DDS, DVM, LLB, JD)","8",10
,"Franklin County, MO","29071","2019","2019","8th grade or less","1",12
,"Franklin County, MO","29071","2019","2019","9th through 12th grade with no diploma","2",117
,"Franklin County, MO","29071","2019","2019","High school graduate or GED completed","3",259
,"Franklin County, MO","29071","2019","2019","Some college credit, but not a degree","4",280
,"Franklin County, MO","29071","2019","2019","Associate degree (AA, AS)","5",154
,"Franklin County, MO","29071","2019","2019","Bachelor's degree (BA, AB, BS)","6",218
,"Franklin County, MO","29071","2019","2019","Master's degree (MA, MS, MEng, MEd, MSW, MBA)","7",63
,"Franklin County, MO","29071","2019","2019","Doctorate (PhD, EdD) or Professional Degree (MD, DDS, DVM, LLB, JD)","8",19
,"Franklin County, MO","29071","2020","2020","9th through 12th grade with no diploma","2",109
,"Franklin County, MO","29071","2020","2020","High school graduate or GED completed","3",229
,"Franklin County, MO","29071","2020","2020","Some college credit, but not a degree","4",244
,"Franklin County, MO","29071","2020","2020","Associate degree (AA, AS)","5",140
,"Franklin County, MO","29071","2020","2020","Bachelor's degree (BA, AB, BS)","6",167
,"Franklin County, MO","29071","2020","2020","Master's degree (MA, MS, MEng, MEd, MSW, MBA)","7",93
,"Franklin County, MO","29071","2020","2020","Doctorate (PhD, EdD) or Professional Degree (MD, DDS, DVM, LLB, JD)","8",10
,"Franklin County, MO","29071","2021","2021","9th through 12th grade with no diploma","2",86
,"Franklin County, MO","29071","2021","2021","High school graduate or GED completed","3",243
,"Franklin County, MO","29071","2021","2021","Some college credit, but not a degree","4",224
,"Franklin County, MO","29071","2021","2021","Associate degree (AA, AS)","5",156
,"Franklin County, MO","29071","2021","2021","Bachelor's degree (BA, AB, BS)","6",203
,"Franklin County, MO","29071","2021","2021","Master's degree (MA, MS, MEng, MEd, MSW, MBA)","7",69
,"Franklin County, MO","29071","2021","2021","Doctorate (PhD, EdD) or Professional Degree (MD, DDS, DVM, LLB, JD)","8",23
,"Franklin County, MO","29071","2022","2022","9th through 12th grade with no diploma","2",88
,"Franklin County, MO","29071","2022","2022","High school graduate or GED completed","3",224
,"Franklin County, MO","29071","2022","2022","Some college credit, but not a degree","4",247
,"Franklin County, MO","29071","2022","2022","Associate degree (AA, AS)","5",144
,"Franklin County, MO","29071","2022","2022","Bachelor's degree (BA, AB, BS)","6",211
,"Franklin County, MO","29071","2022","2022","Master's degree (MA, MS, MEng, MEd, MSW, MBA)","7",81
,"Franklin County, MO","29071","2022","2022","Doctorate (PhD, EdD) or Professional Degree (MD, DDS, DVM, LLB, JD)","8",29
,"Franklin County, MO","29071","2023","2023","9th through 12th grade with no diploma","2",92
,"Franklin County, MO","29071","2023","2023","High school graduate or GED completed","3",287
,"Franklin County, MO","29071","2023","2023","Some college credit, but not a degree","4",227
,"Franklin County, MO","29071","2023","2023","Associate degree (AA, AS)","5",133
,"Franklin County, MO","29071","2023","2023","Bachelor's degree (BA, AB, BS)","6",210
,"Franklin County, MO","29071","2023","2023","Master's degree (MA, MS, MEng, MEd, MSW, MBA)","7",76
,"Franklin County, MO","29071","2023","2023","Doctorate (PhD, EdD) or Professional Degree (MD, DDS, DVM, LLB, JD)","8",14
,"Franklin County, MO","29071","2024","2024","9th through 12th grade with no diploma","2",97
,"Franklin County, MO","29071","2024","2024","High school graduate or GED completed","3",264
,"Franklin County, MO","29071","2024","2024","Some college credit, but not a degree","4",259
,"Franklin County, MO","29071","2024","2024","Associate degree (AA, AS)","5",149
,"Franklin County, MO","29071","2024","2024","Bachelor's degree (BA, AB, BS)","6",222
,"Franklin County, MO","29071","2024","2024","Master's degree (MA, MS, MEng, MEd, MSW, MBA)","7",89
,"Franklin County, MO","29071","2024","2024","Doctorate (PhD, EdD) or Professional Degree (MD, DDS, DVM, LLB, JD)","8",24
,"Greene County, MO","29077","2016","2016","8th grade or less","1",20
,"Greene County, MO","29077","2016","2016","9th through 12th grade with no diploma","2",261
,"Greene County, MO","29077","2016","2016","High school graduate or GED completed","3",509
,"Greene County, MO","29077","2016","2016","Some college credit, but not a degree","4",775
,"Greene County, MO","29077","2016","2016","Associate degree (AA, AS)","5",277
,"Greene County, MO","29077","2016","2016","Bachelor's degree (BA, AB, BS)","6",544
,"Greene County, MO","29077","2016","2016","Master's degree (MA, MS, MEng, MEd, MSW, MBA)","7",263
,"Greene County, MO","29077","2016","2016","Doctorate (PhD, EdD) or Professional Degree (MD, DDS, DVM, LLB, JD)","8",52
,"Greene County, MO","29077","2017","2017","8th grade or less","1",30
,"Greene County, MO","29077","2017","2017","9th through 12th grade with no diploma","2",250
,"Greene County, MO","29077","2017","2017","High school graduate or GED completed","3",631
,"Greene County, MO","29077","2017","2017","Some college credit, but not a degree","4",734
,"Greene County, MO","29077","2017","2017","Associate degree (AA, AS)","5",299
,"Greene County, MO","29077","2017","2017","Bachelor's degree (BA, AB, BS)","6",580
,"Greene County, MO","29077","2017","2017","Master's degree (MA, MS, MEng, MEd, MSW, MBA)","7",264
,"Greene County, MO","29077","2017","2017","Doctorate (PhD, EdD) or Professional Degree (MD, DDS, DVM, LLB, JD)","8",53
,"Greene County, MO","29077","2018","2018","8th grade or less","1",33
,"Greene County, MO","29077","2018","2018","9th through 12th grade with no diploma","2",322
,"Greene County, MO","29077","2018","2018","High school graduate or GED completed","3",716
,"Greene County, MO","29077","2018","2018","Some college credit, but not a degree","4",813
,"Greene County, MO","29077","2018","2018","Associate degree (AA, AS)","5",310
,"Greene County, MO","29077","2018","2018","Bachelor's degree (BA, AB, BS)","6",604
,"Greene County, MO","29077","2018","2018","Master's degree (MA, MS, MEng, MEd, MSW, MBA)","7",255
,"Greene County, MO","29077","2018","2018","Doctorate (PhD, EdD) or Professional Degree (MD, DDS, DVM, LLB, JD)","8",55
,"Greene County, MO","29077","2019","2019","8th grade or less","1",32
,"Greene County, MO","29077","2019","2019","9th through 12th grade with no diploma","2",296
,"Greene County, MO","29077","2019","2019","High school graduate or GED completed","3",714
,"Greene County, MO","29077","2019","2019","Some college credit, but not a degree","4",795
,"Greene County, MO","29077","2019","2019","Associate degree (AA, AS)","5",356
,"Greene County, MO","29077","2019","2019","Bachelor's degree (BA, AB, BS)","6",615
,"Greene County, MO","29077","2019","2019","Master's degree (MA, MS, MEng, MEd, MSW, MBA)","7",255
,"Greene County, MO","29077","2019","2019","Doctorate (PhD, EdD) or Professional Degree (MD, DDS, DVM, LLB, JD)","8",60
,"Greene County, MO","29077","2020","2020","8th grade or less","1",20
,"Greene County, MO","29077","2020","2020","9th through 12th grade with no diploma","2",290
,"Greene County, MO","29077","2020","2020","High school graduate or GED completed","3",710
,"Greene County, MO","29077","2020","2020","Some college credit, but not a degree","4",786
,"Greene County, MO","29077","2020","2020","Associate degree (AA, AS)","5",309
,"Greene County, MO","29077","2020","2020","Bachelor's degree (BA, AB, BS)","6",596
,"Greene County, MO","29077","2020","2020","Master's degree (MA, MS, MEng, MEd, MSW, MBA)","7",232
,"Greene County, MO","29077","2020","2020","Doctorate (PhD, EdD) or Professional Degree (MD, DDS, DVM, LLB, JD)","8",72
,"Greene County, MO","29077","2021","2021","8th grade or less","1",39
,"Greene County, MO","29077","2021","2021","9th through 12th grade with no diploma","2",260
,"Greene County, MO","29077","2021","2021","High school graduate or GED completed","3",753
,"Greene County, MO","29077","2021","2021","Some college credit, but not a degree","4",749
,"Greene County, MO","29077","2021","2021","Associate degree (AA, AS)","5",317
,"Greene County, MO","29077","2021","2021","Bachelor's degree (BA, AB, BS)","6",612
,"Greene County, MO","29077","2021","2021","Master's degree (MA, MS, MEng, MEd, MSW, MBA)","7",262
,"Greene County, MO","29077","2021","2021","Doctorate (PhD, EdD) or Professional Degree (MD, DDS, DVM, LLB, JD)","8",72
,"Greene County, MO","29077","2022","2022","8th grade or less","1",40
,"Greene County, MO","29077","2022","2022","9th through 12th grade with no diploma","2",251
,"Greene County, MO","29077","2022","2022","High school graduate or GED completed","3",736
,"Greene County, MO","29077","2022","2022","Some college credit, but not a degree","4",651
,"Greene County, MO","29077","2022","2022","Associate degree (AA, AS)","5",319
,"Greene County, MO","29077","2022","2022","Bachelor's degree (BA, AB, BS)","6",626
,"Greene County, MO","29077","2022","2022","Master's degree (MA, MS, MEng, MEd, MSW, MBA)","7",256
,"Greene County, MO","29077","2022","2022","Doctorate (PhD, EdD) or Professional Degree (MD, DDS, DVM, LLB, JD)","8",57
,"Greene County, MO","29077","2023","2023","8th grade or less","1",34
,"Greene County, MO","29077","2023","2023","9th through 12th grade with no diploma","2",250
,"Greene County, MO","29077","2023","2023","High school graduate or GED completed","3",770
,"Greene County, MO","29077","2023","2023","Some college credit, but not a degree","4",716
,"Greene County, MO","29077","2023","2023","Associate degree (AA, AS)","5",303
,"Greene County, MO","29077","2023","2023","Bachelor's degree (BA, AB, BS)","6",626
,"Greene County, MO","29077","2023","2023","Master's degree (MA, MS, MEng, MEd, MSW, MBA)","7",234
,"Greene County, MO","29077","2023","2023","Doctorate (PhD, EdD) or Professional Degree (MD, DDS, DVM, LLB, JD)","8",67
,"Greene County, MO","29077","2024","2024","8th grade or less","1",50
,"Greene County, MO","29077","2024","2024","9th through 12th grade with no diploma","2",255
,"Greene County, MO","29077","2024","2024","High school graduate or GED completed","3",904
,"Greene County, MO","29077","2024","2024","Some college credit, but not a degree","4",662
,"Greene County, MO","29077","2024","2024","Associate degree (AA, AS)","5",317
,"Greene County, MO","29077","2024","2024","Bachelor's degree (BA, AB, BS)","6",672
,"Greene County, MO","29077","2024","2024","Master's degree (MA, MS, MEng, MEd, MSW, MBA)","7",273
,"Greene County, MO","29077","2024","2024","Doctorate (PhD, EdD) or Professional Degree (MD, DDS, DVM, LLB, JD)","8",71
,"Jackson County, MO","29095","2016","2016","8th grade or less","1",196
,"Jackson County, MO","29095","2016","2016","9th through 12th grade with no diploma","2",931
,"Jackson County, MO","29095","2016","2016","High school graduate or GED completed","3",2037
,"Jackson County, MO","29095","2016","2016","Some college credit, but not a degree","4",1961
,"Jackson County, MO","29095","2016","2016","Associate degree (AA, AS)","5",609
,"Jackson County, MO","29095","2016","2016","Bachelor's degree (BA, AB, BS)","6",1498
,"Jackson County, MO","29095","2016","2016","Master's degree (MA, MS, MEng, MEd, MSW, MBA)","7",658
,"Jackson County, MO","29095","2016","2016","Doctorate (PhD, EdD) or Professional Degree (MD, DDS, DVM, LLB, JD)","8",177
,"Jackson County, MO","29095","2017","2017","8th grade or less","1",180
,"Jackson County, MO","29095","2017","2017","9th through 12th grade with no diploma","2",885
,"Jackson County, MO","29095","2017","2017","High school graduate or GED completed","3",2104
,"Jackson County, MO","29095","2017","2017","Some college credit, but not a degree","4",1969
,"Jackson County, MO","29095","2017","2017","Associate degree (AA, AS)","5",607
,"Jackson County, MO","29095","2017","2017","Bachelor's degree (BA, AB, BS)","6",1547
,"Jackson County, MO","29095","2017","2017","Master's degree (MA, MS, MEng, MEd, MSW, MBA)","7",652
,"Jackson County, MO","29095","2017","2017","Doctorate (PhD, EdD) or Professional Degree (MD, DDS, DVM, LLB, JD)","8",193
,"Jackson County, MO","29095","2018","2018","8th grade or less","1",186
,"Jackson County, MO","29095","2018","2018","9th through 12th grade with no diploma","2",904
,"Jackson County, MO","29095","2018","2018","High school graduate or GED completed","3",2191
,"Jackson County, MO","29095","2018","2018","Some college credit, but not a degree","4",1923
,"Jackson County, MO","29095","2018","2018","Associate degree (AA, AS)","5",634
,"Jackson County, MO","29095","2018","2018","Bachelor's degree (BA, AB, BS)","6",1518
,"Jackson County, MO","29095","2018","2018","Master's degree (MA, MS, MEng, MEd, MSW, MBA)","7",625
,"Jackson County, MO","29095","2018","2018","Doctorate (PhD, EdD) or Professional Degree (MD, DDS, DVM, LLB, JD)","8",174
,"Jackson County, MO","29095","2019","2019","8th grade or less","1",187
,"Jackson County, MO","29095","2019","2019","9th through 12th grade with no diploma","2",872
,"Jackson County, MO","29095","2019","2019","High school graduate or GED completed","3",2247
,"Jackson County, MO","29095","2019","2019","Some college credit, but not a degree","4",1816
,"Jackson County, MO","29095","2019","2019","Associate degree (AA, AS)","5",567
,"Jackson County, MO","29095","2019","2019","Bachelor's degree (BA, AB, BS)","6",1557
,"Jackson County, MO","29095","2019","2019","Master's degree (MA, MS, MEng, MEd, MSW, MBA)","7",679
,"Jackson County, MO","29095","2019","2019","Doctorate (PhD, EdD) or Professional Degree (MD, DDS, DVM, LLB, JD)","8",164
,"Jackson County, MO","29095","2020","2020","8th grade or less","1",171
,"Jackson County, MO","29095","2020","2020","9th through 12th grade with no diploma","2",866
,"Jackson County, MO","29095","2020","2020","High school graduate or GED completed","3",2252
,"Jackson County, MO","29095","2020","2020","Some college credit, but not a degree","4",1663
,"Jackson County, MO","29095","2020","2020","Associate degree (AA, AS)","5",575
,"Jackson County, MO","29095","2020","2020","Bachelor's degree (BA, AB, BS)","6",1538
,"Jackson County, MO","29095","2020","2020","Master's degree (MA, MS, MEng, MEd, MSW, MBA)","7",640
,"Jackson County, MO","29095","2020","2020","Doctorate (PhD, EdD) or Professional Degree (MD, DDS, DVM, LLB, JD)","8",176
,"Jackson County, MO","29095","2021","2021","8th grade or less","1",168
,"Jackson County, MO","29095","2021","2021","9th through 12th grade with no diploma","2",695
,"Jackson County, MO","29095","2021","2021","High school graduate or GED completed","3",2065
,"Jackson County, MO","29095","2021","2021","Some college credit, but not a degree","4",1545
,"Jackson County, MO","29095","2021","2021","Associate degree (AA, AS)","5",509
,"Jackson County, MO","29095","2021","2021","Bachelor's degree (BA, AB, BS)","6",1558
,"Jackson County, MO","29095","2021","2021","Master's degree (MA, MS, MEng, MEd, MSW, MBA)","7",686
,"Jackson County, MO","29095","2021","2021","Doctorate (PhD, EdD) or Professional Degree (MD, DDS, DVM, LLB, JD)","8",220
,"Jackson County, MO","29095","2022","2022","8th grade or less","1",217
,"Jackson County, MO","29095","2022","2022","9th through 12th grade with no diploma","2",753
,"Jackson County, MO","29095","2022","2022","High school graduate or GED completed","3",2218
,"Jackson County, MO","29095","2022","2022","Some college credit, but not a degree","4",1632
,"Jackson County, MO","29095","2022","2022","Associate degree (AA, AS)","5",517
,"Jackson County, MO","29095","2022","2022","Bachelor's degree (BA, AB, BS)","6",1624
,"Jackson County, MO","29095","2022","2022","Master's degree (MA, MS, MEng, MEd, MSW, MBA)","7",763
,"Jackson County, MO","29095","2022","2022","Doctorate (PhD, EdD) or Professional Degree (MD, DDS, DVM, LLB, JD)","8",211
,"Jackson County, MO","29095","2023","2023","8th grade or less","1",249
,"Jackson County, MO","29095","2023","2023","9th through 12th grade with no diploma","2",777
,"Jackson County, MO","29095","2023","2023","High school graduate or GED completed","3",2277
,"Jackson County, MO","29095","2023","2023","Some college credit, but not a degree","4",1512
,"Jackson County, MO","29095","2023","2023","Associate degree (AA, AS)","5",557
,"Jackson County, MO","29095","2023","2023","Bachelor's degree (BA, AB, BS)","6",1667
,"Jackson County, MO","29095","2023","2023","Master's degree (MA, MS, MEng, MEd, MSW, MBA)","7",768
,"Jackson County, MO","29095","2023","2023","Doctorate (PhD, EdD) or Professional Degree (MD, DDS, DVM, LLB, JD)","8",222
,"Jackson County, MO","29095","2024","2024","8th grade or less","1",317
,"Jackson County, MO","29095","2024","2024","9th through 12th grade with no diploma","2",823
,"Jackson County, MO","29095","2024","2024","High school graduate or GED completed","3",2476
,"Jackson County, MO","29095","2024","2024","Some college credit, but not a degree","4",1477
,"Jackson County, MO","29095","2024","2024","Associate degree (AA, AS)","5",496
,"Jackson County, MO","29095","2024","2024","Bachelor's degree (BA, AB, BS)","6",1689
,"Jackson County, MO","29095","2024","2024","Master's degree (MA, MS, MEng, MEd, MSW, MBA)","7",707
,"Jackson County, MO","29095","2024","2024","Doctorate (PhD, EdD) or Professional Degree (MD, DDS, DVM, LLB, JD)","8",213
,"Jasper County, MO","29097","2016","2016","8th grade or less","1",82
,"Jasper County, MO","29097","2016","2016","9th through 12th grade with no diploma","2",205
,"Jasper County, MO","29097","2016","2016","High school graduate or GED completed","3",484
,"Jasper County, MO","29097","2016","2016","Some college credit, but not a degree","4",401
,"Jasper County, MO","29097","2016","2016","Associate degree (AA, AS)","5",102
,"Jasper County, MO","29097","2016","2016","Bachelor's degree (BA, AB, BS)","6",238
,"Jasper County, MO","29097","2016","2016","Master's degree (MA, MS, MEng, MEd, MSW, MBA)","7",65
,"Jasper County, MO","29097","2016","2016","Doctorate (PhD, EdD) or Professional Degree (MD, DDS, DVM, LLB, JD)","8",17
,"Jasper County, MO","29097","2017","2017","8th grade or less","1",55
,"Jasper County, MO","29097","2017","2017","9th through 12th grade with no diploma","2",194
,"Jasper County, MO","29097","2017","2017","High school graduate or GED completed","3",460
,"Jasper County, MO","29097","2017","2017","Some college credit, but not a degree","4",395
,"Jasper County, MO","29097","2017","2017","Associate degree (AA, AS)","5",110
,"Jasper County, MO","29097","2017","2017","Bachelor's degree (BA, AB, BS)","6",264
,"Jasper County, MO","29097","2017","2017","Master's degree (MA, MS, MEng, MEd, MSW, MBA)","7",52
,"Jasper County, MO","29097","2018","2018","8th grade or less","1",58
,"Jasper County, MO","29097","2018","2018","9th through 12th grade with no diploma","2",179
,"Jasper County, MO","29097","2018","2018","High school graduate or GED completed","3",456
,"Jasper County, MO","29097","2018","2018","Some college credit, but not a degree","4",381
,"Jasper County, MO","29097","2018","2018","Associate degree (AA, AS)","5",119
,"Jasper County, MO","29097","2018","2018","Bachelor's degree (BA, AB, BS)","6",216
,"Jasper County, MO","29097","2018","2018","Master's degree (MA, MS, MEng, MEd, MSW, MBA)","7",71
,"Jasper County, MO","29097","2018","2018","Doctorate (PhD, EdD) or Professional Degree (MD, DDS, DVM, LLB, JD)","8",14
,"Jasper County, MO","29097","2019","2019","8th grade or less","1",53
,"Jasper County, MO","29097","2019","2019","9th through 12th grade with no diploma","2",199
,"Jasper County, MO","29097","2019","2019","High school graduate or GED completed","3",461
,"Jasper County, MO","29097","2019","2019","Some college credit, but not a degree","4",346
,"Jasper County, MO","29097","2019","2019","Associate degree (AA, AS)","5",110
,"Jasper County, MO","29097","2019","2019","Bachelor's degree (BA, AB, BS)","6",233
,"Jasper County, MO","29097","2019","2019","Master's degree (MA, MS, MEng, MEd, MSW, MBA)","7",58
,"Jasper County, MO","29097","2019","2019","Doctorate (PhD, EdD) or Professional Degree (MD, DDS, DVM, LLB, JD)","8",13
,"Jasper County, MO","29097","2020","2020","8th grade or less","1",56
,"Jasper County, MO","29097","2020","2020","9th through 12th grade with no diploma","2",188
,"Jasper County, MO","29097","2020","2020","High school graduate or GED completed","3",410
,"Jasper County, MO","29097","2020","2020","Some college credit, but not a degree","4",348
,"Jasper County, MO","29097","2020","2020","Associate degree (AA, AS)","5",109
,"Jasper County, MO","29097","2020","2020","Bachelor's degree (BA, AB, BS)","6",243
,"Jasper County, MO","29097","2020","2020","Master's degree (MA, MS, MEng, MEd, MSW, MBA)","7",62
,"Jasper County, MO","29097","2020","2020","Doctorate (PhD, EdD) or Professional Degree (MD, DDS, DVM, LLB, JD)","8",14
,"Jasper County, MO","29097","2021","2021","8th grade or less","1",64
,"Jasper County, MO","29097","2021","2021","9th through 12th grade with no diploma","2",165
,"Jasper County, MO","29097","2021","2021","High school graduate or GED completed","3",469
,"Jasper County, MO","29097","2021","2021","Some college credit, but not a degree","4",332
,"Jasper County, MO","29097","2021","2021","Associate degree (AA, AS)","5",146
,"Jasper County, MO","29097","2021","2021","Bachelor's degree (BA, AB, BS)","6",223
,"Jasper County, MO","29097","2021","2021","Master's degree (MA, MS, MEng, MEd, MSW, MBA)","7",67
,"Jasper County, MO","29097","2021","2021","Doctorate (PhD, EdD) or Professional Degree (MD, DDS, DVM, LLB, JD)","8",12
,"Jasper County, MO","29097","2022","2022","8th grade or less","1",66
,"Jasper County, MO","29097","2022","2022","9th through 12th grade with no diploma","2",198
,"Jasper County, MO","29097","2022","2022","High school graduate or GED completed","3",482
,"Jasper County, MO","29097","2022","2022","Some college credit, but not a degree","4",325
,"Jasper County, MO","29097","2022","2022","Associate degree (AA, AS)","5",87
,"Jasper County, MO","29097","2022","2022","Bachelor's degree (BA, AB, BS)","6",262
,"Jasper County, MO","29097","2022","2022","Master's degree (MA, MS, MEng, MEd, MSW, MBA)","7",73
,"Jasper County, MO","29097","2022","2022","Doctorate (PhD, EdD) or Professional Degree (MD, DDS, DVM, LLB, JD)","8",17
,"Jasper County, MO","29097","2023","2023","8th grade or less","1",52
,"Jasper County, MO","29097","2023","2023","9th through 12th grade with no diploma","2",163
,"Jasper County, MO","29097","2023","2023","High school graduate or GED completed","3",440
,"Jasper County, MO","29097","2023","2023","Some college credit, but not a degree","4",311
,"Jasper County, MO","29097","2023","2023","Associate degree (AA, AS)","5",95
,"Jasper County, MO","29097","2023","2023","Bachelor's degree (BA, AB, BS)","6",229
,"Jasper County, MO","29097","2023","2023","Master's degree (MA, MS, MEng, MEd, MSW, MBA)","7",69
,"Jasper County, MO","29097","2023","2023","Doctorate (PhD, EdD) or Professional Degree (MD, DDS, DVM, LLB, JD)","8",20
,"Jasper County, MO","29097","2024","2024","8th grade or less","1",59
,"Jasper County, MO","29097","2024","2024","9th through 12th grade with no diploma","2",160
,"Jasper County, MO","29097","2024","2024","High school graduate or GED completed","3",459
,"Jasper County, MO","29097","2024","2024","Some college credit, but not a degree","4",298
,"Jasper County, MO","29097","2024","2024","Associate degree (AA, AS)","5",86
,"Jasper County, MO","29097","2024","2024","Bachelor's degree (BA, AB, BS)","6",245
,"Jasper County, MO","29097","2024","2024","Master's degree (MA, MS, MEng, MEd, MSW, MBA)","7",80
,"Jasper County, MO","29097","2024","2024","Doctorate (PhD, EdD) or Professional Degree (MD, DDS, DVM, LLB, JD)","8",19
,"Jefferson County, MO","29099","2016","2016","8th grade or less","1",13
,"Jefferson County, MO","29099","2016","2016","9th through 12th grade with no diploma","2",167
,"Jefferson County, MO","29099","2016","2016","High school graduate or GED completed","3",485
,"Jefferson County, MO","29099","2016","2016","Some college credit, but not a degree","4",611
,"Jefferson County, MO","29099","2016","2016","Associate degree (AA, AS)","5",324
,"Jefferson County, MO","29099","2016","2016","Bachelor's degree (BA, AB, BS)","6",452
,"Jefferson County, MO","29099","2016","2016","Master's degree (MA, MS, MEng, MEd, MSW, MBA)","7",201
,"Jefferson County, MO","29099","2016","2016","Doctorate (PhD, EdD) or Professional Degree (MD, DDS, DVM, LLB, JD)","8",34
,"Jefferson County, MO","29099","2017","2017","8th grade or less","1",18
,"Jefferson County, MO","29099","2017","2017","9th through 12th grade with no diploma","2",153
,"Jefferson County, MO","29099","2017","2017","High school graduate or GED completed","3",469
,"Jefferson County, MO","29099","2017","2017","Some college credit, but not a degree","4",519
,"Jefferson County, MO","29099","2017","2017","Associate degree (AA, AS)","5",289
,"Jefferson County, MO","29099","2017","2017","Bachelor's degree (BA, AB, BS)","6",393
,"Jefferson County, MO","29099","2017","2017","Master's degree (MA, MS, MEng, MEd, MSW, MBA)","7",199
,"Jefferson County, MO","29099","2017","2017","Doctorate (PhD, EdD) or Professional Degree (MD, DDS, DVM, LLB, JD)","8",23
,"Jefferson County, MO","29099","2018","2018","8th grade or less","1",12
,"Jefferson County, MO","29099","2018","2018","9th through 12th grade with no diploma","2",125
,"Jefferson County, MO","29099","2018","2018","High school graduate or GED completed","3",512
,"Jefferson County, MO","29099","2018","2018","Some college credit, but not a degree","4",520
,"Jefferson County, MO","29099","2018","2018","Associate degree (AA, AS)","5",301
,"Jefferson County, MO","29099","2018","2018","Bachelor's degree (BA, AB, BS)","6",433
,"Jefferson County, MO","29099","2018","2018","Master's degree (MA, MS, MEng, MEd, MSW, MBA)","7",192
,"Jefferson County, MO","29099","2018","2018","Doctorate (PhD, EdD) or Professional Degree (MD, DDS, DVM, LLB, JD)","8",29
,"Jefferson County, MO","29099","2019","2019","8th grade or less","1",18
,"Jefferson County, MO","29099","2019","2019","9th through 12th grade with no diploma","2",131
,"Jefferson County, MO","29099","2019","2019","High school graduate or GED completed","3",482
,"Jefferson County, MO","29099","2019","2019","Some college credit, but not a degree","4",536
,"Jefferson County, MO","29099","2019","2019","Associate degree (AA, AS)","5",317
,"Jefferson County, MO","29099","2019","2019","Bachelor's degree (BA, AB, BS)","6",460
,"Jefferson County, MO","29099","2019","2019","Master's degree (MA, MS, MEng, MEd, MSW, MBA)","7",172
,"Jefferson County, MO","29099","2019","2019","Doctorate (PhD, EdD) or Professional Degree (MD, DDS, DVM, LLB, JD)","8",29
,"Jefferson County, MO","29099","2020","2020","9th through 12th grade with no diploma","2",155
,"Jefferson County, MO","29099","2020","2020","High school graduate or GED completed","3",470
,"Jefferson County, MO","29099","2020","2020","Some college credit, but not a degree","4",536
,"Jefferson County, MO","29099","2020","2020","Associate degree (AA, AS)","5",279
,"Jefferson County, MO","29099","2020","2020","Bachelor's degree (BA, AB, BS)","6",453
,"Jefferson County, MO","29099","2020","2020","Master's degree (MA, MS, MEng, MEd, MSW, MBA)","7",184
,"Jefferson County, MO","29099","2020","2020","Doctorate (PhD, EdD) or Professional Degree (MD, DDS, DVM, LLB, JD)","8",24
,"Jefferson County, MO","29099","2021","2021","8th grade or less","1",18
,"Jefferson County, MO","29099","2021","2021","9th through 12th grade with no diploma","2",129
,"Jefferson County, MO","29099","2021","2021","High school graduate or GED completed","3",446
,"Jefferson County, MO","29099","2021","2021","Some college credit, but not a degree","4",491
,"Jefferson County, MO","29099","2021","2021","Associate degree (AA, AS)","5",265
,"Jefferson County, MO","29099","2021","2021","Bachelor's degree (BA, AB, BS)","6",478
,"Jefferson County, MO","29099","2021","2021","Master's degree (MA, MS, MEng, MEd, MSW, MBA)","7",206
,"Jefferson County, MO","29099","2021","2021","Doctorate (PhD, EdD) or Professional Degree (MD, DDS, DVM, LLB, JD)","8",44
,"Jefferson County, MO","29099","2022","2022","8th grade or less","1",12
,"Jefferson County, MO","29099","2022","2022","9th through 12th grade with no diploma","2",129
,"Jefferson County, MO","29099","2022","2022","High school graduate or GED completed","3",439
,"Jefferson County, MO","29099","2022","2022","Some college credit, but not a degree","4",459
,"Jefferson County, MO","29099","2022","2022","Associate degree (AA, AS)","5",307
,"Jefferson County, MO","29099","2022","2022","Bachelor's degree (BA, AB, BS)","6",462
,"Jefferson County, MO","29099","2022","2022","Master's degree (MA, MS, MEng, MEd, MSW, MBA)","7",193
,"Jefferson County, MO","29099","2022","2022","Doctorate (PhD, EdD) or Professional Degree (MD, DDS, DVM, LLB, JD)","8",30
,"Jefferson County, MO","29099","2023","2023","8th grade or less","1",13
,"Jefferson County, MO","29099","2023","2023","9th through 12th grade with no diploma","2",124
,"Jefferson County, MO","29099","2023","2023","High school graduate or GED completed","3",492
,"Jefferson County, MO","29099","2023","2023","Some college credit, but not a degree","4",484
,"Jefferson County, MO","29099","2023","2023","Associate degree (AA, AS)","5",273
,"Jefferson County, MO","29099","2023","2023","Bachelor's degree (BA, AB, BS)","6",498
,"Jefferson County, MO","29099","2023","2023","Master's degree (MA, MS, MEng, MEd, MSW, MBA)","7",223
,"Jefferson County, MO","29099","2023","2023","Doctorate (PhD, EdD) or Professional Degree (MD, DDS, DVM, LLB, JD)","8",44
,"Jefferson County, MO","29099","2024","2024","9th through 12th grade with no diploma","2",141
,"Jefferson County, MO","29099","2024","2024","High school graduate or GED completed","3",525
,"Jefferson County, MO","29099","2024","2024","Some college credit, but not a degree","4",425
,"Jefferson County, MO","29099","2024","2024","Associate degree (AA, AS)","5",286
,"Jefferson County, MO","29099","2024","2024","Bachelor's degree (BA, AB, BS)","6",539
,"Jefferson County, MO","29099","2024","2024","Master's degree (MA, MS, MEng, MEd, MSW, MBA)","7",225
,"Jefferson County, MO","29099","2024","2024","Doctorate (PhD, EdD) or Professional Degree (MD, DDS, DVM, LLB, JD)","8",34
,"St. Charles County, MO","29183","2016","2016","8th grade or less","1",23
,"St. Charles County, MO","29183","2016","2016","9th through 12th grade with no diploma","2",138
,"St. Charles County, MO","29183","2016","2016","High school graduate or GED completed","3",564
,"St. Charles County, MO","29183","2016","2016","Some college credit, but not a degree","4",781
,"St. Charles County, MO","29183","2016","2016","Associate degree (AA, AS)","5",362
,"St. Charles County, MO","29183","2016","2016","Bachelor's degree (BA, AB, BS)","6",1291
,"St. Charles County, MO","29183","2016","2016","Master's degree (MA, MS, MEng, MEd, MSW, MBA)","7",720
,"St. Charles County, MO","29183","2016","2016","Doctorate (PhD, EdD) or Professional Degree (MD, DDS, DVM, LLB, JD)","8",113
,"St. Charles County, MO","29183","2017","2017","8th grade or less","1",19
,"St. Charles County, MO","29183","2017","2017","9th through 12th grade with no diploma","2",119
,"St. Charles County, MO","29183","2017","2017","High school graduate or GED completed","3",508
,"St. Charles County, MO","29183","2017","2017","Some college credit, but not a degree","4",816
,"St. Charles County, MO","29183","2017","2017","Associate degree (AA, AS)","5",361
,"St. Charles County, MO","29183","2017","2017","Bachelor's degree (BA, AB, BS)","6",1258
,"St. Charles County, MO","29183","2017","2017","Master's degree (MA, MS, MEng, MEd, MSW, MBA)","7",723
,"St. Charles County, MO","29183","2017","2017","Doctorate (PhD, EdD) or Professional Degree (MD, DDS, DVM, LLB, JD)","8",114
,"St. Charles County, MO","29183","2018","2018","8th grade or less","1",16
,"St. Charles County, MO","29183","2018","2018","9th through 12th grade with no diploma","2",134
,"St. Charles County, MO","29183","2018","2018","High school graduate or GED completed","3",512
,"St. Charles County, MO","29183","2018","2018","Some college credit, but not a degree","4",748
,"St. Charles County, MO","29183","2018","2018","Associate degree (AA, AS)","5",363
,"St. Charles County, MO","29183","2018","2018","Bachelor's degree (BA, AB, BS)","6",1268
,"St. Charles County, MO","29183","2018","2018","Master's degree (MA, MS, MEng, MEd, MSW, MBA)","7",709
,"St. Charles County, MO","29183","2018","2018","Doctorate (PhD, EdD) or Professional Degree (MD, DDS, DVM, LLB, JD)","8",122
,"St. Charles County, MO","29183","2019","2019","8th grade or less","1",17
,"St. Charles County, MO","29183","2019","2019","9th through 12th grade with no diploma","2",117
,"St. Charles County, MO","29183","2019","2019","High school graduate or GED completed","3",538
,"St. Charles County, MO","29183","2019","2019","Some college credit, but not a degree","4",755
,"St. Charles County, MO","29183","2019","2019","Associate degree (AA, AS)","5",356
,"St. Charles County, MO","29183","2019","2019","Bachelor's degree (BA, AB, BS)","6",1354
,"St. Charles County, MO","29183","2019","2019","Master's degree (MA, MS, MEng, MEd, MSW, MBA)","7",703
,"St. Charles County, MO","29183","2019","2019","Doctorate (PhD, EdD) or Professional Degree (MD, DDS, DVM, LLB, JD)","8",118
,"St. Charles County, MO","29183","2020","2020","8th grade or less","1",16
,"St. Charles County, MO","29183","2020","2020","9th through 12th grade with no diploma","2",99
,"St. Charles County, MO","29183","2020","2020","High school graduate or GED completed","3",527
,"St. Charles County, MO","29183","2020","2020","Some college credit, but not a degree","4",668
,"St. Charles County, MO","29183","2020","2020","Associate degree (AA, AS)","5",326
,"St. Charles County, MO","29183","2020","2020","Bachelor's degree (BA, AB, BS)","6",1230
,"St. Charles County, MO","29183","2020","2020","Master's degree (MA, MS, MEng, MEd, MSW, MBA)","7",700
,"St. Charles County, MO","29183","2020","2020","Doctorate (PhD, EdD) or Professional Degree (MD, DDS, DVM, LLB, JD)","8",110
,"St. Charles County, MO","29183","2021","2021","8th grade or less","1",17
,"St. Charles County, MO","29183","2021","2021","9th through 12th grade with no diploma","2",102
,"St. Charles County, MO","29183","2021","2021","High school graduate or GED completed","3",473
,"St. Charles County, MO","29183","2021","2021","Some college credit, but not a degree","4",620
,"St. Charles County, MO","29183","2021","2021","Associate degree (AA, AS)","5",286
,"St. Charles County, MO","29183","2021","2021","Bachelor's degree (BA, AB, BS)","6",1228
,"St. Charles County, MO","29183","2021","2021","Master's degree (MA, MS, MEng, MEd, MSW, MBA)","7",701
,"St. Charles County, MO","29183","2021","2021","Doctorate (PhD, EdD) or Professional Degree (MD, DDS, DVM, LLB, JD)","8",131
,"St. Charles County, MO","29183","2022","2022","8th grade or less","1",21
,"St. Charles County, MO","29183","2022","2022","9th through 12th grade with no diploma","2",94
,"St. Charles County, MO","29183","2022","2022","High school graduate or GED completed","3",495
,"St. Charles County, MO","29183","2022","2022","Some college credit, but not a degree","4",609
,"St. Charles County, MO","29183","2022","2022","Associate degree (AA, AS)","5",317
,"St. Charles County, MO","29183","2022","2022","Bachelor's degree (BA, AB, BS)","6",1307
,"St. Charles County, MO","29183","2022","2022","Master's degree (MA, MS, MEng, MEd, MSW, MBA)","7",717
,"St. Charles County, MO","29183","2022","2022","Doctorate (PhD, EdD) or Professional Degree (MD, DDS, DVM, LLB, JD)","8",127
,"St. Charles County, MO","29183","2023","2023","8th grade or less","1",24
,"St. Charles County, MO","29183","2023","2023","9th through 12th grade with no diploma","2",76
,"St. Charles County, MO","29183","2023","2023","High school graduate or GED completed","3",476
,"St. Charles County, MO","29183","2023","2023","Some college credit, but not a degree","4",592
,"St. Charles County, MO","29183","2023","2023","Associate degree (AA, AS)","5",295
,"St. Charles County, MO","29183","2023","2023","Bachelor's degree (BA, AB, BS)","6",1297
,"St. Charles County, MO","29183","2023","2023","Master's degree (MA, MS, MEng, MEd, MSW, MBA)","7",693
,"St. Charles County, MO","29183","2023","2023","Doctorate (PhD, EdD) or Professional Degree (MD, DDS, DVM, LLB, JD)","8",130
,"St. Charles County, MO","29183","2024","2024","8th grade or less","1",30
,"St. Charles County, MO","29183","2024","2024","9th through 12th grade with no diploma","2",84
,"St. Charles County, MO","29183","2024","2024","High school graduate or GED completed","3",505
,"St. Charles County, MO","29183","2024","2024","Some college credit, but not a degree","4",565
,"St. Charles County, MO","29183","2024","2024","Associate degree (AA, AS)","5",302
,"St. Charles County, MO","29183","2024","2024","Bachelor's degree (BA, AB, BS)","6",1352
,"St. Charles County, MO","29183","2024","2024","Master's degree (MA, MS, MEng, MEd, MSW, MBA)","7",729
,"St. Charles County, MO","29183","2024","2024","Doctorate (PhD, EdD) or Professional Degree (MD, DDS, DVM, LLB, JD)","8",163
,"St. Louis County, MO","29189","2016","2016","8th grade or less","1",80
,"St. Louis County, MO","29189","2016","2016","9th through 12th grade with no diploma","2",503
,"St. Louis County, MO","29189","2016","2016","High school graduate or GED completed","3",1521
,"St. Louis County, MO","29189","2016","2016","Some college credit, but not a degree","4",1951
,"St. Louis County, MO","29189","2016","2016","Associate degree (AA, AS)","5",724
,"St. Louis County, MO","29189","2016","2016","Bachelor's degree (BA, AB, BS)","6",2651
,"St. Louis County, MO","29189","2016","2016","Master's degree (MA, MS, MEng, MEd, MSW, MBA)","7",1723
,"St. Louis County, MO","29189","2016","2016","Doctorate (PhD, EdD) or Professional Degree (MD, DDS, DVM, LLB, JD)","8",517
,"St. Louis County, MO","29189","2017","2017","8th grade or less","1",65
,"St. Louis County, MO","29189","2017","2017","9th through 12th grade with no diploma","2",449
,"St. Louis County, MO","29189","2017","2017","High school graduate or GED completed","3",1502
,"St. Louis County, MO","29189","2017","2017","Some college credit, but not a degree","4",1823
,"St. Louis County, MO","29189","2017","2017","Associate degree (AA, AS)","5",665
,"St. Louis County, MO","29189","2017","2017","Bachelor's degree (BA, AB, BS)","6",2475
,"St. Louis County, MO","29189","2017","2017","Master's degree (MA, MS, MEng, MEd, MSW, MBA)","7",1550
,"St. Louis County, MO","29189","2017","2017","Doctorate (PhD, EdD) or Professional Degree (MD, DDS, DVM, LLB, JD)","8",445
,"St. Louis County, MO","29189","2018","2018","8th grade or less","1",49
,"St. Louis County, MO","29189","2018","2018","9th through 12th grade with no diploma","2",491
,"St. Louis County, MO","29189","2018","2018","High school graduate or GED completed","3",1561
,"St. Louis County, MO","29189","2018","2018","Some college credit, but not a degree","4",1803
,"St. Louis County, MO","29189","2018","2018","Associate degree (AA, AS)","5",663
,"St. Louis County, MO","29189","2018","2018","Bachelor's degree (BA, AB, BS)","6",2533
,"St. Louis County, MO","29189","2018","2018","Master's degree (MA, MS, MEng, MEd, MSW, MBA)","7",1655
,"St. Louis County, MO","29189","2018","2018","Doctorate (PhD, EdD) or Professional Degree (MD, DDS, DVM, LLB, JD)","8",466
,"St. Louis County, MO","29189","2019","2019","8th grade or less","1",63
,"St. Louis County, MO","29189","2019","2019","9th through 12th grade with no diploma","2",487
,"St. Louis County, MO","29189","2019","2019","High school graduate or GED completed","3",1768
,"St. Louis County, MO","29189","2019","2019","Some college credit, but not a degree","4",1907
,"St. Louis County, MO","29189","2019","2019","Associate degree (AA, AS)","5",704
,"St. Louis County, MO","29189","2019","2019","Bachelor's degree (BA, AB, BS)","6",2563
,"St. Louis County, MO","29189","2019","2019","Master's degree (MA, MS, MEng, MEd, MSW, MBA)","7",1615
,"St. Louis County, MO","29189","2019","2019","Doctorate (PhD, EdD) or Professional Degree (MD, DDS, DVM, LLB, JD)","8",559
,"St. Louis County, MO","29189","2020","2020","8th grade or less","1",68
,"St. Louis County, MO","29189","2020","2020","9th through 12th grade with no diploma","2",408
,"St. Louis County, MO","29189","2020","2020","High school graduate or GED completed","3",1720
,"St. Louis County, MO","29189","2020","2020","Some college credit, but not a degree","4",1687
,"St. Louis County, MO","29189","2020","2020","Associate degree (AA, AS)","5",617
,"St. Louis County, MO","29189","2020","2020","Bachelor's degree (BA, AB, BS)","6",2304
,"St. Louis County, MO","29189","2020","2020","Master's degree (MA, MS, MEng, MEd, MSW, MBA)","7",1498
,"St. Louis County, MO","29189","2020","2020","Doctorate (PhD, EdD) or Professional Degree (MD, DDS, DVM, LLB, JD)","8",477
,"St. Louis County, MO","29189","2021","2021","8th grade or less","1",55
,"St. Louis County, MO","29189","2021","2021","9th through 12th grade with no diploma","2",385
,"St. Louis County, MO","29189","2021","2021","High school graduate or GED completed","3",1544
,"St. Louis County, MO","29189","2021","2021","Some college credit, but not a degree","4",1414
,"St. Louis County, MO","29189","2021","2021","Associate degree (AA, AS)","5",587
,"St. Louis County, MO","29189","2021","2021","Bachelor's degree (BA, AB, BS)","6",2300
,"St. Louis County, MO","29189","2021","2021","Master's degree (MA, MS, MEng, MEd, MSW, MBA)","7",1553
,"St. Louis County, MO","29189","2021","2021","Doctorate (PhD, EdD) or Professional Degree (MD, DDS, DVM, LLB, JD)","8",490
,"St. Louis County, MO","29189","2022","2022","8th grade or less","1",105
,"St. Louis County, MO","29189","2022","2022","9th through 12th grade with no diploma","2",450
,"St. Louis County, MO","29189","2022","2022","High school graduate or GED completed","3",1759
,"St. Louis County, MO","29189","2022","2022","Some college credit, but not a degree","4",1504
,"St. Louis County, MO","29189","2022","2022","Associate degree (AA, AS)","5",569
,"St. Louis County, MO","29189","2022","2022","Bachelor's degree (BA, AB, BS)","6",2309
,"St. Louis County, MO","29189","2022","2022","Master's degree (MA, MS, MEng, MEd, MSW, MBA)","7",1554
,"St. Louis County, MO","29189","2022","2022","Doctorate (PhD, EdD) or Professional Degree (MD, DDS, DVM, LLB, JD)","8",526
,"St. Louis County, MO","29189","2023","2023","8th grade or less","1",135
,"St. Louis County, MO","29189","2023","2023","9th through 12th grade with no diploma","2",427
,"St. Louis County, MO","29189","2023","2023","High school graduate or GED completed","3",1723
,"St. Louis County, MO","29189","2023","2023","Some college credit, but not a degree","4",1367
,"St. Louis County, MO","29189","2023","2023","Associate degree (AA, AS)","5",527
,"St. Louis County, MO","29189","2023","2023","Bachelor's degree (BA, AB, BS)","6",2252
,"St. Louis County, MO","29189","2023","2023","Master's degree (MA, MS, MEng, MEd, MSW, MBA)","7",1543
,"St. Louis County, MO","29189","2023","2023","Doctorate (PhD, EdD) or Professional Degree (MD, DDS, DVM, LLB, JD)","8",535
,"St. Louis County, MO","29189","2024","2024","8th grade or less","1",157
,"St. Louis County, MO","29189","2024","2024","9th through 12th grade with no diploma","2",462
,"St. Louis County, MO","29189","2024","2024","High school graduate or GED completed","3",1868
,"St. Louis County, MO","29189","2024","2024","Some college credit, but not a degree","4",1417
,"St. Louis County, MO","29189","2024","2024","Associate degree (AA, AS)","5",538
,"St. Louis County, MO","29189","2024","2024","Bachelor's degree (BA, AB, BS)","6",2387
,"St. Louis County, MO","29189","2024","2024","Master's degree (MA, MS, MEng, MEd, MSW, MBA)","7",1470
,"St. Louis County, MO","29189","2024","2024","Doctorate (PhD, EdD) or Professional Degree (MD, DDS, DVM, LLB, JD)","8",556
,"St. Louis city, MO","29510","2016","2016","8th grade or less","1",102
,"St. Louis city, MO","29510","2016","2016","9th through 12th grade with no diploma","2",399
,"St. Louis city, MO","29510","2016","2016","High school graduate or GED completed","3",905
,"St. Louis city, MO","29510","2016","2016","Some college credit, but not a degree","4",716
,"St. Louis city, MO","29510","2016","2016","Associate degree (AA, AS)","5",197
,"St. Louis city, MO","29510","2016","2016","Bachelor's degree (BA, AB, BS)","6",587
,"St. Louis city, MO","29510","2016","2016","Master's degree (MA, MS, MEng, MEd, MSW, MBA)","7",389
,"St. Louis city, MO","29510","2016","2016","Doctorate (PhD, EdD) or Professional Degree (MD, DDS, DVM, LLB, JD)","8",183
,"St. Louis city, MO","29510","2017","2017","8th grade or less","1",71
,"St. Louis city, MO","29510","2017","2017","9th through 12th grade with no diploma","2",329
,"St. Louis city, MO","29510","2017","2017","High school graduate or GED completed","3",804
,"St. Louis city, MO","29510","2017","2017","Some college credit, but not a degree","4",605
,"St. Louis city, MO","29510","2017","2017","Associate degree (AA, AS)","5",182
,"St. Louis city, MO","29510","2017","2017","Bachelor's degree (BA, AB, BS)","6",525
,"St. Louis city, MO","29510","2017","2017","Master's degree (MA, MS, MEng, MEd, MSW, MBA)","7",383
,"St. Louis city, MO","29510","2017","2017","Doctorate (PhD, EdD) or Professional Degree (MD, DDS, DVM, LLB, JD)","8",156
,"St. Louis city, MO","29510","2018","2018","8th grade or less","1",62
,"St. Louis city, MO","29510","2018","2018","9th through 12th grade with no diploma","2",319
,"St. Louis city, MO","29510","2018","2018","High school graduate or GED completed","3",726
,"St. Louis city, MO","29510","2018","2018","Some college credit, but not a degree","4",639
,"St. Louis city, MO","29510","2018","2018","Associate degree (AA, AS)","5",192
,"St. Louis city, MO","29510","2018","2018","Bachelor's degree (BA, AB, BS)","6",527
,"St. Louis city, MO","29510","2018","2018","Master's degree (MA, MS, MEng, MEd, MSW, MBA)","7",413
,"St. Louis city, MO","29510","2018","2018","Doctorate (PhD, EdD) or Professional Degree (MD, DDS, DVM, LLB, JD)","8",165
,"St. Louis city, MO","29510","2019","2019","8th grade or less","1",87
,"St. Louis city, MO","29510","2019","2019","9th through 12th grade with no diploma","2",371
,"St. Louis city, MO","29510","2019","2019","High school graduate or GED completed","3",826
,"St. Louis city, MO","29510","2019","2019","Some college credit, but not a degree","4",683
,"St. Louis city, MO","29510","2019","2019","Associate degree (AA, AS)","5",169
,"St. Louis city, MO","29510","2019","2019","Bachelor's degree (BA, AB, BS)","6",543
,"St. Louis city, MO","29510","2019","2019","Master's degree (MA, MS, MEng, MEd, MSW, MBA)","7",401
,"St. Louis city, MO","29510","2019","2019","Doctorate (PhD, EdD) or Professional Degree (MD, DDS, DVM, LLB, JD)","8",184
,"St. Louis city, MO","29510","2020","2020","8th grade or less","1",44
,"St. Louis city, MO","29510","2020","2020","9th through 12th grade with no diploma","2",306
,"St. Louis city, MO","29510","2020","2020","High school graduate or GED completed","3",782
,"St. Louis city, MO","29510","2020","2020","Some college credit, but not a degree","4",527
,"St. Louis city, MO","29510","2020","2020","Associate degree (AA, AS)","5",151
,"St. Louis city, MO","29510","2020","2020","Bachelor's degree (BA, AB, BS)","6",576
,"St. Louis city, MO","29510","2020","2020","Master's degree (MA, MS, MEng, MEd, MSW, MBA)","7",402
,"St. Louis city, MO","29510","2020","2020","Doctorate (PhD, EdD) or Professional Degree (MD, DDS, DVM, LLB, JD)","8",190
,"St. Louis city, MO","29510","2021","2021","8th grade or less","1",84
,"St. Louis city, MO","29510","2021","2021","9th through 12th grade with no diploma","2",291
,"St. Louis city, MO","29510","2021","2021","High school graduate or GED completed","3",845
,"St. Louis city, MO","29510","2021","2021","Some college credit, but not a degree","4",514
,"St. Louis city, MO","29510","2021","2021","Associate degree (AA, AS)","5",169
,"St. Louis city, MO","29510","2021","2021","Bachelor's degree (BA, AB, BS)","6",521
,"St. Louis city, MO","29510","2021","2021","Master's degree (MA, MS, MEng, MEd, MSW, MBA)","7",396
,"St. Louis city, MO","29510","2021","2021","Doctorate (PhD, EdD) or Professional Degree (MD, DDS, DVM, LLB, JD)","8",213
,"St. Louis city, MO","29510","2022","2022","8th grade or less","1",105
,"St. Louis city, MO","29510","2022","2022","9th through 12th grade with no diploma","2",297
,"St. Louis city, MO","29510","2022","2022","High school graduate or GED completed","3",788
,"St. Louis city, MO","29510","2022","2022","Some college credit, but not a degree","4",475
,"St. Louis city, MO","29510","2022","2022","Associate degree (AA, AS)","5",134
,"St. Louis city, MO","29510","2022","2022","Bachelor's degree (BA, AB, BS)","6",556
,"St. Louis city, MO","29510","2022","2022","Master's degree (MA, MS, MEng, MEd, MSW, MBA)","7",360
,"St. Louis city, MO","29510","2022","2022","Doctorate (PhD, EdD) or Professional Degree (MD, DDS, DVM, LLB, JD)","8",189
,"St. Louis city, MO","29510","2023","2023","8th grade or less","1",102
,"St. Louis city, MO","29510","2023","2023","9th through 12th grade with no diploma","2",306
,"St. Louis city, MO","29510","2023","2023","High school graduate or GED completed","3",767
,"St. Louis city, MO","29510","2023","2023","Some college credit, but not a degree","4",458
,"St. Louis city, MO","29510","2023","2023","Associate degree (AA, AS)","5",124
,"St. Louis city, MO","29510","2023","2023","Bachelor's degree (BA, AB, BS)","6",545
,"St. Louis city, MO","29510","2023","2023","Master's degree (MA, MS, MEng, MEd, MSW, MBA)","7",376
,"St. Louis city, MO","29510","2023","2023","Doctorate (PhD, EdD) or Professional Degree (MD, DDS, DVM, LLB, JD)","8",214
,"St. Louis city, MO","29510","2024","2024","8th grade or less","1",112
,"St. Louis city, MO","29510","2024","2024","9th through 12th grade with no diploma","2",272
,"St. Louis city, MO","29510","2024","2024","High school graduate or GED completed","3",761
,"St. Louis city, MO","29510","2024","2024","Some college credit, but not a degree","4",401
,"St. Louis city, MO","29510","2024","2024","Associate degree (AA, AS)","5",131
,"St. Louis city, MO","29510","2024","2024","Bachelor's degree (BA, AB, BS)","6",517
,"St. Louis city, MO","29510","2024","2024","Master's degree (MA, MS, MEng, MEd, MSW, MBA)","7",394
,"St. Louis city, MO","29510","2024","2024","Doctorate (PhD, EdD) or Professional Degree (MD, DDS, DVM, LLB, JD)","8",207
,"Unidentified Counties, MO","29999","2016","2016","8th grade or less","1",969
,"Unidentified Counties, MO","29999","2016","2016","9th through 12th grade with no diploma","2",3167
,"Unidentified Counties, MO","29999","2016","2016","High school graduate or GED completed","3",7872
,"Unidentified Counties, MO","29999","2016","2016","Some college credit, but not a degree","4",6568
,"Unidentified Counties, MO","29999","2016","2016","Associate degree (AA, AS)","5",2641
,"Unidentified Counties, MO","29999","2016","2016","Bachelor's degree (BA, AB, BS)","6",4132
,"Unidentified Counties, MO","29999","2016","2016","Master's degree (MA, MS, MEng, MEd, MSW, MBA)","7",1496
,"Unidentified Counties, MO","29999","2016","2016","Doctorate (PhD, EdD) or Professional Degree (MD, DDS, DVM, LLB, JD)","8",308
,"Unidentified Counties, MO","29999","2017","2017","8th grade or less","1",881
,"Unidentified Counties, MO","29999","2017","2017","9th through 12th grade with no diploma","2",2977
,"Unidentified Counties, MO","29999","2017","2017","High school graduate or GED completed","3",7922
,"Unidentified Counties, MO","29999","2017","2017","Some college credit, but not a degree","4",6460
,"Unidentified Counties, MO","29999","2017","2017","Associate degree (AA, AS)","5",2663
,"Unidentified Counties, MO","29999","2017","2017","Bachelor's degree (BA, AB, BS)","6",4167
,"Unidentified Counties, MO","29999","2017","2017","Master's degree (MA, MS, MEng, MEd, MSW, MBA)","7",1549
,"Unidentified Counties, MO","29999","2017","2017","Doctorate (PhD, EdD) or Professional Degree (MD, DDS, DVM, LLB, JD)","8",331
,"Unidentified Counties, MO","29999","2018","2018","8th grade or less","1",966
,"Unidentified Counties, MO","29999","2018","2018","9th through 12th grade with no diploma","2",2902
,"Unidentified Counties, MO","29999","2018","2018","High school graduate or GED completed","3",8354
,"Unidentified Counties, MO","29999","2018","2018","Some college credit, but not a degree","4",6609
,"Unidentified Counties, MO","29999","2018","2018","Associate degree (AA, AS)","5",2685
,"Unidentified Counties, MO","29999","2018","2018","Bachelor's degree (BA, AB, BS)","6",4386
,"Unidentified Counties, MO","29999","2018","2018","Master's degree (MA, MS, MEng, MEd, MSW, MBA)","7",1547
,"Unidentified Counties, MO","29999","2018","2018","Doctorate (PhD, EdD) or Professional Degree (MD, DDS, DVM, LLB, JD)","8",373
,"Unidentified Counties, MO","29999","2019","2019","8th grade or less","1",948
,"Unidentified Counties, MO","29999","2019","2019","9th through 12th grade with no diploma","2",2707
,"Unidentified Counties, MO","29999","2019","2019","High school graduate or GED completed","3",7916
,"Unidentified Counties, MO","29999","2019","2019","Some college credit, but not a degree","4",6362
,"Unidentified Counties, MO","29999","2019","2019","Associate degree (AA, AS)","5",2726
,"Unidentified Counties, MO","29999","2019","2019","Bachelor's degree (BA, AB, BS)","6",4297
,"Unidentified Counties, MO","29999","2019","2019","Master's degree (MA, MS, MEng, MEd, MSW, MBA)","7",1603
,"Unidentified Counties, MO","29999","2019","2019","Doctorate (PhD, EdD) or Professional Degree (MD, DDS, DVM, LLB, JD)","8",373
,"Unidentified Counties, MO","29999","2020","2020","8th grade or less","1",980
,"Unidentified Counties, MO","29999","2020","2020","9th through 12th grade with no diploma","2",2589
,"Unidentified Counties, MO","29999","2020","2020","High school graduate or GED completed","3",7776
,"Unidentified Counties, MO","29999","2020","2020","Some college credit, but not a degree","4",5929
,"Unidentified Counties, MO","29999","2020","2020","Associate degree (AA, AS)","5",2628
,"Unidentified Counties, MO","29999","2020","2020","Bachelor's degree (BA, AB, BS)","6",4185
,"Unidentified Counties, MO","29999","2020","2020","Master's degree (MA, MS, MEng, MEd, MSW, MBA)","7",1605
,"Unidentified Counties, MO","29999","2020","2020","Doctorate (PhD, EdD) or Professional Degree (MD, DDS, DVM, LLB, JD)","8",350
,"Unidentified Counties, MO","29999","2021","2021","8th grade or less","1",890
,"Unidentified Counties, MO","29999","2021","2021","9th through 12th grade with no diploma","2",2449
,"Unidentified Counties, MO","29999","2021","2021","High school graduate or GED completed","3",7942
,"Unidentified Counties, MO","29999","2021","2021","Some college credit, but not a degree","4",5859
,"Unidentified Counties, MO","29999","2021","2021","Associate degree (AA, AS)","5",2691
,"Unidentified Counties, MO","29999","2021","2021","Bachelor's degree (BA, AB, BS)","6",4479
,"Unidentified Counties, MO","29999","2021","2021","Master's degree (MA, MS, MEng, MEd, MSW, MBA)","7",1707
,"Unidentified Counties, MO","29999","2021","2021","Doctorate (PhD, EdD) or Professional Degree (MD, DDS, DVM, LLB, JD)","8",354
,"Unidentified Counties, MO","29999","2022","2022","8th grade or less","1",1129
,"Unidentified Counties, MO","29999","2022","2022","9th through 12th grade with no diploma","2",2350
,"Unidentified Counties, MO","29999","2022","2022","High school graduate or GED completed","3",7919
,"Unidentified Counties, MO","29999","2022","2022","Some college credit, but not a degree","4",5689
,"Unidentified Counties, MO","29999","2022","2022","Associate degree (AA, AS)","5",2689
,"Unidentified Counties, MO","29999","2022","2022","Bachelor's degree (BA, AB, BS)","6",4586
,"Unidentified Counties, MO","29999","2022","2022","Master's degree (MA, MS, MEng, MEd, MSW, MBA)","7",1673
,"Unidentified Counties, MO","29999","2022","2022","Doctorate (PhD, EdD) or Professional Degree (MD, DDS, DVM, LLB, JD)","8",372
,"Unidentified Counties, MO","29999","2023","2023","8th grade or less","1",990
,"Unidentified Counties, MO","29999","2023","2023","9th through 12th grade with no diploma","2",2458
,"Unidentified Counties, MO","29999","2023","2023","High school graduate or GED completed","3",7874
,"Unidentified Counties, MO","29999","2023","2023","Some college credit, but not a degree","4",5593
,"Unidentified Counties, MO","29999","2023","2023","Associate degree (AA, AS)","5",2759
,"Unidentified Counties, MO","29999","2023","2023","Bachelor's degree (BA, AB, BS)","6",4739
,"Unidentified Counties, MO","29999","2023","2023","Master's degree (MA, MS, MEng, MEd, MSW, MBA)","7",1760
,"Unidentified Counties, MO","29999","2023","2023","Doctorate (PhD, EdD) or Professional Degree (MD, DDS, DVM, LLB, JD)","8",374
,"Unidentified Counties, MO","29999","2024","2024","8th grade or less","1",1039
,"Unidentified Counties, MO","29999","2024","2024","9th through 12th grade with no diploma","2",2445
,"Unidentified Counties, MO","29999","2024","2024","High school graduate or GED completed","3",8107
,"Unidentified Counties, MO","29999","2024","2024","Some college credit, but not a degree","4",5298
,"Unidentified Counties, MO","29999","2024","2024","Associate degree (AA, AS)","5",2733
,"Unidentified Counties, MO","29999","2024","2024","Bachelor's degree (BA, AB, BS)","6",4772
,"Unidentified Counties, MO","29999","2024","2024","Master's degree (MA, MS, MEng, MEd, MSW, MBA)","7",1807
,"Unidentified Counties, MO","29999","2024","2024","Doctorate (PhD, EdD) or Professional Degree (MD, DDS, DVM, LLB, JD)","8",380
"---"
"Dataset: Natality, 2016-2024 expanded"
"Query Parameters:"
"Gestational Diabetes: Yes; No"
"Gestational Hypertension: Yes; No"
"Marital Status: Married; Unmarried"
"Mother's Education: 8th grade or less; 9th through 12th grade with no diploma; High school graduate or GED completed; Some"
"college credit, but not a degree; Associate degree (AA, AS); Bachelor's degree (BA, AB, BS); Master's degree (MA, MS, MEng, MEd,"
"MSW, MBA); Doctorate (PhD, EdD) or Professional Degree (MD, DDS, DVM, LLB, JD)"
"Mother's Hispanic Origin: Hispanic or Latino; Not Hispanic or Latino"
"Mother's Pre-pregnancy BMI: Underweight <18.5; Normal 18.5-24.9; Overweight 25.0-29.9; Obesity I 30.0-34.9; Obesity II"
"35.0-39.9; Extreme Obesity III > 39.9"
"Mother's Single Race 6: American Indian or Alaska Native; Asian; Black or African American; Native Hawaiian or Other Pacific"
"Islander; White; More than one race"
"Number of Prenatal Visits Recode: No visits; 1 to 2 visits; 3 to 4 visits; 5 to 6 visits; 7 to 8 visits; 9 to 10 visits; 11 to"
"12 visits; 13 to 14 visits; 15 to 16 visits; 17 to 18 visits; 19 or more visits"
"OE Gestational Age Recode 11: Under 20 weeks; 20-27 weeks; 28-31 weeks; 32-33 weeks; 34-36 weeks; 37-38 weeks; 39 weeks; 40"
"weeks; 41 weeks; 42 weeks or more"
"Pre-pregnancy Diabetes: Yes; No"
"Pre-pregnancy Hypertension: Yes; No"
"Previous Preterm Birth: Yes; No"
"Prior Births Now Living: 0; 1; 2; 3; 4; 5; 6; 7; 8; 9; 10; 11 or more"
"Prior Other Pregnancy Outcomes: 0; 1; 2; 3; 4; 5; 6 or more"
"Source of Payment for Delivery: Medicaid; Private Insurance; Self Pay"
"States: Missouri (29)"
"Tobacco Use: Yes; No"
"Total Birth Order: 1; 2; 3; 4; 5; 6; 7; 8 or more"
"Trimester Prenatal Care Began: 1st to 3rd month; 4th to 6th month; 7th to final month; No prenatal care"
"Year: 2016; 2017; 2018; 2019; 2020; 2021; 2022; 2023; 2024"
"Group By: County of Residence; Year; Mother's Education"
"Show Totals: Disabled"
"Show Zero Values: False"
"Show Suppressed: False"
"Calculate Rates Per: 1,000"
"---"
"Help: See http://wonder.cdc.gov/wonder/help/natality-expanded.html for more information."
"---"
"Query Date: Jun 9, 2026 2:32:07 AM"
"---"
"Suggested Citation: Centers for Disease Control and Prevention, National Center for Health Statistics. National Vital Statistics"
"System, Natality on CDC WONDER Online Database. Data are from the Natality Records 2016-2024, as compiled from data provided by"
"the 57 vital statistics jurisdictions through the Vital Statistics Cooperative Program. Accessed at"
"http://wonder.cdc.gov/natality-expanded-current.html on Jun 9, 2026 2:32:07 AM"
"---"
Messages:
"1. Totals are not available for these results due to suppression constraints. More Information:"
"http://wonder.cdc.gov/wonder/help/faq.html#Privacy."
"2. Rows with suppressed Births are hidden. Use Quick Options above to show suppressed rows."
"---"
Caveats:
"1. 'Suppressed' appears when the data do not meet the criteria for confidentiality constraints. More information:"
"http://wonder.cdc.gov/wonder/help/natality-expanded.html#Assurance of Confidentiality."
"2. Each birth record represents one liveborn infant."
"3. County-level data are shown only for counties with populations of 100,000 persons or more. Within each state, data for all"
"counties with fewer than 100,000 persons are combined together under the label ""Unidentified Counties."""
"4. Beginning in 2017, due to state statutory restrictions, California no longer provides record-level data on the marital status"
"of the mother for births occurring in California to California residents and non-residents (including residents of other"
"states). For these births, ""Marital Status"" is coded as ""Not Reported""."
"5. The independent city of St. Louis, Missouri (FIPS code 29510) is reported separately from St. Louis County (FIPS code 29189)."