"Notes","County of Residence","County of Residence Code","Year","Year Code","Source of Payment for Delivery","Source of Payment for Delivery Code",Births
,"Boone County, MO","29019","2016","2016","Medicaid","1",447
,"Boone County, MO","29019","2016","2016","Private Insurance","2",1371
,"Boone County, MO","29019","2016","2016","Self Pay","3",66
,"Boone County, MO","29019","2017","2017","Medicaid","1",459
,"Boone County, MO","29019","2017","2017","Private Insurance","2",1351
,"Boone County, MO","29019","2017","2017","Self Pay","3",49
,"Boone County, MO","29019","2018","2018","Medicaid","1",510
,"Boone County, MO","29019","2018","2018","Private Insurance","2",1261
,"Boone County, MO","29019","2018","2018","Self Pay","3",50
,"Boone County, MO","29019","2019","2019","Medicaid","1",554
,"Boone County, MO","29019","2019","2019","Private Insurance","2",1298
,"Boone County, MO","29019","2019","2019","Self Pay","3",44
,"Boone County, MO","29019","2020","2020","Medicaid","1",565
,"Boone County, MO","29019","2020","2020","Private Insurance","2",1213
,"Boone County, MO","29019","2020","2020","Self Pay","3",59
,"Boone County, MO","29019","2021","2021","Medicaid","1",575
,"Boone County, MO","29019","2021","2021","Private Insurance","2",1150
,"Boone County, MO","29019","2021","2021","Self Pay","3",32
,"Boone County, MO","29019","2022","2022","Medicaid","1",554
,"Boone County, MO","29019","2022","2022","Private Insurance","2",1246
,"Boone County, MO","29019","2022","2022","Self Pay","3",45
,"Boone County, MO","29019","2023","2023","Medicaid","1",636
,"Boone County, MO","29019","2023","2023","Private Insurance","2",1071
,"Boone County, MO","29019","2023","2023","Self Pay","3",51
,"Boone County, MO","29019","2024","2024","Medicaid","1",582
,"Boone County, MO","29019","2024","2024","Private Insurance","2",1176
,"Boone County, MO","29019","2024","2024","Self Pay","3",73
,"Clay County, MO","29047","2016","2016","Medicaid","1",658
,"Clay County, MO","29047","2016","2016","Private Insurance","2",2014
,"Clay County, MO","29047","2016","2016","Self Pay","3",54
,"Clay County, MO","29047","2017","2017","Medicaid","1",774
,"Clay County, MO","29047","2017","2017","Private Insurance","2",1974
,"Clay County, MO","29047","2017","2017","Self Pay","3",67
,"Clay County, MO","29047","2018","2018","Medicaid","1",794
,"Clay County, MO","29047","2018","2018","Private Insurance","2",2037
,"Clay County, MO","29047","2018","2018","Self Pay","3",70
,"Clay County, MO","29047","2019","2019","Medicaid","1",763
,"Clay County, MO","29047","2019","2019","Private Insurance","2",2080
,"Clay County, MO","29047","2019","2019","Self Pay","3",75
,"Clay County, MO","29047","2020","2020","Medicaid","1",767
,"Clay County, MO","29047","2020","2020","Private Insurance","2",1930
,"Clay County, MO","29047","2020","2020","Self Pay","3",94
,"Clay County, MO","29047","2021","2021","Medicaid","1",706
,"Clay County, MO","29047","2021","2021","Private Insurance","2",1840
,"Clay County, MO","29047","2021","2021","Self Pay","3",80
,"Clay County, MO","29047","2022","2022","Medicaid","1",712
,"Clay County, MO","29047","2022","2022","Private Insurance","2",1931
,"Clay County, MO","29047","2022","2022","Self Pay","3",97
,"Clay County, MO","29047","2023","2023","Medicaid","1",779
,"Clay County, MO","29047","2023","2023","Private Insurance","2",1799
,"Clay County, MO","29047","2023","2023","Self Pay","3",99
,"Clay County, MO","29047","2024","2024","Medicaid","1",755
,"Clay County, MO","29047","2024","2024","Private Insurance","2",1927
,"Clay County, MO","29047","2024","2024","Self Pay","3",131
,"Franklin County, MO","29071","2016","2016","Medicaid","1",350
,"Franklin County, MO","29071","2016","2016","Private Insurance","2",784
,"Franklin County, MO","29071","2017","2017","Medicaid","1",352
,"Franklin County, MO","29071","2017","2017","Private Insurance","2",774
,"Franklin County, MO","29071","2017","2017","Self Pay","3",16
,"Franklin County, MO","29071","2018","2018","Medicaid","1",342
,"Franklin County, MO","29071","2018","2018","Private Insurance","2",721
,"Franklin County, MO","29071","2018","2018","Self Pay","3",11
,"Franklin County, MO","29071","2019","2019","Medicaid","1",370
,"Franklin County, MO","29071","2019","2019","Private Insurance","2",739
,"Franklin County, MO","29071","2019","2019","Self Pay","3",13
,"Franklin County, MO","29071","2020","2020","Medicaid","1",354
,"Franklin County, MO","29071","2020","2020","Private Insurance","2",632
,"Franklin County, MO","29071","2020","2020","Self Pay","3",15
,"Franklin County, MO","29071","2021","2021","Medicaid","1",303
,"Franklin County, MO","29071","2021","2021","Private Insurance","2",685
,"Franklin County, MO","29071","2021","2021","Self Pay","3",19
,"Franklin County, MO","29071","2022","2022","Medicaid","1",316
,"Franklin County, MO","29071","2022","2022","Private Insurance","2",687
,"Franklin County, MO","29071","2022","2022","Self Pay","3",24
,"Franklin County, MO","29071","2023","2023","Medicaid","1",360
,"Franklin County, MO","29071","2023","2023","Private Insurance","2",657
,"Franklin County, MO","29071","2023","2023","Self Pay","3",25
,"Franklin County, MO","29071","2024","2024","Medicaid","1",341
,"Franklin County, MO","29071","2024","2024","Private Insurance","2",736
,"Franklin County, MO","29071","2024","2024","Self Pay","3",33
,"Greene County, MO","29077","2016","2016","Medicaid","1",1084
,"Greene County, MO","29077","2016","2016","Private Insurance","2",1490
,"Greene County, MO","29077","2016","2016","Self Pay","3",127
,"Greene County, MO","29077","2017","2017","Medicaid","1",1049
,"Greene County, MO","29077","2017","2017","Private Insurance","2",1692
,"Greene County, MO","29077","2017","2017","Self Pay","3",100
,"Greene County, MO","29077","2018","2018","Medicaid","1",1384
,"Greene County, MO","29077","2018","2018","Private Insurance","2",1612
,"Greene County, MO","29077","2018","2018","Self Pay","3",112
,"Greene County, MO","29077","2019","2019","Medicaid","1",1356
,"Greene County, MO","29077","2019","2019","Private Insurance","2",1634
,"Greene County, MO","29077","2019","2019","Self Pay","3",133
,"Greene County, MO","29077","2020","2020","Medicaid","1",1379
,"Greene County, MO","29077","2020","2020","Private Insurance","2",1519
,"Greene County, MO","29077","2020","2020","Self Pay","3",117
,"Greene County, MO","29077","2021","2021","Medicaid","1",1380
,"Greene County, MO","29077","2021","2021","Private Insurance","2",1547
,"Greene County, MO","29077","2021","2021","Self Pay","3",137
,"Greene County, MO","29077","2022","2022","Medicaid","1",1261
,"Greene County, MO","29077","2022","2022","Private Insurance","2",1524
,"Greene County, MO","29077","2022","2022","Self Pay","3",151
,"Greene County, MO","29077","2023","2023","Medicaid","1",1374
,"Greene County, MO","29077","2023","2023","Private Insurance","2",1487
,"Greene County, MO","29077","2023","2023","Self Pay","3",139
,"Greene County, MO","29077","2024","2024","Medicaid","1",1591
,"Greene County, MO","29077","2024","2024","Private Insurance","2",1445
,"Greene County, MO","29077","2024","2024","Self Pay","3",168
,"Jackson County, MO","29095","2016","2016","Medicaid","1",3594
,"Jackson County, MO","29095","2016","2016","Private Insurance","2",4174
,"Jackson County, MO","29095","2016","2016","Self Pay","3",299
,"Jackson County, MO","29095","2017","2017","Medicaid","1",3768
,"Jackson County, MO","29095","2017","2017","Private Insurance","2",4025
,"Jackson County, MO","29095","2017","2017","Self Pay","3",344
,"Jackson County, MO","29095","2018","2018","Medicaid","1",3747
,"Jackson County, MO","29095","2018","2018","Private Insurance","2",4041
,"Jackson County, MO","29095","2018","2018","Self Pay","3",367
,"Jackson County, MO","29095","2019","2019","Medicaid","1",3663
,"Jackson County, MO","29095","2019","2019","Private Insurance","2",4031
,"Jackson County, MO","29095","2019","2019","Self Pay","3",395
,"Jackson County, MO","29095","2020","2020","Medicaid","1",3644
,"Jackson County, MO","29095","2020","2020","Private Insurance","2",3904
,"Jackson County, MO","29095","2020","2020","Self Pay","3",333
,"Jackson County, MO","29095","2021","2021","Medicaid","1",3364
,"Jackson County, MO","29095","2021","2021","Private Insurance","2",3795
,"Jackson County, MO","29095","2021","2021","Self Pay","3",287
,"Jackson County, MO","29095","2022","2022","Medicaid","1",3499
,"Jackson County, MO","29095","2022","2022","Private Insurance","2",4079
,"Jackson County, MO","29095","2022","2022","Self Pay","3",357
,"Jackson County, MO","29095","2023","2023","Medicaid","1",3649
,"Jackson County, MO","29095","2023","2023","Private Insurance","2",4040
,"Jackson County, MO","29095","2023","2023","Self Pay","3",340
,"Jackson County, MO","29095","2024","2024","Medicaid","1",3628
,"Jackson County, MO","29095","2024","2024","Private Insurance","2",4152
,"Jackson County, MO","29095","2024","2024","Self Pay","3",418
,"Jasper County, MO","29097","2016","2016","Medicaid","1",823
,"Jasper County, MO","29097","2016","2016","Private Insurance","2",709
,"Jasper County, MO","29097","2016","2016","Self Pay","3",62
,"Jasper County, MO","29097","2017","2017","Medicaid","1",765
,"Jasper County, MO","29097","2017","2017","Private Insurance","2",720
,"Jasper County, MO","29097","2017","2017","Self Pay","3",53
,"Jasper County, MO","29097","2018","2018","Medicaid","1",696
,"Jasper County, MO","29097","2018","2018","Private Insurance","2",738
,"Jasper County, MO","29097","2018","2018","Self Pay","3",60
,"Jasper County, MO","29097","2019","2019","Medicaid","1",690
,"Jasper County, MO","29097","2019","2019","Private Insurance","2",716
,"Jasper County, MO","29097","2019","2019","Self Pay","3",67
,"Jasper County, MO","29097","2020","2020","Medicaid","1",714
,"Jasper County, MO","29097","2020","2020","Private Insurance","2",667
,"Jasper County, MO","29097","2020","2020","Self Pay","3",49
,"Jasper County, MO","29097","2021","2021","Medicaid","1",717
,"Jasper County, MO","29097","2021","2021","Private Insurance","2",714
,"Jasper County, MO","29097","2021","2021","Self Pay","3",47
,"Jasper County, MO","29097","2022","2022","Medicaid","1",763
,"Jasper County, MO","29097","2022","2022","Private Insurance","2",700
,"Jasper County, MO","29097","2022","2022","Self Pay","3",47
,"Jasper County, MO","29097","2023","2023","Medicaid","1",735
,"Jasper County, MO","29097","2023","2023","Private Insurance","2",606
,"Jasper County, MO","29097","2023","2023","Self Pay","3",38
,"Jasper County, MO","29097","2024","2024","Medicaid","1",745
,"Jasper County, MO","29097","2024","2024","Private Insurance","2",622
,"Jasper County, MO","29097","2024","2024","Self Pay","3",39
,"Jefferson County, MO","29099","2016","2016","Medicaid","1",663
,"Jefferson County, MO","29099","2016","2016","Private Insurance","2",1606
,"Jefferson County, MO","29099","2016","2016","Self Pay","3",18
,"Jefferson County, MO","29099","2017","2017","Medicaid","1",624
,"Jefferson County, MO","29099","2017","2017","Private Insurance","2",1417
,"Jefferson County, MO","29099","2017","2017","Self Pay","3",22
,"Jefferson County, MO","29099","2018","2018","Medicaid","1",651
,"Jefferson County, MO","29099","2018","2018","Private Insurance","2",1451
,"Jefferson County, MO","29099","2018","2018","Self Pay","3",22
,"Jefferson County, MO","29099","2019","2019","Medicaid","1",634
,"Jefferson County, MO","29099","2019","2019","Private Insurance","2",1494
,"Jefferson County, MO","29099","2019","2019","Self Pay","3",17
,"Jefferson County, MO","29099","2020","2020","Medicaid","1",626
,"Jefferson County, MO","29099","2020","2020","Private Insurance","2",1459
,"Jefferson County, MO","29099","2020","2020","Self Pay","3",23
,"Jefferson County, MO","29099","2021","2021","Medicaid","1",591
,"Jefferson County, MO","29099","2021","2021","Private Insurance","2",1455
,"Jefferson County, MO","29099","2021","2021","Self Pay","3",31
,"Jefferson County, MO","29099","2022","2022","Medicaid","1",578
,"Jefferson County, MO","29099","2022","2022","Private Insurance","2",1428
,"Jefferson County, MO","29099","2022","2022","Self Pay","3",25
,"Jefferson County, MO","29099","2023","2023","Medicaid","1",589
,"Jefferson County, MO","29099","2023","2023","Private Insurance","2",1532
,"Jefferson County, MO","29099","2023","2023","Self Pay","3",30
,"Jefferson County, MO","29099","2024","2024","Medicaid","1",578
,"Jefferson County, MO","29099","2024","2024","Private Insurance","2",1556
,"Jefferson County, MO","29099","2024","2024","Self Pay","3",48
,"St. Charles County, MO","29183","2016","2016","Medicaid","1",662
,"St. Charles County, MO","29183","2016","2016","Private Insurance","2",3304
,"St. Charles County, MO","29183","2016","2016","Self Pay","3",26
,"St. Charles County, MO","29183","2017","2017","Medicaid","1",579
,"St. Charles County, MO","29183","2017","2017","Private Insurance","2",3289
,"St. Charles County, MO","29183","2017","2017","Self Pay","3",50
,"St. Charles County, MO","29183","2018","2018","Medicaid","1",571
,"St. Charles County, MO","29183","2018","2018","Private Insurance","2",3264
,"St. Charles County, MO","29183","2018","2018","Self Pay","3",37
,"St. Charles County, MO","29183","2019","2019","Medicaid","1",604
,"St. Charles County, MO","29183","2019","2019","Private Insurance","2",3309
,"St. Charles County, MO","29183","2019","2019","Self Pay","3",45
,"St. Charles County, MO","29183","2020","2020","Medicaid","1",602
,"St. Charles County, MO","29183","2020","2020","Private Insurance","2",3020
,"St. Charles County, MO","29183","2020","2020","Self Pay","3",54
,"St. Charles County, MO","29183","2021","2021","Medicaid","1",525
,"St. Charles County, MO","29183","2021","2021","Private Insurance","2",2995
,"St. Charles County, MO","29183","2021","2021","Self Pay","3",38
,"St. Charles County, MO","29183","2022","2022","Medicaid","1",598
,"St. Charles County, MO","29183","2022","2022","Private Insurance","2",3042
,"St. Charles County, MO","29183","2022","2022","Self Pay","3",47
,"St. Charles County, MO","29183","2023","2023","Medicaid","1",542
,"St. Charles County, MO","29183","2023","2023","Private Insurance","2",2983
,"St. Charles County, MO","29183","2023","2023","Self Pay","3",58
,"St. Charles County, MO","29183","2024","2024","Medicaid","1",555
,"St. Charles County, MO","29183","2024","2024","Private Insurance","2",3112
,"St. Charles County, MO","29183","2024","2024","Self Pay","3",63
,"St. Louis County, MO","29189","2016","2016","Medicaid","1",2788
,"St. Louis County, MO","29189","2016","2016","Private Insurance","2",6778
,"St. Louis County, MO","29189","2016","2016","Self Pay","3",104
,"St. Louis County, MO","29189","2017","2017","Medicaid","1",2690
,"St. Louis County, MO","29189","2017","2017","Private Insurance","2",6225
,"St. Louis County, MO","29189","2017","2017","Self Pay","3",59
,"St. Louis County, MO","29189","2018","2018","Medicaid","1",2649
,"St. Louis County, MO","29189","2018","2018","Private Insurance","2",6481
,"St. Louis County, MO","29189","2018","2018","Self Pay","3",91
,"St. Louis County, MO","29189","2019","2019","Medicaid","1",2905
,"St. Louis County, MO","29189","2019","2019","Private Insurance","2",6669
,"St. Louis County, MO","29189","2019","2019","Self Pay","3",92
,"St. Louis County, MO","29189","2020","2020","Medicaid","1",2730
,"St. Louis County, MO","29189","2020","2020","Private Insurance","2",5925
,"St. Louis County, MO","29189","2020","2020","Self Pay","3",124
,"St. Louis County, MO","29189","2021","2021","Medicaid","1",2419
,"St. Louis County, MO","29189","2021","2021","Private Insurance","2",5824
,"St. Louis County, MO","29189","2021","2021","Self Pay","3",85
,"St. Louis County, MO","29189","2022","2022","Medicaid","1",2881
,"St. Louis County, MO","29189","2022","2022","Private Insurance","2",5779
,"St. Louis County, MO","29189","2022","2022","Self Pay","3",116
,"St. Louis County, MO","29189","2023","2023","Medicaid","1",2783
,"St. Louis County, MO","29189","2023","2023","Private Insurance","2",5627
,"St. Louis County, MO","29189","2023","2023","Self Pay","3",99
,"St. Louis County, MO","29189","2024","2024","Medicaid","1",2748
,"St. Louis County, MO","29189","2024","2024","Private Insurance","2",5956
,"St. Louis County, MO","29189","2024","2024","Self Pay","3",151
,"St. Louis city, MO","29510","2016","2016","Medicaid","1",1955
,"St. Louis city, MO","29510","2016","2016","Private Insurance","2",1475
,"St. Louis city, MO","29510","2016","2016","Self Pay","3",48
,"St. Louis city, MO","29510","2017","2017","Medicaid","1",1659
,"St. Louis city, MO","29510","2017","2017","Private Insurance","2",1359
,"St. Louis city, MO","29510","2017","2017","Self Pay","3",37
,"St. Louis city, MO","29510","2018","2018","Medicaid","1",1533
,"St. Louis city, MO","29510","2018","2018","Private Insurance","2",1463
,"St. Louis city, MO","29510","2018","2018","Self Pay","3",47
,"St. Louis city, MO","29510","2019","2019","Medicaid","1",1691
,"St. Louis city, MO","29510","2019","2019","Private Insurance","2",1489
,"St. Louis city, MO","29510","2019","2019","Self Pay","3",84
,"St. Louis city, MO","29510","2020","2020","Medicaid","1",1405
,"St. Louis city, MO","29510","2020","2020","Private Insurance","2",1481
,"St. Louis city, MO","29510","2020","2020","Self Pay","3",92
,"St. Louis city, MO","29510","2021","2021","Medicaid","1",1520
,"St. Louis city, MO","29510","2021","2021","Private Insurance","2",1437
,"St. Louis city, MO","29510","2021","2021","Self Pay","3",76
,"St. Louis city, MO","29510","2022","2022","Medicaid","1",1502
,"St. Louis city, MO","29510","2022","2022","Private Insurance","2",1357
,"St. Louis city, MO","29510","2022","2022","Self Pay","3",45
,"St. Louis city, MO","29510","2023","2023","Medicaid","1",1463
,"St. Louis city, MO","29510","2023","2023","Private Insurance","2",1390
,"St. Louis city, MO","29510","2023","2023","Self Pay","3",39
,"St. Louis city, MO","29510","2024","2024","Medicaid","1",1340
,"St. Louis city, MO","29510","2024","2024","Private Insurance","2",1410
,"St. Louis city, MO","29510","2024","2024","Self Pay","3",45
,"Unidentified Counties, MO","29999","2016","2016","Medicaid","1",12111
,"Unidentified Counties, MO","29999","2016","2016","Private Insurance","2",13607
,"Unidentified Counties, MO","29999","2016","2016","Self Pay","3",1435
,"Unidentified Counties, MO","29999","2017","2017","Medicaid","1",11663
,"Unidentified Counties, MO","29999","2017","2017","Private Insurance","2",13907
,"Unidentified Counties, MO","29999","2017","2017","Self Pay","3",1380
,"Unidentified Counties, MO","29999","2018","2018","Medicaid","1",12201
,"Unidentified Counties, MO","29999","2018","2018","Private Insurance","2",14089
,"Unidentified Counties, MO","29999","2018","2018","Self Pay","3",1532
,"Unidentified Counties, MO","29999","2019","2019","Medicaid","1",11535
,"Unidentified Counties, MO","29999","2019","2019","Private Insurance","2",13908
,"Unidentified Counties, MO","29999","2019","2019","Self Pay","3",1489
,"Unidentified Counties, MO","29999","2020","2020","Medicaid","1",11404
,"Unidentified Counties, MO","29999","2020","2020","Private Insurance","2",13213
,"Unidentified Counties, MO","29999","2020","2020","Self Pay","3",1425
,"Unidentified Counties, MO","29999","2021","2021","Medicaid","1",11613
,"Unidentified Counties, MO","29999","2021","2021","Private Insurance","2",13235
,"Unidentified Counties, MO","29999","2021","2021","Self Pay","3",1523
,"Unidentified Counties, MO","29999","2022","2022","Medicaid","1",11619
,"Unidentified Counties, MO","29999","2022","2022","Private Insurance","2",13026
,"Unidentified Counties, MO","29999","2022","2022","Self Pay","3",1762
,"Unidentified Counties, MO","29999","2023","2023","Medicaid","1",12019
,"Unidentified Counties, MO","29999","2023","2023","Private Insurance","2",12913
,"Unidentified Counties, MO","29999","2023","2023","Self Pay","3",1615
,"Unidentified Counties, MO","29999","2024","2024","Medicaid","1",11531
,"Unidentified Counties, MO","29999","2024","2024","Private Insurance","2",13235
,"Unidentified Counties, MO","29999","2024","2024","Self Pay","3",1815
"---"
"Dataset: Natality, 2016-2024 expanded"
"Query Parameters:"
"Gestational Diabetes: Yes; No"
"Gestational Hypertension: Yes; No"
"Marital Status: Married; Unmarried"
"Mother's Education: 8th grade or less; 9th through 12th grade with no diploma; High school graduate or GED completed; Some"
"college credit, but not a degree; Associate degree (AA, AS); Bachelor's degree (BA, AB, BS); Master's degree (MA, MS, MEng, MEd,"
"MSW, MBA); Doctorate (PhD, EdD) or Professional Degree (MD, DDS, DVM, LLB, JD)"
"Mother's Hispanic Origin: Hispanic or Latino; Not Hispanic or Latino"
"Mother's Pre-pregnancy BMI: Underweight <18.5; Normal 18.5-24.9; Overweight 25.0-29.9; Obesity I 30.0-34.9; Obesity II"
"35.0-39.9; Extreme Obesity III > 39.9"
"Mother's Single Race 6: American Indian or Alaska Native; Asian; Black or African American; Native Hawaiian or Other Pacific"
"Islander; White; More than one race"
"Number of Prenatal Visits Recode: No visits; 1 to 2 visits; 3 to 4 visits; 5 to 6 visits; 7 to 8 visits; 9 to 10 visits; 11 to"
"12 visits; 13 to 14 visits; 15 to 16 visits; 17 to 18 visits; 19 or more visits"
"OE Gestational Age Recode 11: Under 20 weeks; 20-27 weeks; 28-31 weeks; 32-33 weeks; 34-36 weeks; 37-38 weeks; 39 weeks; 40"
"weeks; 41 weeks; 42 weeks or more"
"Pre-pregnancy Diabetes: Yes; No"
"Pre-pregnancy Hypertension: Yes; No"
"Previous Preterm Birth: Yes; No"
"Prior Births Now Living: 0; 1; 2; 3; 4; 5; 6; 7; 8; 9; 10; 11 or more"
"Prior Other Pregnancy Outcomes: 0; 1; 2; 3; 4; 5; 6 or more"
"Source of Payment for Delivery: Medicaid; Private Insurance; Self Pay"
"States: Missouri (29)"
"Tobacco Use: Yes; No"
"Total Birth Order: 1; 2; 3; 4; 5; 6; 7; 8 or more"
"Trimester Prenatal Care Began: 1st to 3rd month; 4th to 6th month; 7th to final month; No prenatal care"
"Year: 2016; 2017; 2018; 2019; 2020; 2021; 2022; 2023; 2024"
"Group By: County of Residence; Year; Source of Payment for Delivery"
"Show Totals: Disabled"
"Show Zero Values: False"
"Show Suppressed: False"
"Calculate Rates Per: 1,000"
"---"
"Help: See http://wonder.cdc.gov/wonder/help/natality-expanded.html for more information."
"---"
"Query Date: Jun 9, 2026 2:32:58 AM"
"---"
"Suggested Citation: Centers for Disease Control and Prevention, National Center for Health Statistics. National Vital Statistics"
"System, Natality on CDC WONDER Online Database. Data are from the Natality Records 2016-2024, as compiled from data provided by"
"the 57 vital statistics jurisdictions through the Vital Statistics Cooperative Program. Accessed at"
"http://wonder.cdc.gov/natality-expanded-current.html on Jun 9, 2026 2:32:58 AM"
"---"
Messages:
"1. Totals are not available for these results due to suppression constraints. More Information:"
"http://wonder.cdc.gov/wonder/help/faq.html#Privacy."
"2. Rows with suppressed Births are hidden. Use Quick Options above to show suppressed rows."
"---"
Caveats:
"1. 'Suppressed' appears when the data do not meet the criteria for confidentiality constraints. More information:"
"http://wonder.cdc.gov/wonder/help/natality-expanded.html#Assurance of Confidentiality."
"2. Each birth record represents one liveborn infant."
"3. County-level data are shown only for counties with populations of 100,000 persons or more. Within each state, data for all"
"counties with fewer than 100,000 persons are combined together under the label ""Unidentified Counties."""
"4. Beginning in 2017, due to state statutory restrictions, California no longer provides record-level data on the marital status"
"of the mother for births occurring in California to California residents and non-residents (including residents of other"
"states). For these births, ""Marital Status"" is coded as ""Not Reported""."
"5. The independent city of St. Louis, Missouri (FIPS code 29510) is reported separately from St. Louis County (FIPS code 29189)."