"Notes","County of Residence","County of Residence Code","Year","Year Code","Pre-pregnancy Diabetes","Pre-pregnancy Diabetes Code",Births
,"Boone County, MO","29019","2016","2016","Yes","1",17
,"Boone County, MO","29019","2016","2016","No","2",1867
,"Boone County, MO","29019","2017","2017","Yes","1",17
,"Boone County, MO","29019","2017","2017","No","2",1842
,"Boone County, MO","29019","2018","2018","Yes","1",21
,"Boone County, MO","29019","2018","2018","No","2",1800
,"Boone County, MO","29019","2019","2019","Yes","1",20
,"Boone County, MO","29019","2019","2019","No","2",1876
,"Boone County, MO","29019","2020","2020","Yes","1",27
,"Boone County, MO","29019","2020","2020","No","2",1810
,"Boone County, MO","29019","2021","2021","Yes","1",28
,"Boone County, MO","29019","2021","2021","No","2",1729
,"Boone County, MO","29019","2022","2022","Yes","1",28
,"Boone County, MO","29019","2022","2022","No","2",1817
,"Boone County, MO","29019","2023","2023","Yes","1",23
,"Boone County, MO","29019","2023","2023","No","2",1735
,"Boone County, MO","29019","2024","2024","Yes","1",26
,"Boone County, MO","29019","2024","2024","No","2",1805
,"Clay County, MO","29047","2016","2016","Yes","1",17
,"Clay County, MO","29047","2016","2016","No","2",2709
,"Clay County, MO","29047","2017","2017","Yes","1",13
,"Clay County, MO","29047","2017","2017","No","2",2802
,"Clay County, MO","29047","2018","2018","Yes","1",27
,"Clay County, MO","29047","2018","2018","No","2",2874
,"Clay County, MO","29047","2019","2019","Yes","1",25
,"Clay County, MO","29047","2019","2019","No","2",2893
,"Clay County, MO","29047","2020","2020","Yes","1",24
,"Clay County, MO","29047","2020","2020","No","2",2767
,"Clay County, MO","29047","2021","2021","Yes","1",34
,"Clay County, MO","29047","2021","2021","No","2",2592
,"Clay County, MO","29047","2022","2022","Yes","1",29
,"Clay County, MO","29047","2022","2022","No","2",2711
,"Clay County, MO","29047","2023","2023","Yes","1",26
,"Clay County, MO","29047","2023","2023","No","2",2651
,"Clay County, MO","29047","2024","2024","Yes","1",23
,"Clay County, MO","29047","2024","2024","No","2",2790
,"Franklin County, MO","29071","2016","2016","No","2",1130
,"Franklin County, MO","29071","2017","2017","Yes","1",14
,"Franklin County, MO","29071","2017","2017","No","2",1128
,"Franklin County, MO","29071","2018","2018","Yes","1",12
,"Franklin County, MO","29071","2018","2018","No","2",1062
,"Franklin County, MO","29071","2019","2019","Yes","1",15
,"Franklin County, MO","29071","2019","2019","No","2",1107
,"Franklin County, MO","29071","2020","2020","No","2",992
,"Franklin County, MO","29071","2021","2021","Yes","1",10
,"Franklin County, MO","29071","2021","2021","No","2",997
,"Franklin County, MO","29071","2022","2022","Yes","1",14
,"Franklin County, MO","29071","2022","2022","No","2",1013
,"Franklin County, MO","29071","2023","2023","Yes","1",10
,"Franklin County, MO","29071","2023","2023","No","2",1032
,"Franklin County, MO","29071","2024","2024","Yes","1",14
,"Franklin County, MO","29071","2024","2024","No","2",1096
,"Greene County, MO","29077","2016","2016","Yes","1",16
,"Greene County, MO","29077","2016","2016","No","2",2685
,"Greene County, MO","29077","2017","2017","Yes","1",20
,"Greene County, MO","29077","2017","2017","No","2",2821
,"Greene County, MO","29077","2018","2018","Yes","1",21
,"Greene County, MO","29077","2018","2018","No","2",3087
,"Greene County, MO","29077","2019","2019","Yes","1",23
,"Greene County, MO","29077","2019","2019","No","2",3100
,"Greene County, MO","29077","2020","2020","Yes","1",24
,"Greene County, MO","29077","2020","2020","No","2",2991
,"Greene County, MO","29077","2021","2021","Yes","1",26
,"Greene County, MO","29077","2021","2021","No","2",3038
,"Greene County, MO","29077","2022","2022","Yes","1",36
,"Greene County, MO","29077","2022","2022","No","2",2900
,"Greene County, MO","29077","2023","2023","Yes","1",23
,"Greene County, MO","29077","2023","2023","No","2",2977
,"Greene County, MO","29077","2024","2024","Yes","1",29
,"Greene County, MO","29077","2024","2024","No","2",3175
,"Jackson County, MO","29095","2016","2016","Yes","1",83
,"Jackson County, MO","29095","2016","2016","No","2",7984
,"Jackson County, MO","29095","2017","2017","Yes","1",82
,"Jackson County, MO","29095","2017","2017","No","2",8055
,"Jackson County, MO","29095","2018","2018","Yes","1",59
,"Jackson County, MO","29095","2018","2018","No","2",8096
,"Jackson County, MO","29095","2019","2019","Yes","1",87
,"Jackson County, MO","29095","2019","2019","No","2",8002
,"Jackson County, MO","29095","2020","2020","Yes","1",79
,"Jackson County, MO","29095","2020","2020","No","2",7802
,"Jackson County, MO","29095","2021","2021","Yes","1",73
,"Jackson County, MO","29095","2021","2021","No","2",7373
,"Jackson County, MO","29095","2022","2022","Yes","1",108
,"Jackson County, MO","29095","2022","2022","No","2",7827
,"Jackson County, MO","29095","2023","2023","Yes","1",114
,"Jackson County, MO","29095","2023","2023","No","2",7915
,"Jackson County, MO","29095","2024","2024","Yes","1",130
,"Jackson County, MO","29095","2024","2024","No","2",8068
,"Jasper County, MO","29097","2016","2016","Yes","1",14
,"Jasper County, MO","29097","2016","2016","No","2",1580
,"Jasper County, MO","29097","2017","2017","Yes","1",20
,"Jasper County, MO","29097","2017","2017","No","2",1518
,"Jasper County, MO","29097","2018","2018","Yes","1",14
,"Jasper County, MO","29097","2018","2018","No","2",1480
,"Jasper County, MO","29097","2019","2019","No","2",1464
,"Jasper County, MO","29097","2020","2020","Yes","1",19
,"Jasper County, MO","29097","2020","2020","No","2",1411
,"Jasper County, MO","29097","2021","2021","Yes","1",22
,"Jasper County, MO","29097","2021","2021","No","2",1456
,"Jasper County, MO","29097","2022","2022","Yes","1",19
,"Jasper County, MO","29097","2022","2022","No","2",1491
,"Jasper County, MO","29097","2023","2023","Yes","1",22
,"Jasper County, MO","29097","2023","2023","No","2",1357
,"Jasper County, MO","29097","2024","2024","Yes","1",14
,"Jasper County, MO","29097","2024","2024","No","2",1392
,"Jefferson County, MO","29099","2016","2016","Yes","1",16
,"Jefferson County, MO","29099","2016","2016","No","2",2271
,"Jefferson County, MO","29099","2017","2017","Yes","1",19
,"Jefferson County, MO","29099","2017","2017","No","2",2044
,"Jefferson County, MO","29099","2018","2018","Yes","1",15
,"Jefferson County, MO","29099","2018","2018","No","2",2109
,"Jefferson County, MO","29099","2019","2019","Yes","1",16
,"Jefferson County, MO","29099","2019","2019","No","2",2129
,"Jefferson County, MO","29099","2020","2020","Yes","1",17
,"Jefferson County, MO","29099","2020","2020","No","2",2091
,"Jefferson County, MO","29099","2021","2021","Yes","1",21
,"Jefferson County, MO","29099","2021","2021","No","2",2056
,"Jefferson County, MO","29099","2022","2022","Yes","1",24
,"Jefferson County, MO","29099","2022","2022","No","2",2007
,"Jefferson County, MO","29099","2023","2023","Yes","1",28
,"Jefferson County, MO","29099","2023","2023","No","2",2123
,"Jefferson County, MO","29099","2024","2024","Yes","1",29
,"Jefferson County, MO","29099","2024","2024","No","2",2153
,"St. Charles County, MO","29183","2016","2016","Yes","1",22
,"St. Charles County, MO","29183","2016","2016","No","2",3970
,"St. Charles County, MO","29183","2017","2017","Yes","1",19
,"St. Charles County, MO","29183","2017","2017","No","2",3899
,"St. Charles County, MO","29183","2018","2018","Yes","1",17
,"St. Charles County, MO","29183","2018","2018","No","2",3855
,"St. Charles County, MO","29183","2019","2019","Yes","1",32
,"St. Charles County, MO","29183","2019","2019","No","2",3926
,"St. Charles County, MO","29183","2020","2020","Yes","1",27
,"St. Charles County, MO","29183","2020","2020","No","2",3649
,"St. Charles County, MO","29183","2021","2021","Yes","1",49
,"St. Charles County, MO","29183","2021","2021","No","2",3509
,"St. Charles County, MO","29183","2022","2022","Yes","1",38
,"St. Charles County, MO","29183","2022","2022","No","2",3649
,"St. Charles County, MO","29183","2023","2023","Yes","1",45
,"St. Charles County, MO","29183","2023","2023","No","2",3538
,"St. Charles County, MO","29183","2024","2024","Yes","1",51
,"St. Charles County, MO","29183","2024","2024","No","2",3679
,"St. Louis County, MO","29189","2016","2016","Yes","1",69
,"St. Louis County, MO","29189","2016","2016","No","2",9601
,"St. Louis County, MO","29189","2017","2017","Yes","1",71
,"St. Louis County, MO","29189","2017","2017","No","2",8903
,"St. Louis County, MO","29189","2018","2018","Yes","1",90
,"St. Louis County, MO","29189","2018","2018","No","2",9131
,"St. Louis County, MO","29189","2019","2019","Yes","1",119
,"St. Louis County, MO","29189","2019","2019","No","2",9547
,"St. Louis County, MO","29189","2020","2020","Yes","1",94
,"St. Louis County, MO","29189","2020","2020","No","2",8685
,"St. Louis County, MO","29189","2021","2021","Yes","1",102
,"St. Louis County, MO","29189","2021","2021","No","2",8226
,"St. Louis County, MO","29189","2022","2022","Yes","1",115
,"St. Louis County, MO","29189","2022","2022","No","2",8661
,"St. Louis County, MO","29189","2023","2023","Yes","1",143
,"St. Louis County, MO","29189","2023","2023","No","2",8366
,"St. Louis County, MO","29189","2024","2024","Yes","1",107
,"St. Louis County, MO","29189","2024","2024","No","2",8748
,"St. Louis city, MO","29510","2016","2016","Yes","1",32
,"St. Louis city, MO","29510","2016","2016","No","2",3446
,"St. Louis city, MO","29510","2017","2017","Yes","1",36
,"St. Louis city, MO","29510","2017","2017","No","2",3019
,"St. Louis city, MO","29510","2018","2018","Yes","1",35
,"St. Louis city, MO","29510","2018","2018","No","2",3008
,"St. Louis city, MO","29510","2019","2019","Yes","1",45
,"St. Louis city, MO","29510","2019","2019","No","2",3219
,"St. Louis city, MO","29510","2020","2020","Yes","1",37
,"St. Louis city, MO","29510","2020","2020","No","2",2941
,"St. Louis city, MO","29510","2021","2021","Yes","1",41
,"St. Louis city, MO","29510","2021","2021","No","2",2992
,"St. Louis city, MO","29510","2022","2022","Yes","1",35
,"St. Louis city, MO","29510","2022","2022","No","2",2869
,"St. Louis city, MO","29510","2023","2023","Yes","1",33
,"St. Louis city, MO","29510","2023","2023","No","2",2859
,"St. Louis city, MO","29510","2024","2024","Yes","1",44
,"St. Louis city, MO","29510","2024","2024","No","2",2751
,"Unidentified Counties, MO","29999","2016","2016","Yes","1",221
,"Unidentified Counties, MO","29999","2016","2016","No","2",26932
,"Unidentified Counties, MO","29999","2017","2017","Yes","1",252
,"Unidentified Counties, MO","29999","2017","2017","No","2",26698
,"Unidentified Counties, MO","29999","2018","2018","Yes","1",271
,"Unidentified Counties, MO","29999","2018","2018","No","2",27551
,"Unidentified Counties, MO","29999","2019","2019","Yes","1",282
,"Unidentified Counties, MO","29999","2019","2019","No","2",26650
,"Unidentified Counties, MO","29999","2020","2020","Yes","1",311
,"Unidentified Counties, MO","29999","2020","2020","No","2",25731
,"Unidentified Counties, MO","29999","2021","2021","Yes","1",331
,"Unidentified Counties, MO","29999","2021","2021","No","2",26040
,"Unidentified Counties, MO","29999","2022","2022","Yes","1",348
,"Unidentified Counties, MO","29999","2022","2022","No","2",26059
,"Unidentified Counties, MO","29999","2023","2023","Yes","1",320
,"Unidentified Counties, MO","29999","2023","2023","No","2",26227
,"Unidentified Counties, MO","29999","2024","2024","Yes","1",360
,"Unidentified Counties, MO","29999","2024","2024","No","2",26221
"---"
"Dataset: Natality, 2016-2024 expanded"
"Query Parameters:"
"Gestational Diabetes: Yes; No"
"Gestational Hypertension: Yes; No"
"Marital Status: Married; Unmarried"
"Mother's Education: 8th grade or less; 9th through 12th grade with no diploma; High school graduate or GED completed; Some"
"college credit, but not a degree; Associate degree (AA, AS); Bachelor's degree (BA, AB, BS); Master's degree (MA, MS, MEng, MEd,"
"MSW, MBA); Doctorate (PhD, EdD) or Professional Degree (MD, DDS, DVM, LLB, JD)"
"Mother's Hispanic Origin: Hispanic or Latino; Not Hispanic or Latino"
"Mother's Pre-pregnancy BMI: Underweight <18.5; Normal 18.5-24.9; Overweight 25.0-29.9; Obesity I 30.0-34.9; Obesity II"
"35.0-39.9; Extreme Obesity III > 39.9"
"Mother's Single Race 6: American Indian or Alaska Native; Asian; Black or African American; Native Hawaiian or Other Pacific"
"Islander; White; More than one race"
"Number of Prenatal Visits Recode: No visits; 1 to 2 visits; 3 to 4 visits; 5 to 6 visits; 7 to 8 visits; 9 to 10 visits; 11 to"
"12 visits; 13 to 14 visits; 15 to 16 visits; 17 to 18 visits; 19 or more visits"
"OE Gestational Age Recode 11: Under 20 weeks; 20-27 weeks; 28-31 weeks; 32-33 weeks; 34-36 weeks; 37-38 weeks; 39 weeks; 40"
"weeks; 41 weeks; 42 weeks or more"
"Pre-pregnancy Diabetes: Yes; No"
"Pre-pregnancy Hypertension: Yes; No"
"Previous Preterm Birth: Yes; No"
"Prior Births Now Living: 0; 1; 2; 3; 4; 5; 6; 7; 8; 9; 10; 11 or more"
"Prior Other Pregnancy Outcomes: 0; 1; 2; 3; 4; 5; 6 or more"
"Source of Payment for Delivery: Medicaid; Private Insurance; Self Pay"
"States: Missouri (29)"
"Tobacco Use: Yes; No"
"Total Birth Order: 1; 2; 3; 4; 5; 6; 7; 8 or more"
"Trimester Prenatal Care Began: 1st to 3rd month; 4th to 6th month; 7th to final month; No prenatal care"
"Year: 2016; 2017; 2018; 2019; 2020; 2021; 2022; 2023; 2024"
"Group By: County of Residence; Year; Pre-pregnancy Diabetes"
"Show Totals: Disabled"
"Show Zero Values: False"
"Show Suppressed: False"
"Calculate Rates Per: 1,000"
"---"
"Help: See http://wonder.cdc.gov/wonder/help/natality-expanded.html for more information."
"---"
"Query Date: Jun 9, 2026 2:25:45 AM"
"---"
"Suggested Citation: Centers for Disease Control and Prevention, National Center for Health Statistics. National Vital Statistics"
"System, Natality on CDC WONDER Online Database. Data are from the Natality Records 2016-2024, as compiled from data provided by"
"the 57 vital statistics jurisdictions through the Vital Statistics Cooperative Program. Accessed at"
"http://wonder.cdc.gov/natality-expanded-current.html on Jun 9, 2026 2:25:45 AM"
"---"
Messages:
"1. Totals are not available for these results due to suppression constraints. More Information:"
"http://wonder.cdc.gov/wonder/help/faq.html#Privacy."
"2. Rows with suppressed Births are hidden. Use Quick Options above to show suppressed rows."
"---"
Caveats:
"1. 'Suppressed' appears when the data do not meet the criteria for confidentiality constraints. More information:"
"http://wonder.cdc.gov/wonder/help/natality-expanded.html#Assurance of Confidentiality."
"2. Each birth record represents one liveborn infant."
"3. County-level data are shown only for counties with populations of 100,000 persons or more. Within each state, data for all"
"counties with fewer than 100,000 persons are combined together under the label ""Unidentified Counties."""
"4. Beginning in 2017, due to state statutory restrictions, California no longer provides record-level data on the marital status"
"of the mother for births occurring in California to California residents and non-residents (including residents of other"
"states). For these births, ""Marital Status"" is coded as ""Not Reported""."
"5. The independent city of St. Louis, Missouri (FIPS code 29510) is reported separately from St. Louis County (FIPS code 29189)."