"Notes","County of Residence","County of Residence Code","Year","Year Code","Trimester Prenatal Care Began","Trimester Prenatal Care Began Code",Births
,"Boone County, MO","29019","2016","2016","1st to 3rd month","1",1588
,"Boone County, MO","29019","2016","2016","4th to 6th month","2",244
,"Boone County, MO","29019","2016","2016","7th to final month","3",45
,"Boone County, MO","29019","2017","2017","1st to 3rd month","1",1577
,"Boone County, MO","29019","2017","2017","4th to 6th month","2",231
,"Boone County, MO","29019","2017","2017","7th to final month","3",44
,"Boone County, MO","29019","2018","2018","1st to 3rd month","1",1545
,"Boone County, MO","29019","2018","2018","4th to 6th month","2",230
,"Boone County, MO","29019","2018","2018","7th to final month","3",40
,"Boone County, MO","29019","2019","2019","1st to 3rd month","1",1589
,"Boone County, MO","29019","2019","2019","4th to 6th month","2",229
,"Boone County, MO","29019","2019","2019","7th to final month","3",67
,"Boone County, MO","29019","2019","2019","No prenatal care","4",11
,"Boone County, MO","29019","2020","2020","1st to 3rd month","1",1553
,"Boone County, MO","29019","2020","2020","4th to 6th month","2",218
,"Boone County, MO","29019","2020","2020","7th to final month","3",55
,"Boone County, MO","29019","2020","2020","No prenatal care","4",11
,"Boone County, MO","29019","2021","2021","1st to 3rd month","1",1491
,"Boone County, MO","29019","2021","2021","4th to 6th month","2",201
,"Boone County, MO","29019","2021","2021","7th to final month","3",53
,"Boone County, MO","29019","2021","2021","No prenatal care","4",12
,"Boone County, MO","29019","2022","2022","1st to 3rd month","1",1566
,"Boone County, MO","29019","2022","2022","4th to 6th month","2",210
,"Boone County, MO","29019","2022","2022","7th to final month","3",57
,"Boone County, MO","29019","2022","2022","No prenatal care","4",12
,"Boone County, MO","29019","2023","2023","1st to 3rd month","1",1467
,"Boone County, MO","29019","2023","2023","4th to 6th month","2",235
,"Boone County, MO","29019","2023","2023","7th to final month","3",51
,"Boone County, MO","29019","2024","2024","1st to 3rd month","1",1516
,"Boone County, MO","29019","2024","2024","4th to 6th month","2",263
,"Boone County, MO","29019","2024","2024","7th to final month","3",44
,"Clay County, MO","29047","2016","2016","1st to 3rd month","1",2163
,"Clay County, MO","29047","2016","2016","4th to 6th month","2",433
,"Clay County, MO","29047","2016","2016","7th to final month","3",100
,"Clay County, MO","29047","2016","2016","No prenatal care","4",30
,"Clay County, MO","29047","2017","2017","1st to 3rd month","1",2200
,"Clay County, MO","29047","2017","2017","4th to 6th month","2",498
,"Clay County, MO","29047","2017","2017","7th to final month","3",93
,"Clay County, MO","29047","2017","2017","No prenatal care","4",24
,"Clay County, MO","29047","2018","2018","1st to 3rd month","1",2254
,"Clay County, MO","29047","2018","2018","4th to 6th month","2",524
,"Clay County, MO","29047","2018","2018","7th to final month","3",100
,"Clay County, MO","29047","2018","2018","No prenatal care","4",23
,"Clay County, MO","29047","2019","2019","1st to 3rd month","1",2325
,"Clay County, MO","29047","2019","2019","4th to 6th month","2",456
,"Clay County, MO","29047","2019","2019","7th to final month","3",111
,"Clay County, MO","29047","2019","2019","No prenatal care","4",26
,"Clay County, MO","29047","2020","2020","1st to 3rd month","1",2195
,"Clay County, MO","29047","2020","2020","4th to 6th month","2",461
,"Clay County, MO","29047","2020","2020","7th to final month","3",99
,"Clay County, MO","29047","2020","2020","No prenatal care","4",36
,"Clay County, MO","29047","2021","2021","1st to 3rd month","1",2144
,"Clay County, MO","29047","2021","2021","4th to 6th month","2",367
,"Clay County, MO","29047","2021","2021","7th to final month","3",83
,"Clay County, MO","29047","2021","2021","No prenatal care","4",32
,"Clay County, MO","29047","2022","2022","1st to 3rd month","1",2232
,"Clay County, MO","29047","2022","2022","4th to 6th month","2",388
,"Clay County, MO","29047","2022","2022","7th to final month","3",98
,"Clay County, MO","29047","2022","2022","No prenatal care","4",22
,"Clay County, MO","29047","2023","2023","1st to 3rd month","1",2165
,"Clay County, MO","29047","2023","2023","4th to 6th month","2",391
,"Clay County, MO","29047","2023","2023","7th to final month","3",80
,"Clay County, MO","29047","2023","2023","No prenatal care","4",41
,"Clay County, MO","29047","2024","2024","1st to 3rd month","1",2273
,"Clay County, MO","29047","2024","2024","4th to 6th month","2",422
,"Clay County, MO","29047","2024","2024","7th to final month","3",87
,"Clay County, MO","29047","2024","2024","No prenatal care","4",31
,"Franklin County, MO","29071","2016","2016","1st to 3rd month","1",990
,"Franklin County, MO","29071","2016","2016","4th to 6th month","2",106
,"Franklin County, MO","29071","2016","2016","7th to final month","3",38
,"Franklin County, MO","29071","2017","2017","1st to 3rd month","1",985
,"Franklin County, MO","29071","2017","2017","4th to 6th month","2",127
,"Franklin County, MO","29071","2017","2017","7th to final month","3",25
,"Franklin County, MO","29071","2018","2018","1st to 3rd month","1",911
,"Franklin County, MO","29071","2018","2018","4th to 6th month","2",139
,"Franklin County, MO","29071","2018","2018","7th to final month","3",19
,"Franklin County, MO","29071","2019","2019","1st to 3rd month","1",936
,"Franklin County, MO","29071","2019","2019","4th to 6th month","2",137
,"Franklin County, MO","29071","2019","2019","7th to final month","3",43
,"Franklin County, MO","29071","2020","2020","1st to 3rd month","1",826
,"Franklin County, MO","29071","2020","2020","4th to 6th month","2",139
,"Franklin County, MO","29071","2020","2020","7th to final month","3",25
,"Franklin County, MO","29071","2020","2020","No prenatal care","4",11
,"Franklin County, MO","29071","2021","2021","1st to 3rd month","1",867
,"Franklin County, MO","29071","2021","2021","4th to 6th month","2",104
,"Franklin County, MO","29071","2021","2021","7th to final month","3",25
,"Franklin County, MO","29071","2021","2021","No prenatal care","4",11
,"Franklin County, MO","29071","2022","2022","1st to 3rd month","1",863
,"Franklin County, MO","29071","2022","2022","4th to 6th month","2",128
,"Franklin County, MO","29071","2022","2022","7th to final month","3",30
,"Franklin County, MO","29071","2023","2023","1st to 3rd month","1",870
,"Franklin County, MO","29071","2023","2023","4th to 6th month","2",143
,"Franklin County, MO","29071","2023","2023","7th to final month","3",19
,"Franklin County, MO","29071","2023","2023","No prenatal care","4",10
,"Franklin County, MO","29071","2024","2024","1st to 3rd month","1",937
,"Franklin County, MO","29071","2024","2024","4th to 6th month","2",136
,"Franklin County, MO","29071","2024","2024","7th to final month","3",24
,"Franklin County, MO","29071","2024","2024","No prenatal care","4",13
,"Greene County, MO","29077","2016","2016","1st to 3rd month","1",1993
,"Greene County, MO","29077","2016","2016","4th to 6th month","2",511
,"Greene County, MO","29077","2016","2016","7th to final month","3",143
,"Greene County, MO","29077","2016","2016","No prenatal care","4",54
,"Greene County, MO","29077","2017","2017","1st to 3rd month","1",2164
,"Greene County, MO","29077","2017","2017","4th to 6th month","2",481
,"Greene County, MO","29077","2017","2017","7th to final month","3",127
,"Greene County, MO","29077","2017","2017","No prenatal care","4",69
,"Greene County, MO","29077","2018","2018","1st to 3rd month","1",2278
,"Greene County, MO","29077","2018","2018","4th to 6th month","2",502
,"Greene County, MO","29077","2018","2018","7th to final month","3",180
,"Greene County, MO","29077","2018","2018","No prenatal care","4",148
,"Greene County, MO","29077","2019","2019","1st to 3rd month","1",2303
,"Greene County, MO","29077","2019","2019","4th to 6th month","2",499
,"Greene County, MO","29077","2019","2019","7th to final month","3",144
,"Greene County, MO","29077","2019","2019","No prenatal care","4",177
,"Greene County, MO","29077","2020","2020","1st to 3rd month","1",2331
,"Greene County, MO","29077","2020","2020","4th to 6th month","2",401
,"Greene County, MO","29077","2020","2020","7th to final month","3",130
,"Greene County, MO","29077","2020","2020","No prenatal care","4",153
,"Greene County, MO","29077","2021","2021","1st to 3rd month","1",2389
,"Greene County, MO","29077","2021","2021","4th to 6th month","2",412
,"Greene County, MO","29077","2021","2021","7th to final month","3",124
,"Greene County, MO","29077","2021","2021","No prenatal care","4",139
,"Greene County, MO","29077","2022","2022","1st to 3rd month","1",2208
,"Greene County, MO","29077","2022","2022","4th to 6th month","2",467
,"Greene County, MO","29077","2022","2022","7th to final month","3",143
,"Greene County, MO","29077","2022","2022","No prenatal care","4",118
,"Greene County, MO","29077","2023","2023","1st to 3rd month","1",2281
,"Greene County, MO","29077","2023","2023","4th to 6th month","2",446
,"Greene County, MO","29077","2023","2023","7th to final month","3",129
,"Greene County, MO","29077","2023","2023","No prenatal care","4",144
,"Greene County, MO","29077","2024","2024","1st to 3rd month","1",2392
,"Greene County, MO","29077","2024","2024","4th to 6th month","2",534
,"Greene County, MO","29077","2024","2024","7th to final month","3",169
,"Greene County, MO","29077","2024","2024","No prenatal care","4",109
,"Jackson County, MO","29095","2016","2016","1st to 3rd month","1",5820
,"Jackson County, MO","29095","2016","2016","4th to 6th month","2",1682
,"Jackson County, MO","29095","2016","2016","7th to final month","3",433
,"Jackson County, MO","29095","2016","2016","No prenatal care","4",132
,"Jackson County, MO","29095","2017","2017","1st to 3rd month","1",5737
,"Jackson County, MO","29095","2017","2017","4th to 6th month","2",1768
,"Jackson County, MO","29095","2017","2017","7th to final month","3",464
,"Jackson County, MO","29095","2017","2017","No prenatal care","4",168
,"Jackson County, MO","29095","2018","2018","1st to 3rd month","1",5726
,"Jackson County, MO","29095","2018","2018","4th to 6th month","2",1799
,"Jackson County, MO","29095","2018","2018","7th to final month","3",480
,"Jackson County, MO","29095","2018","2018","No prenatal care","4",150
,"Jackson County, MO","29095","2019","2019","1st to 3rd month","1",5775
,"Jackson County, MO","29095","2019","2019","4th to 6th month","2",1682
,"Jackson County, MO","29095","2019","2019","7th to final month","3",458
,"Jackson County, MO","29095","2019","2019","No prenatal care","4",174
,"Jackson County, MO","29095","2020","2020","1st to 3rd month","1",5601
,"Jackson County, MO","29095","2020","2020","4th to 6th month","2",1662
,"Jackson County, MO","29095","2020","2020","7th to final month","3",462
,"Jackson County, MO","29095","2020","2020","No prenatal care","4",156
,"Jackson County, MO","29095","2021","2021","1st to 3rd month","1",5567
,"Jackson County, MO","29095","2021","2021","4th to 6th month","2",1408
,"Jackson County, MO","29095","2021","2021","7th to final month","3",332
,"Jackson County, MO","29095","2021","2021","No prenatal care","4",139
,"Jackson County, MO","29095","2022","2022","1st to 3rd month","1",5880
,"Jackson County, MO","29095","2022","2022","4th to 6th month","2",1525
,"Jackson County, MO","29095","2022","2022","7th to final month","3",382
,"Jackson County, MO","29095","2022","2022","No prenatal care","4",148
,"Jackson County, MO","29095","2023","2023","1st to 3rd month","1",5835
,"Jackson County, MO","29095","2023","2023","4th to 6th month","2",1651
,"Jackson County, MO","29095","2023","2023","7th to final month","3",374
,"Jackson County, MO","29095","2023","2023","No prenatal care","4",169
,"Jackson County, MO","29095","2024","2024","1st to 3rd month","1",5850
,"Jackson County, MO","29095","2024","2024","4th to 6th month","2",1781
,"Jackson County, MO","29095","2024","2024","7th to final month","3",364
,"Jackson County, MO","29095","2024","2024","No prenatal care","4",203
,"Jasper County, MO","29097","2016","2016","1st to 3rd month","1",1210
,"Jasper County, MO","29097","2016","2016","4th to 6th month","2",310
,"Jasper County, MO","29097","2016","2016","7th to final month","3",61
,"Jasper County, MO","29097","2016","2016","No prenatal care","4",13
,"Jasper County, MO","29097","2017","2017","1st to 3rd month","1",1195
,"Jasper County, MO","29097","2017","2017","4th to 6th month","2",264
,"Jasper County, MO","29097","2017","2017","7th to final month","3",65
,"Jasper County, MO","29097","2017","2017","No prenatal care","4",14
,"Jasper County, MO","29097","2018","2018","1st to 3rd month","1",1143
,"Jasper County, MO","29097","2018","2018","4th to 6th month","2",294
,"Jasper County, MO","29097","2018","2018","7th to final month","3",42
,"Jasper County, MO","29097","2018","2018","No prenatal care","4",15
,"Jasper County, MO","29097","2019","2019","1st to 3rd month","1",1109
,"Jasper County, MO","29097","2019","2019","4th to 6th month","2",260
,"Jasper County, MO","29097","2019","2019","7th to final month","3",82
,"Jasper County, MO","29097","2019","2019","No prenatal care","4",22
,"Jasper County, MO","29097","2020","2020","1st to 3rd month","1",1100
,"Jasper County, MO","29097","2020","2020","4th to 6th month","2",253
,"Jasper County, MO","29097","2020","2020","7th to final month","3",54
,"Jasper County, MO","29097","2020","2020","No prenatal care","4",23
,"Jasper County, MO","29097","2021","2021","1st to 3rd month","1",1227
,"Jasper County, MO","29097","2021","2021","4th to 6th month","2",196
,"Jasper County, MO","29097","2021","2021","7th to final month","3",35
,"Jasper County, MO","29097","2021","2021","No prenatal care","4",20
,"Jasper County, MO","29097","2022","2022","1st to 3rd month","1",1186
,"Jasper County, MO","29097","2022","2022","4th to 6th month","2",255
,"Jasper County, MO","29097","2022","2022","7th to final month","3",51
,"Jasper County, MO","29097","2022","2022","No prenatal care","4",18
,"Jasper County, MO","29097","2023","2023","1st to 3rd month","1",1079
,"Jasper County, MO","29097","2023","2023","4th to 6th month","2",235
,"Jasper County, MO","29097","2023","2023","7th to final month","3",46
,"Jasper County, MO","29097","2023","2023","No prenatal care","4",19
,"Jasper County, MO","29097","2024","2024","1st to 3rd month","1",1093
,"Jasper County, MO","29097","2024","2024","4th to 6th month","2",241
,"Jasper County, MO","29097","2024","2024","7th to final month","3",51
,"Jasper County, MO","29097","2024","2024","No prenatal care","4",21
,"Jefferson County, MO","29099","2016","2016","1st to 3rd month","1",1924
,"Jefferson County, MO","29099","2016","2016","4th to 6th month","2",296
,"Jefferson County, MO","29099","2016","2016","7th to final month","3",44
,"Jefferson County, MO","29099","2016","2016","No prenatal care","4",23
,"Jefferson County, MO","29099","2017","2017","1st to 3rd month","1",1654
,"Jefferson County, MO","29099","2017","2017","4th to 6th month","2",347
,"Jefferson County, MO","29099","2017","2017","7th to final month","3",48
,"Jefferson County, MO","29099","2017","2017","No prenatal care","4",14
,"Jefferson County, MO","29099","2018","2018","1st to 3rd month","1",1637
,"Jefferson County, MO","29099","2018","2018","4th to 6th month","2",400
,"Jefferson County, MO","29099","2018","2018","7th to final month","3",66
,"Jefferson County, MO","29099","2018","2018","No prenatal care","4",21
,"Jefferson County, MO","29099","2019","2019","1st to 3rd month","1",1641
,"Jefferson County, MO","29099","2019","2019","4th to 6th month","2",394
,"Jefferson County, MO","29099","2019","2019","7th to final month","3",76
,"Jefferson County, MO","29099","2019","2019","No prenatal care","4",34
,"Jefferson County, MO","29099","2020","2020","1st to 3rd month","1",1531
,"Jefferson County, MO","29099","2020","2020","4th to 6th month","2",483
,"Jefferson County, MO","29099","2020","2020","7th to final month","3",69
,"Jefferson County, MO","29099","2020","2020","No prenatal care","4",25
,"Jefferson County, MO","29099","2021","2021","1st to 3rd month","1",1627
,"Jefferson County, MO","29099","2021","2021","4th to 6th month","2",376
,"Jefferson County, MO","29099","2021","2021","7th to final month","3",55
,"Jefferson County, MO","29099","2021","2021","No prenatal care","4",19
,"Jefferson County, MO","29099","2022","2022","1st to 3rd month","1",1557
,"Jefferson County, MO","29099","2022","2022","4th to 6th month","2",389
,"Jefferson County, MO","29099","2022","2022","7th to final month","3",63
,"Jefferson County, MO","29099","2022","2022","No prenatal care","4",22
,"Jefferson County, MO","29099","2023","2023","1st to 3rd month","1",1675
,"Jefferson County, MO","29099","2023","2023","4th to 6th month","2",382
,"Jefferson County, MO","29099","2023","2023","7th to final month","3",60
,"Jefferson County, MO","29099","2023","2023","No prenatal care","4",34
,"Jefferson County, MO","29099","2024","2024","1st to 3rd month","1",1715
,"Jefferson County, MO","29099","2024","2024","4th to 6th month","2",371
,"Jefferson County, MO","29099","2024","2024","7th to final month","3",67
,"Jefferson County, MO","29099","2024","2024","No prenatal care","4",29
,"St. Charles County, MO","29183","2016","2016","1st to 3rd month","1",3491
,"St. Charles County, MO","29183","2016","2016","4th to 6th month","2",400
,"St. Charles County, MO","29183","2016","2016","7th to final month","3",86
,"St. Charles County, MO","29183","2016","2016","No prenatal care","4",15
,"St. Charles County, MO","29183","2017","2017","1st to 3rd month","1",3328
,"St. Charles County, MO","29183","2017","2017","4th to 6th month","2",494
,"St. Charles County, MO","29183","2017","2017","7th to final month","3",81
,"St. Charles County, MO","29183","2017","2017","No prenatal care","4",15
,"St. Charles County, MO","29183","2018","2018","1st to 3rd month","1",3363
,"St. Charles County, MO","29183","2018","2018","4th to 6th month","2",418
,"St. Charles County, MO","29183","2018","2018","7th to final month","3",76
,"St. Charles County, MO","29183","2018","2018","No prenatal care","4",15
,"St. Charles County, MO","29183","2019","2019","1st to 3rd month","1",3377
,"St. Charles County, MO","29183","2019","2019","4th to 6th month","2",471
,"St. Charles County, MO","29183","2019","2019","7th to final month","3",84
,"St. Charles County, MO","29183","2019","2019","No prenatal care","4",26
,"St. Charles County, MO","29183","2020","2020","1st to 3rd month","1",3100
,"St. Charles County, MO","29183","2020","2020","4th to 6th month","2",477
,"St. Charles County, MO","29183","2020","2020","7th to final month","3",73
,"St. Charles County, MO","29183","2020","2020","No prenatal care","4",26
,"St. Charles County, MO","29183","2021","2021","1st to 3rd month","1",2992
,"St. Charles County, MO","29183","2021","2021","4th to 6th month","2",477
,"St. Charles County, MO","29183","2021","2021","7th to final month","3",72
,"St. Charles County, MO","29183","2021","2021","No prenatal care","4",17
,"St. Charles County, MO","29183","2022","2022","1st to 3rd month","1",3006
,"St. Charles County, MO","29183","2022","2022","4th to 6th month","2",545
,"St. Charles County, MO","29183","2022","2022","7th to final month","3",104
,"St. Charles County, MO","29183","2022","2022","No prenatal care","4",32
,"St. Charles County, MO","29183","2023","2023","1st to 3rd month","1",2902
,"St. Charles County, MO","29183","2023","2023","4th to 6th month","2",561
,"St. Charles County, MO","29183","2023","2023","7th to final month","3",95
,"St. Charles County, MO","29183","2023","2023","No prenatal care","4",25
,"St. Charles County, MO","29183","2024","2024","1st to 3rd month","1",2990
,"St. Charles County, MO","29183","2024","2024","4th to 6th month","2",594
,"St. Charles County, MO","29183","2024","2024","7th to final month","3",103
,"St. Charles County, MO","29183","2024","2024","No prenatal care","4",43
,"St. Louis County, MO","29189","2016","2016","1st to 3rd month","1",7966
,"St. Louis County, MO","29189","2016","2016","4th to 6th month","2",1381
,"St. Louis County, MO","29189","2016","2016","7th to final month","3",247
,"St. Louis County, MO","29189","2016","2016","No prenatal care","4",76
,"St. Louis County, MO","29189","2017","2017","1st to 3rd month","1",7097
,"St. Louis County, MO","29189","2017","2017","4th to 6th month","2",1495
,"St. Louis County, MO","29189","2017","2017","7th to final month","3",302
,"St. Louis County, MO","29189","2017","2017","No prenatal care","4",80
,"St. Louis County, MO","29189","2018","2018","1st to 3rd month","1",7042
,"St. Louis County, MO","29189","2018","2018","4th to 6th month","2",1651
,"St. Louis County, MO","29189","2018","2018","7th to final month","3",394
,"St. Louis County, MO","29189","2018","2018","No prenatal care","4",134
,"St. Louis County, MO","29189","2019","2019","1st to 3rd month","1",7281
,"St. Louis County, MO","29189","2019","2019","4th to 6th month","2",1752
,"St. Louis County, MO","29189","2019","2019","7th to final month","3",404
,"St. Louis County, MO","29189","2019","2019","No prenatal care","4",229
,"St. Louis County, MO","29189","2020","2020","1st to 3rd month","1",6579
,"St. Louis County, MO","29189","2020","2020","4th to 6th month","2",1709
,"St. Louis County, MO","29189","2020","2020","7th to final month","3",333
,"St. Louis County, MO","29189","2020","2020","No prenatal care","4",158
,"St. Louis County, MO","29189","2021","2021","1st to 3rd month","1",6507
,"St. Louis County, MO","29189","2021","2021","4th to 6th month","2",1383
,"St. Louis County, MO","29189","2021","2021","7th to final month","3",266
,"St. Louis County, MO","29189","2021","2021","No prenatal care","4",172
,"St. Louis County, MO","29189","2022","2022","1st to 3rd month","1",6400
,"St. Louis County, MO","29189","2022","2022","4th to 6th month","2",1730
,"St. Louis County, MO","29189","2022","2022","7th to final month","3",417
,"St. Louis County, MO","29189","2022","2022","No prenatal care","4",229
,"St. Louis County, MO","29189","2023","2023","1st to 3rd month","1",6167
,"St. Louis County, MO","29189","2023","2023","4th to 6th month","2",1724
,"St. Louis County, MO","29189","2023","2023","7th to final month","3",360
,"St. Louis County, MO","29189","2023","2023","No prenatal care","4",258
,"St. Louis County, MO","29189","2024","2024","1st to 3rd month","1",6528
,"St. Louis County, MO","29189","2024","2024","4th to 6th month","2",1669
,"St. Louis County, MO","29189","2024","2024","7th to final month","3",401
,"St. Louis County, MO","29189","2024","2024","No prenatal care","4",257
,"St. Louis city, MO","29510","2016","2016","1st to 3rd month","1",2575
,"St. Louis city, MO","29510","2016","2016","4th to 6th month","2",689
,"St. Louis city, MO","29510","2016","2016","7th to final month","3",127
,"St. Louis city, MO","29510","2016","2016","No prenatal care","4",87
,"St. Louis city, MO","29510","2017","2017","1st to 3rd month","1",2205
,"St. Louis city, MO","29510","2017","2017","4th to 6th month","2",640
,"St. Louis city, MO","29510","2017","2017","7th to final month","3",149
,"St. Louis city, MO","29510","2017","2017","No prenatal care","4",61
,"St. Louis city, MO","29510","2018","2018","1st to 3rd month","1",1948
,"St. Louis city, MO","29510","2018","2018","4th to 6th month","2",678
,"St. Louis city, MO","29510","2018","2018","7th to final month","3",292
,"St. Louis city, MO","29510","2018","2018","No prenatal care","4",125
,"St. Louis city, MO","29510","2019","2019","1st to 3rd month","1",1976
,"St. Louis city, MO","29510","2019","2019","4th to 6th month","2",714
,"St. Louis city, MO","29510","2019","2019","7th to final month","3",256
,"St. Louis city, MO","29510","2019","2019","No prenatal care","4",318
,"St. Louis city, MO","29510","2020","2020","1st to 3rd month","1",1976
,"St. Louis city, MO","29510","2020","2020","4th to 6th month","2",625
,"St. Louis city, MO","29510","2020","2020","7th to final month","3",204
,"St. Louis city, MO","29510","2020","2020","No prenatal care","4",173
,"St. Louis city, MO","29510","2021","2021","1st to 3rd month","1",1974
,"St. Louis city, MO","29510","2021","2021","4th to 6th month","2",587
,"St. Louis city, MO","29510","2021","2021","7th to final month","3",216
,"St. Louis city, MO","29510","2021","2021","No prenatal care","4",256
,"St. Louis city, MO","29510","2022","2022","1st to 3rd month","1",1772
,"St. Louis city, MO","29510","2022","2022","4th to 6th month","2",656
,"St. Louis city, MO","29510","2022","2022","7th to final month","3",242
,"St. Louis city, MO","29510","2022","2022","No prenatal care","4",234
,"St. Louis city, MO","29510","2023","2023","1st to 3rd month","1",1781
,"St. Louis city, MO","29510","2023","2023","4th to 6th month","2",615
,"St. Louis city, MO","29510","2023","2023","7th to final month","3",243
,"St. Louis city, MO","29510","2023","2023","No prenatal care","4",253
,"St. Louis city, MO","29510","2024","2024","1st to 3rd month","1",1785
,"St. Louis city, MO","29510","2024","2024","4th to 6th month","2",557
,"St. Louis city, MO","29510","2024","2024","7th to final month","3",240
,"St. Louis city, MO","29510","2024","2024","No prenatal care","4",213
,"Unidentified Counties, MO","29999","2016","2016","1st to 3rd month","1",20927
,"Unidentified Counties, MO","29999","2016","2016","4th to 6th month","2",4800
,"Unidentified Counties, MO","29999","2016","2016","7th to final month","3",1158
,"Unidentified Counties, MO","29999","2016","2016","No prenatal care","4",268
,"Unidentified Counties, MO","29999","2017","2017","1st to 3rd month","1",20830
,"Unidentified Counties, MO","29999","2017","2017","4th to 6th month","2",4703
,"Unidentified Counties, MO","29999","2017","2017","7th to final month","3",1143
,"Unidentified Counties, MO","29999","2017","2017","No prenatal care","4",274
,"Unidentified Counties, MO","29999","2018","2018","1st to 3rd month","1",21297
,"Unidentified Counties, MO","29999","2018","2018","4th to 6th month","2",4961
,"Unidentified Counties, MO","29999","2018","2018","7th to final month","3",1213
,"Unidentified Counties, MO","29999","2018","2018","No prenatal care","4",351
,"Unidentified Counties, MO","29999","2019","2019","1st to 3rd month","1",20966
,"Unidentified Counties, MO","29999","2019","2019","4th to 6th month","2",4372
,"Unidentified Counties, MO","29999","2019","2019","7th to final month","3",1224
,"Unidentified Counties, MO","29999","2019","2019","No prenatal care","4",370
,"Unidentified Counties, MO","29999","2020","2020","1st to 3rd month","1",20231
,"Unidentified Counties, MO","29999","2020","2020","4th to 6th month","2",4379
,"Unidentified Counties, MO","29999","2020","2020","7th to final month","3",1068
,"Unidentified Counties, MO","29999","2020","2020","No prenatal care","4",364
,"Unidentified Counties, MO","29999","2021","2021","1st to 3rd month","1",21022
,"Unidentified Counties, MO","29999","2021","2021","4th to 6th month","2",3955
,"Unidentified Counties, MO","29999","2021","2021","7th to final month","3",1066
,"Unidentified Counties, MO","29999","2021","2021","No prenatal care","4",328
,"Unidentified Counties, MO","29999","2022","2022","1st to 3rd month","1",20809
,"Unidentified Counties, MO","29999","2022","2022","4th to 6th month","2",4206
,"Unidentified Counties, MO","29999","2022","2022","7th to final month","3",1039
,"Unidentified Counties, MO","29999","2022","2022","No prenatal care","4",353
,"Unidentified Counties, MO","29999","2023","2023","1st to 3rd month","1",20901
,"Unidentified Counties, MO","29999","2023","2023","4th to 6th month","2",4242
,"Unidentified Counties, MO","29999","2023","2023","7th to final month","3",1036
,"Unidentified Counties, MO","29999","2023","2023","No prenatal care","4",368
,"Unidentified Counties, MO","29999","2024","2024","1st to 3rd month","1",20796
,"Unidentified Counties, MO","29999","2024","2024","4th to 6th month","2",4460
,"Unidentified Counties, MO","29999","2024","2024","7th to final month","3",975
,"Unidentified Counties, MO","29999","2024","2024","No prenatal care","4",350
"---"
"Dataset: Natality, 2016-2024 expanded"
"Query Parameters:"
"Gestational Diabetes: Yes; No"
"Gestational Hypertension: Yes; No"
"Marital Status: Married; Unmarried"
"Mother's Education: 8th grade or less; 9th through 12th grade with no diploma; High school graduate or GED completed; Some"
"college credit, but not a degree; Associate degree (AA, AS); Bachelor's degree (BA, AB, BS); Master's degree (MA, MS, MEng, MEd,"
"MSW, MBA); Doctorate (PhD, EdD) or Professional Degree (MD, DDS, DVM, LLB, JD)"
"Mother's Hispanic Origin: Hispanic or Latino; Not Hispanic or Latino"
"Mother's Pre-pregnancy BMI: Underweight <18.5; Normal 18.5-24.9; Overweight 25.0-29.9; Obesity I 30.0-34.9; Obesity II"
"35.0-39.9; Extreme Obesity III > 39.9"
"Mother's Single Race 6: American Indian or Alaska Native; Asian; Black or African American; Native Hawaiian or Other Pacific"
"Islander; White; More than one race"
"Number of Prenatal Visits Recode: No visits; 1 to 2 visits; 3 to 4 visits; 5 to 6 visits; 7 to 8 visits; 9 to 10 visits; 11 to"
"12 visits; 13 to 14 visits; 15 to 16 visits; 17 to 18 visits; 19 or more visits"
"OE Gestational Age Recode 11: Under 20 weeks; 20-27 weeks; 28-31 weeks; 32-33 weeks; 34-36 weeks; 37-38 weeks; 39 weeks; 40"
"weeks; 41 weeks; 42 weeks or more"
"Pre-pregnancy Diabetes: Yes; No"
"Pre-pregnancy Hypertension: Yes; No"
"Previous Preterm Birth: Yes; No"
"Prior Births Now Living: 0; 1; 2; 3; 4; 5; 6; 7; 8; 9; 10; 11 or more"
"Prior Other Pregnancy Outcomes: 0; 1; 2; 3; 4; 5; 6 or more"
"Source of Payment for Delivery: Medicaid; Private Insurance; Self Pay"
"States: Missouri (29)"
"Tobacco Use: Yes; No"
"Total Birth Order: 1; 2; 3; 4; 5; 6; 7; 8 or more"
"Trimester Prenatal Care Began: 1st to 3rd month; 4th to 6th month; 7th to final month; No prenatal care"
"Year: 2016; 2017; 2018; 2019; 2020; 2021; 2022; 2023; 2024"
"Group By: County of Residence; Year; Trimester Prenatal Care Began"
"Show Totals: Disabled"
"Show Zero Values: False"
"Show Suppressed: False"
"Calculate Rates Per: 1,000"
"---"
"Help: See http://wonder.cdc.gov/wonder/help/natality-expanded.html for more information."
"---"
"Query Date: Jun 9, 2026 2:30:08 AM"
"---"
"Suggested Citation: Centers for Disease Control and Prevention, National Center for Health Statistics. National Vital Statistics"
"System, Natality on CDC WONDER Online Database. Data are from the Natality Records 2016-2024, as compiled from data provided by"
"the 57 vital statistics jurisdictions through the Vital Statistics Cooperative Program. Accessed at"
"http://wonder.cdc.gov/natality-expanded-current.html on Jun 9, 2026 2:30:08 AM"
"---"
Messages:
"1. Totals are not available for these results due to suppression constraints. More Information:"
"http://wonder.cdc.gov/wonder/help/faq.html#Privacy."
"2. Rows with suppressed Births are hidden. Use Quick Options above to show suppressed rows."
"---"
Caveats:
"1. 'Suppressed' appears when the data do not meet the criteria for confidentiality constraints. More information:"
"http://wonder.cdc.gov/wonder/help/natality-expanded.html#Assurance of Confidentiality."
"2. Each birth record represents one liveborn infant."
"3. County-level data are shown only for counties with populations of 100,000 persons or more. Within each state, data for all"
"counties with fewer than 100,000 persons are combined together under the label ""Unidentified Counties."""
"4. Beginning in 2017, due to state statutory restrictions, California no longer provides record-level data on the marital status"
"of the mother for births occurring in California to California residents and non-residents (including residents of other"
"states). For these births, ""Marital Status"" is coded as ""Not Reported""."
"5. The independent city of St. Louis, Missouri (FIPS code 29510) is reported separately from St. Louis County (FIPS code 29189)."