county,year,live_births,preterm_rate,lbw_rate,smoking_rate,early_prenatal_rate,medicaid_rate,low_education_rate
Adair,2016,272,12.87,8.09,13.33,78.07,31.73,17.04
Adair,2017,266,9.77,9.77,16.03,75.95,27.82,12.88
Adair,2018,287,8.36,7.67,16.43,74.91,32.4,14.34
Adair,2019,301,13.62,10.63,15.05,77.26,30.56,11.71
Adair,2020,284,11.27,7.04,12.72,74.55,34.15,18.31
Adair,2021,266,10.15,9.02,12.4,75.57,38.35,12.83
Adair,2022,282,8.87,6.74,10.75,73.84,50.0,12.41
Adair,2023,283,9.19,8.16,11.66,67.74,41.7,13.07
Adair,2024,254,11.07,9.06,9.84,74.4,52.36,12.65
Andrew,2016,183,12.02,9.29,14.21,84.7,25.27,
Andrew,2017,197,4.57,2.54,10.71,90.16,28.43,
Andrew,2018,188,7.45,7.98,17.11,84.78,27.96,
Andrew,2019,217,8.29,5.56,12.96,84.65,27.65,
Andrew,2020,182,14.29,10.44,18.68,79.78,30.22,
Andrew,2021,179,8.38,6.7,6.18,83.52,28.65,
Andrew,2022,159,11.32,8.18,11.54,84.62,28.48,
Andrew,2023,155,7.1,6.45,11.11,81.7,28.39,
Andrew,2024,156,7.05,4.49,3.9,64.71,33.33,
Atchison,2016,53,,,,82.35,,
Atchison,2017,51,,,,76.0,,
Atchison,2018,41,,,,80.49,,
Atchison,2019,46,,,,78.26,,
Atchison,2020,52,,,,86.54,,
Atchison,2021,38,,,,84.21,,
Atchison,2022,52,,,,90.38,,
Atchison,2023,60,,,,81.67,,
Atchison,2024,44,,,,70.45,,
Audrain,2016,358,9.55,8.66,29.86,66.86,40.68,25.21
Audrain,2017,326,14.42,13.5,28.66,67.86,38.39,25.54
Audrain,2018,325,8.64,8.98,23.77,62.03,42.99,29.72
Audrain,2019,292,10.62,8.56,21.8,71.38,39.73,23.29
Audrain,2020,276,13.45,9.78,15.38,68.52,43.22,25.72
Audrain,2021,306,11.76,11.76,12.91,70.23,40.52,30.07
Audrain,2022,268,6.37,5.6,12.83,63.18,42.54,32.21
Audrain,2023,305,13.77,10.16,13.95,67.89,46.05,25.0
Audrain,2024,284,12.68,9.86,7.45,66.91,44.72,27.92
Barry,2016,419,9.57,7.88,23.92,68.58,57.42,21.0
Barry,2017,421,13.54,9.26,20.71,67.55,55.53,21.9
Barry,2018,425,8.24,5.18,18.35,68.26,54.35,19.06
Barry,2019,383,8.09,6.27,17.49,69.23,52.49,19.95
Barry,2020,400,10.75,9.75,17.29,72.34,52.93,21.3
Barry,2021,396,12.69,8.33,11.73,76.42,54.06,18.94
Barry,2022,413,9.93,9.2,11.0,73.17,49.64,18.69
Barry,2023,409,11.52,10.02,8.66,73.15,51.11,17.94
Barry,2024,418,12.74,7.89,9.25,67.55,52.16,19.42
Barton,2016,128,11.72,10.16,16.41,71.31,45.16,18.75
Barton,2017,128,15.63,7.81,21.43,73.98,44.09,18.11
Barton,2018,138,10.87,7.97,11.59,75.0,44.53,18.84
Barton,2019,119,8.4,8.4,15.38,76.27,40.68,23.08
Barton,2020,150,9.33,8.05,21.33,66.21,47.33,20.67
Barton,2021,124,12.9,6.45,13.01,71.9,40.5,18.55
Barton,2022,141,10.64,7.8,7.09,77.04,39.72,20.57
Barton,2023,162,11.73,11.73,13.46,71.43,45.06,24.69
Barton,2024,148,7.43,4.05,5.52,64.86,40.82,16.89
Bates,2016,170,10.0,6.51,25.88,64.07,46.43,13.53
Bates,2017,199,9.55,4.52,19.6,73.1,49.22,16.58
Bates,2018,172,7.56,6.4,19.77,75.6,43.11,13.95
Bates,2019,190,10.0,7.37,15.87,74.86,38.83,13.68
Bates,2020,191,7.89,6.28,16.4,78.72,35.33,12.04
Bates,2021,177,14.69,6.78,18.39,78.82,44.12,14.69
Bates,2022,176,9.71,6.82,12.14,73.41,42.17,8.62
Bates,2023,210,14.29,8.57,14.9,73.08,44.44,13.81
Bates,2024,202,12.38,10.4,10.4,68.16,42.71,12.38
Benton,2016,158,6.96,,18.47,70.51,47.1,15.92
Benton,2017,171,12.94,,28.24,73.33,57.99,20.0
Benton,2018,183,10.99,,19.89,71.27,51.4,20.77
Benton,2019,158,7.59,,23.87,64.52,50.32,18.35
Benton,2020,161,4.97,,24.22,62.03,48.41,21.74
Benton,2021,147,10.2,,19.31,67.36,43.07,22.76
Benton,2022,171,9.94,,15.29,69.09,50.31,17.54
Benton,2023,162,6.79,,14.91,65.63,50.94,17.28
Benton,2024,185,10.81,,8.7,71.11,54.7,21.62
Bollinger,2016,114,7.02,4.39,30.09,67.57,55.26,14.91
Bollinger,2017,125,8.0,7.2,20.33,76.61,45.16,13.6
Bollinger,2018,149,9.4,7.38,24.83,76.87,52.05,11.41
Bollinger,2019,135,8.15,5.93,16.3,69.4,48.51,8.21
Bollinger,2020,142,14.79,10.56,23.4,73.94,48.57,16.9
Bollinger,2021,127,14.96,8.66,22.83,69.84,49.21,16.54
Bollinger,2022,134,9.7,11.19,13.43,84.21,45.52,7.46
Bollinger,2023,140,13.67,10.0,13.67,80.29,45.0,14.29
Bollinger,2024,132,11.36,6.06,6.82,82.44,44.7,15.91
Boone,2016,2092,8.65,7.51,10.89,82.2,24.77,7.33
Boone,2017,2073,10.85,9.46,11.7,81.62,26.38,7.26
Boone,2018,2051,10.54,8.93,9.19,82.9,30.01,8.44
Boone,2019,2075,10.95,9.25,9.27,80.01,30.77,7.49
Boone,2020,1979,9.45,6.97,8.97,80.92,31.43,6.85
Boone,2021,1922,10.31,8.64,8.62,81.32,34.1,7.46
Boone,2022,2008,10.01,9.51,5.05,80.76,31.47,6.89
Boone,2023,1823,11.92,9.6,6.1,78.82,36.48,9.09
Boone,2024,1897,10.86,8.12,4.55,79.13,32.23,7.88
Buchanan,2016,1154,8.75,9.1,24.32,74.09,51.61,18.49
Buchanan,2017,1102,10.89,9.17,24.59,73.44,51.14,19.64
Buchanan,2018,1118,8.32,8.41,22.96,75.55,50.22,15.71
Buchanan,2019,1042,12.28,9.13,21.57,75.49,53.8,17.79
Buchanan,2020,1074,9.12,8.94,21.66,72.16,51.45,17.94
Buchanan,2021,983,7.74,10.51,20.44,76.75,54.09,16.73
Buchanan,2022,989,11.54,10.73,13.99,76.76,54.47,17.9
Buchanan,2023,1000,10.12,9.6,12.83,69.28,56.76,18.47
Buchanan,2024,1001,10.69,9.19,9.99,56.35,49.9,20.44
Butler,2016,576,15.1,10.42,25.44,71.0,61.04,18.64
Butler,2017,516,13.57,9.88,21.05,70.65,65.63,15.34
Butler,2018,500,13.8,12.2,28.06,64.24,66.73,17.64
Butler,2019,546,12.48,9.16,26.1,77.61,58.24,17.96
Butler,2020,544,15.84,12.87,25.19,70.3,69.43,19.15
Butler,2021,549,13.3,8.93,17.29,80.18,73.31,18.05
Butler,2022,475,13.5,9.05,14.87,79.27,79.16,17.55
Butler,2023,492,13.65,11.59,14.96,75.0,75.61,17.86
Butler,2024,508,9.84,6.89,11.16,76.39,67.33,16.97
Caldwell,2016,95,6.32,9.47,21.05,78.02,40.43,13.68
Caldwell,2017,85,10.59,8.24,18.82,66.25,42.86,15.29
Caldwell,2018,108,7.41,7.41,16.67,82.41,39.62,14.81
Caldwell,2019,101,13.86,12.87,22.77,63.0,37.62,11.88
Caldwell,2020,95,8.42,9.47,17.89,78.26,46.81,15.79
Caldwell,2021,100,18.0,10.0,16.33,76.53,40.82,15.0
Caldwell,2022,107,8.41,4.67,12.26,78.5,43.69,13.08
Caldwell,2023,89,6.74,7.87,10.34,75.28,42.53,10.11
Caldwell,2024,93,7.53,6.45,5.38,76.09,32.26,10.75
Callaway,2016,464,9.91,7.76,22.39,75.93,31.17,13.17
Callaway,2017,466,8.8,7.3,21.74,75.49,34.55,12.74
Callaway,2018,501,9.98,6.59,17.87,78.86,36.33,11.38
Callaway,2019,501,8.58,7.4,20.36,74.03,37.52,9.62
Callaway,2020,461,11.5,6.72,18.08,78.65,34.27,9.11
Callaway,2021,448,10.27,8.26,14.32,79.73,39.46,8.07
Callaway,2022,475,10.95,9.26,11.13,82.33,42.41,11.42
Callaway,2023,459,15.03,10.68,10.53,80.18,40.96,11.57
Callaway,2024,450,12.89,6.89,7.81,81.43,36.44,9.78
Camden,2016,381,5.79,3.94,29.37,72.56,56.73,11.81
Camden,2017,410,10.73,9.02,24.82,73.2,54.77,10.73
Camden,2018,372,10.24,7.8,25.0,76.63,47.85,9.68
Camden,2019,363,11.29,6.89,15.6,70.29,51.93,11.33
Camden,2020,369,7.59,7.59,16.89,67.51,55.04,9.76
Camden,2021,354,8.47,6.21,13.64,77.71,54.8,5.95
Camden,2022,379,9.26,7.12,15.78,74.26,62.96,10.32
Camden,2023,333,9.91,7.21,11.31,76.45,58.73,10.81
Camden,2024,361,8.33,5.54,8.66,77.53,54.85,13.33
Cape Girardeau,2016,896,8.71,7.48,15.01,75.32,40.29,8.38
Cape Girardeau,2017,892,8.41,7.51,16.5,73.95,37.6,9.75
Cape Girardeau,2018,931,10.53,10.65,13.7,70.92,38.29,8.7
Cape Girardeau,2019,850,10.26,8.59,14.18,75.24,37.72,10.12
Cape Girardeau,2020,907,10.8,9.48,12.69,76.25,38.45,9.26
Cape Girardeau,2021,875,9.51,7.54,11.32,81.35,41.42,9.83
Cape Girardeau,2022,927,9.4,8.52,9.03,78.61,37.22,8.42
Cape Girardeau,2023,882,9.67,9.18,8.11,78.1,40.64,9.3
Cape Girardeau,2024,843,11.89,10.2,5.39,81.49,33.89,9.64
Carroll,2016,109,,,20.37,74.53,45.79,16.51
Carroll,2017,80,,,22.78,75.0,53.85,13.75
Carroll,2018,90,,,17.98,70.11,44.94,20.0
Carroll,2019,89,,,17.98,81.4,38.2,13.48
Carroll,2020,84,,,14.63,81.71,33.33,12.05
Carroll,2021,94,,,16.13,80.22,41.94,7.45
Carroll,2022,81,,,12.66,78.48,37.5,8.64
Carroll,2023,78,,,14.67,79.49,41.03,14.1
Carroll,2024,80,,,7.5,83.54,41.25,11.25
Carter,2016,82,,,26.83,65.43,50.0,21.95
Carter,2017,70,,,37.14,57.35,75.71,23.53
Carter,2018,87,,,26.44,60.92,63.22,24.14
Carter,2019,70,,,15.71,71.01,58.57,20.0
Carter,2020,76,,,31.58,77.03,70.67,13.16
Carter,2021,97,,,24.73,81.25,70.1,13.4
Carter,2022,75,,,25.33,81.08,74.67,9.33
Carter,2023,82,,,13.41,86.59,71.95,17.28
Carter,2024,66,,,13.79,82.81,63.08,13.64
Cass,2016,1225,8.5,6.29,13.74,76.48,32.89,10.16
Cass,2017,1117,9.4,7.61,13.03,74.84,32.24,8.79
Cass,2018,1150,9.5,7.3,13.4,73.52,30.55,7.67
Cass,2019,1165,10.82,7.9,12.54,77.54,31.54,7.75
Cass,2020,1093,8.87,6.95,9.3,76.57,26.42,5.43
Cass,2021,1181,12.88,7.79,9.79,76.65,31.81,7.46
Cass,2022,1145,9.96,8.47,4.74,73.63,28.24,6.92
Cass,2023,1126,10.58,8.35,5.08,70.74,29.14,5.37
Cass,2024,1263,9.26,6.81,4.37,68.13,27.86,6.58
Cedar,2016,196,7.65,6.63,20.0,75.0,44.97,19.49
Cedar,2017,177,7.95,6.82,25.0,59.43,48.86,30.11
Cedar,2018,194,12.37,6.25,14.58,62.43,40.0,22.68
Cedar,2019,188,7.45,6.91,16.13,56.76,40.64,25.13
Cedar,2020,180,8.33,7.34,16.29,66.48,47.73,22.91
Cedar,2021,204,5.88,2.97,14.85,62.5,41.12,29.41
Cedar,2022,224,11.16,5.36,9.55,72.4,43.3,23.42
Cedar,2023,175,6.86,6.29,6.94,62.29,46.86,32.57
Cedar,2024,201,10.95,6.03,8.63,62.81,46.97,20.9
Chariton,2016,82,,,15.85,77.5,32.93,13.41
Chariton,2017,82,,,13.41,81.48,23.17,13.41
Chariton,2018,91,,,17.78,75.58,38.89,21.11
Chariton,2019,98,,,14.29,80.41,35.71,13.54
Chariton,2020,71,,,8.45,82.86,30.99,9.86
Chariton,2021,80,,,11.69,80.52,22.5,15.0
Chariton,2022,71,,,8.96,87.32,43.66,7.04
Chariton,2023,68,,,7.46,77.27,27.94,7.35
Chariton,2024,90,,,5.56,82.95,31.11,7.78
Christian,2016,999,8.17,6.72,11.34,74.17,36.84,6.92
Christian,2017,1034,8.62,5.8,11.78,74.67,28.29,5.92
Christian,2018,1045,8.24,6.32,10.47,76.95,31.89,6.32
Christian,2019,1092,7.61,5.32,9.53,78.73,29.1,5.05
Christian,2020,982,8.55,6.42,8.47,79.15,34.12,6.32
Christian,2021,1072,8.49,6.06,6.97,79.56,35.57,4.96
Christian,2022,1028,10.99,8.07,5.96,76.47,29.92,4.1
Christian,2023,1027,8.28,6.23,4.49,78.39,36.26,6.34
Christian,2024,1001,8.99,6.29,2.4,76.58,36.94,5.9
Clark,2016,75,14.67,,26.67,70.27,45.33,14.67
Clark,2017,72,15.28,,26.39,71.64,38.89,19.44
Clark,2018,78,11.54,,23.08,80.26,35.06,10.26
Clark,2019,75,10.67,,16.0,83.78,30.67,21.33
Clark,2020,87,17.24,,18.39,80.95,32.18,19.54
Clark,2021,76,9.21,,12.33,77.33,38.67,21.33
Clark,2022,76,14.47,,20.0,72.37,44.74,25.0
Clark,2023,65,16.92,,15.38,70.31,38.46,21.54
Clark,2024,60,25.0,,8.47,65.0,26.67,13.79
Clay,2016,2981,9.05,7.55,10.61,74.48,24.53,7.32
Clay,2017,3054,8.49,6.55,10.5,73.66,28.16,6.93
Clay,2018,3121,9.53,6.83,9.65,73.45,27.83,5.81
Clay,2019,3096,9.63,6.91,8.05,75.88,26.59,6.12
Clay,2020,3000,11.4,8.44,7.55,74.66,27.71,5.58
Clay,2021,2948,10.28,7.67,6.25,76.78,27.76,6.1
Clay,2022,2996,10.15,8.45,4.92,76.82,26.84,4.92
Clay,2023,2835,10.52,7.74,3.97,76.04,29.38,5.77
Clay,2024,2934,9.65,7.44,2.81,76.01,27.11,5.3
Clinton,2016,255,7.11,9.02,23.62,75.2,44.09,10.2
Clinton,2017,228,7.02,5.26,21.05,82.67,29.2,8.33
Clinton,2018,223,10.31,8.07,23.08,79.82,40.64,9.46
Clinton,2019,235,11.91,9.79,16.24,76.96,35.04,7.26
Clinton,2020,238,11.34,8.82,21.61,79.24,34.32,9.66
Clinton,2021,231,9.09,7.79,13.1,84.75,35.37,9.09
Clinton,2022,238,7.59,6.3,12.24,83.33,34.05,5.88
Clinton,2023,229,11.79,12.66,7.42,78.38,28.89,7.42
Clinton,2024,260,10.77,6.54,7.36,80.54,28.08,8.08
Cole,2016,939,10.44,9.06,15.9,75.03,30.17,9.58
Cole,2017,845,9.6,8.88,14.96,74.49,30.77,9.83
Cole,2018,923,10.85,9.86,17.69,73.79,32.65,9.12
Cole,2019,819,9.16,6.59,10.55,80.42,30.4,7.83
Cole,2020,820,10.0,8.18,11.51,78.27,28.94,7.58
Cole,2021,838,10.74,8.59,12.06,80.44,36.72,8.24
Cole,2022,789,13.71,11.15,8.23,81.04,36.09,7.22
Cole,2023,847,10.99,7.91,8.22,83.79,36.48,9.36
Cole,2024,792,11.11,8.59,6.63,81.46,34.89,7.71
Cooper,2016,192,10.94,7.81,16.67,79.17,27.6,18.23
Cooper,2017,196,9.69,7.65,22.28,79.9,28.57,17.86
Cooper,2018,215,10.7,7.91,14.76,78.3,33.95,14.49
Cooper,2019,201,11.44,6.97,18.27,80.0,30.35,10.95
Cooper,2020,174,8.05,5.17,8.93,79.41,31.61,13.79
Cooper,2021,194,8.76,8.81,13.09,81.35,39.18,10.36
Cooper,2022,170,7.06,4.12,7.69,81.55,30.59,10.0
Cooper,2023,173,19.19,11.63,5.88,84.71,37.79,9.88
Cooper,2024,202,11.88,10.4,6.93,80.61,31.68,20.3
Crawford,2016,265,9.51,5.66,29.39,76.63,49.23,19.32
Crawford,2017,254,11.07,11.51,31.75,80.0,45.75,20.87
Crawford,2018,265,9.47,7.92,27.92,74.23,36.47,16.35
Crawford,2019,256,13.39,10.16,24.6,68.95,41.87,16.41
Crawford,2020,226,10.62,7.08,26.01,75.23,47.73,20.35
Crawford,2021,240,8.82,8.75,22.27,76.79,41.88,15.06
Crawford,2022,242,14.05,14.88,18.49,75.0,43.33,14.88
Crawford,2023,244,11.89,9.84,15.42,74.68,51.25,15.35
Crawford,2024,263,9.89,6.08,11.79,75.86,50.38,11.03
Dade,2016,71,11.27,,,71.01,49.3,14.08
Dade,2017,70,10.0,,,73.85,40.58,17.14
Dade,2018,75,6.67,,,68.92,45.95,10.67
Dade,2019,69,10.14,,,70.59,57.97,18.84
Dade,2020,78,14.1,,,78.21,53.25,8.97
Dade,2021,57,14.04,,,63.16,47.27,14.29
Dade,2022,64,9.38,,,71.43,46.03,20.31
Dade,2023,64,7.81,,,71.43,40.63,10.94
Dade,2024,78,10.26,,,77.63,47.44,21.79
Dallas,2016,213,9.86,6.1,24.06,66.83,36.49,28.77
Dallas,2017,204,11.76,8.82,22.55,63.13,39.7,33.33
Dallas,2018,239,9.21,8.79,18.99,69.75,45.8,25.63
Dallas,2019,219,9.13,8.22,19.27,67.28,40.55,29.68
Dallas,2020,215,12.56,9.81,12.56,71.43,38.6,26.05
Dallas,2021,221,12.22,5.43,19.55,69.72,44.55,27.15
Dallas,2022,201,9.95,6.97,8.04,62.76,38.81,31.0
Dallas,2023,205,7.8,6.34,9.85,76.35,43.63,29.41
Dallas,2024,198,5.56,3.54,6.6,72.31,40.91,29.8
Daviess,2016,110,,,21.7,60.38,45.45,33.64
Daviess,2017,119,,,10.17,53.98,28.45,42.37
Daviess,2018,129,,,18.6,59.52,41.6,34.88
Daviess,2019,119,,,12.82,56.14,35.65,40.34
Daviess,2020,121,,,16.67,59.83,40.34,33.06
Daviess,2021,104,,,7.69,59.18,30.39,41.35
Daviess,2022,127,,,7.94,60.8,25.98,45.67
Daviess,2023,110,,,6.42,62.26,24.07,40.91
Daviess,2024,101,,,8.91,60.61,29.7,40.0
DeKalb,2016,123,,,21.14,82.64,34.15,10.66
DeKalb,2017,96,,,20.83,87.23,31.25,6.25
DeKalb,2018,102,,,18.63,81.25,42.16,12.75
DeKalb,2019,81,,,12.35,83.95,33.75,7.5
DeKalb,2020,105,,,18.45,81.55,38.46,11.43
DeKalb,2021,87,,,14.94,80.46,29.89,14.94
DeKalb,2022,104,,,21.57,79.61,44.12,15.38
DeKalb,2023,90,,,16.85,77.53,48.89,11.11
DeKalb,2024,89,,,10.11,71.26,25.84,6.74
Dent,2016,166,12.65,11.52,35.76,70.13,57.58,21.82
Dent,2017,171,9.36,6.43,26.63,72.39,60.23,24.56
Dent,2018,186,12.37,12.37,31.35,69.27,50.54,18.82
Dent,2019,138,13.77,12.41,27.54,74.64,57.25,18.98
Dent,2020,152,7.95,5.26,24.5,71.43,53.95,15.79
Dent,2021,143,11.97,8.39,24.11,68.57,55.24,16.2
Dent,2022,156,15.13,8.33,18.18,64.05,59.35,16.67
Dent,2023,140,6.43,5.71,11.43,67.63,52.17,12.86
Dent,2024,143,13.29,6.29,7.8,55.63,52.48,14.08
Douglas,2016,154,5.84,7.14,22.73,71.53,52.98,14.38
Douglas,2017,159,8.92,5.06,18.24,60.67,54.78,12.03
Douglas,2018,162,11.73,6.79,16.77,60.13,46.3,11.11
Douglas,2019,121,9.92,4.96,19.49,53.85,52.89,8.26
Douglas,2020,131,7.63,6.15,14.5,55.38,53.85,16.79
Douglas,2021,150,7.38,5.37,12.93,69.01,51.35,15.65
Douglas,2022,143,10.56,6.99,18.88,62.41,45.39,19.01
Douglas,2023,146,8.22,6.16,12.33,63.38,55.48,13.7
Douglas,2024,137,10.29,4.38,10.95,67.41,48.53,10.95
Dunklin,2016,424,15.6,15.09,30.86,66.43,76.54,28.37
Dunklin,2017,373,13.4,13.67,25.82,67.96,74.46,24.46
Dunklin,2018,389,14.43,12.34,22.62,60.57,72.94,25.26
Dunklin,2019,359,13.41,10.31,23.96,69.27,67.41,22.07
Dunklin,2020,377,15.92,14.85,21.07,65.22,66.58,22.67
Dunklin,2021,366,16.94,14.75,22.41,75.0,73.26,24.04
Dunklin,2022,329,13.76,10.03,17.96,72.59,75.23,22.09
Dunklin,2023,351,12.29,9.12,12.03,72.3,75.64,22.86
Dunklin,2024,312,12.18,8.97,10.0,73.53,66.88,19.74
Franklin,2016,1249,10.1,9.29,19.98,82.1,30.47,11.53
Franklin,2017,1256,10.06,7.57,18.75,81.68,31.34,11.66
Franklin,2018,1176,10.74,8.26,18.77,80.47,31.58,9.86
Franklin,2019,1222,10.81,8.35,17.38,78.43,33.28,11.64
Franklin,2020,1100,11.03,8.28,15.52,76.36,34.5,11.94
Franklin,2021,1118,10.67,6.98,13.27,80.31,30.8,8.87
Franklin,2022,1119,10.73,8.4,10.04,76.85,30.49,9.12
Franklin,2023,1125,10.7,9.52,9.68,76.54,34.59,9.07
Franklin,2024,1173,13.4,8.35,6.94,78.32,29.9,8.89
Gasconade,2016,158,10.76,10.13,21.66,79.35,28.48,12.03
Gasconade,2017,156,13.55,8.97,19.35,83.12,31.82,12.82
Gasconade,2018,153,11.11,8.5,19.61,76.97,30.92,10.46
Gasconade,2019,157,8.92,8.92,19.23,86.36,32.05,10.26
Gasconade,2020,137,7.3,3.65,11.03,81.62,33.33,10.95
Gasconade,2021,155,9.15,9.03,16.23,81.58,42.67,13.55
Gasconade,2022,138,13.77,9.42,12.5,79.56,31.88,10.87
Gasconade,2023,170,11.76,7.06,14.79,78.11,40.48,12.35
Gasconade,2024,131,10.69,9.92,9.23,78.13,36.64,14.5
Gentry,2016,87,,,,73.49,34.48,
Gentry,2017,86,,,,74.36,27.91,
Gentry,2018,87,,,,72.15,37.93,
Gentry,2019,96,,,,67.02,32.29,
Gentry,2020,69,,,,79.71,36.23,
Gentry,2021,75,,,,79.73,30.67,
Gentry,2022,81,,,,84.62,35.8,
Gentry,2023,82,,,,79.01,35.37,
Gentry,2024,65,,,,62.5,33.85,
Greene,2016,3577,9.72,8.53,16.36,68.66,42.37,11.3
Greene,2017,3340,10.18,6.89,16.84,71.09,38.87,11.97
Greene,2018,3309,9.8,7.1,16.62,68.89,45.35,11.98
Greene,2019,3418,10.52,9.13,15.5,68.64,45.18,11.68
Greene,2020,3243,9.54,8.02,14.58,72.92,46.84,10.85
Greene,2021,3267,10.72,7.53,11.79,73.54,46.1,10.36
Greene,2022,3275,11.42,9.01,9.3,70.63,41.63,11.05
Greene,2023,3156,10.4,8.71,7.17,70.74,46.64,10.21
Greene,2024,3389,9.74,8.65,6.67,69.51,50.25,10.25
Grundy,2016,153,8.5,7.24,22.52,75.66,47.65,28.76
Grundy,2017,157,10.97,6.37,24.18,61.38,39.61,38.71
Grundy,2018,151,10.6,11.26,18.79,58.5,39.19,28.48
Grundy,2019,123,14.05,8.94,19.83,63.72,43.8,39.02
Grundy,2020,106,6.67,4.72,17.14,65.71,37.5,29.25
Grundy,2021,142,10.07,9.15,12.32,63.24,32.14,35.21
Grundy,2022,142,5.71,6.34,15.22,56.93,39.01,31.69
Grundy,2023,130,9.3,6.15,6.4,55.74,34.88,36.92
Grundy,2024,133,10.53,5.26,6.92,61.36,32.33,31.82
Harrison,2016,111,,,29.09,68.81,52.25,24.55
Harrison,2017,90,,,24.44,65.88,53.93,30.0
Harrison,2018,97,,,26.8,65.59,42.55,31.96
Harrison,2019,92,,,16.48,68.18,34.44,25.0
Harrison,2020,96,,,26.32,63.83,38.95,31.58
Harrison,2021,84,,,20.73,58.02,38.1,25.0
Harrison,2022,82,,,13.41,62.96,27.16,35.37
Harrison,2023,120,,,15.83,64.71,42.37,28.33
Harrison,2024,94,,,14.89,52.69,38.3,31.91
Henry,2016,259,10.85,12.4,25.68,69.32,47.77,15.5
Henry,2017,235,7.23,6.41,28.94,76.19,46.32,15.74
Henry,2018,243,12.35,8.23,23.14,72.15,52.99,11.98
Henry,2019,318,9.75,7.28,22.78,67.62,47.4,19.18
Henry,2020,255,11.37,6.67,26.27,77.38,50.43,16.86
Henry,2021,264,12.88,7.22,22.61,77.52,46.28,17.49
Henry,2022,238,11.76,10.5,16.03,71.79,40.8,13.45
Henry,2023,210,12.38,9.05,10.24,74.4,50.0,13.88
Henry,2024,220,11.52,8.64,15.45,73.97,47.17,16.89
Hickory,2016,81,20.25,,27.5,81.08,53.75,23.46
Hickory,2017,80,11.25,,18.99,69.74,55.0,13.75
Hickory,2018,72,6.94,,19.44,63.89,47.89,23.61
Hickory,2019,73,10.96,,16.44,56.52,52.11,23.29
Hickory,2020,87,8.05,,19.54,61.18,51.16,36.78
Hickory,2021,86,9.3,,24.42,65.48,54.65,22.09
Hickory,2022,75,13.51,,14.67,61.64,58.11,23.29
Hickory,2023,94,9.57,,6.45,65.59,46.81,26.6
Hickory,2024,73,9.59,,8.33,54.93,52.05,21.92
Holt,2016,56,,,,91.07,33.93,
Holt,2017,38,,,,73.68,39.47,
Holt,2018,51,,,,83.67,31.37,
Holt,2019,46,,,,75.56,43.48,
Holt,2020,35,,,,80.0,40.0,
Holt,2021,51,,,,86.0,29.41,
Holt,2022,41,,,,89.47,43.9,
Holt,2023,39,,,,76.32,28.21,
Holt,2024,36,,,,77.14,25.0,
Howard,2016,116,7.76,6.9,21.55,80.87,33.62,
Howard,2017,117,12.82,6.9,26.96,74.36,29.91,
Howard,2018,108,4.63,9.26,26.17,84.76,36.11,
Howard,2019,114,13.16,6.14,19.47,85.84,35.96,
Howard,2020,107,11.21,7.48,17.76,86.67,45.79,
Howard,2021,84,8.33,7.14,18.07,83.33,48.81,
Howard,2022,108,15.74,8.33,13.21,78.7,39.81,
Howard,2023,92,15.22,8.7,9.78,82.42,32.61,
Howard,2024,110,11.82,10.91,10.0,84.4,32.73,
Howell,2016,485,5.77,6.39,26.39,71.49,64.33,17.73
Howell,2017,521,7.68,7.49,22.97,72.69,57.25,14.59
Howell,2018,523,7.84,6.88,25.62,71.93,60.8,15.87
Howell,2019,465,9.89,9.68,21.51,67.18,59.05,17.49
Howell,2020,475,12.24,9.47,20.3,73.99,63.16,16.03
Howell,2021,447,10.07,8.5,17.49,76.77,66.67,13.23
Howell,2022,445,7.21,6.29,13.06,71.95,63.43,12.58
Howell,2023,452,10.4,8.19,12.22,68.14,62.39,15.04
Howell,2024,482,8.71,9.54,11.09,70.92,65.35,14.97
Iron,2016,103,13.59,8.82,24.75,67.71,68.32,16.5
Iron,2017,103,10.68,12.62,31.07,66.32,66.99,11.65
Iron,2018,101,11.0,12.0,28.0,64.52,67.37,16.16
Iron,2019,107,14.02,9.35,29.25,57.55,54.88,14.95
Iron,2020,93,16.13,11.83,34.07,65.91,62.07,13.98
Iron,2021,91,15.38,8.89,19.78,68.89,41.98,10.99
Iron,2022,84,8.33,7.14,16.87,74.39,59.52,16.67
Iron,2023,94,11.83,7.45,16.3,65.22,56.38,12.77
Iron,2024,93,16.13,11.83,15.22,72.53,57.61,10.75
Jackson,2016,9414,10.51,9.43,12.24,67.9,44.8,15.36
Jackson,2017,9295,10.6,9.25,11.28,66.44,46.57,14.39
Jackson,2018,9075,11.03,9.49,10.31,65.88,46.28,14.53
Jackson,2019,8850,11.08,9.63,9.71,66.53,46.03,14.34
Jackson,2020,8789,11.01,9.27,9.17,66.12,47.34,14.39
Jackson,2021,8348,11.76,10.51,7.33,68.97,46.85,12.88
Jackson,2022,8558,11.68,10.79,5.51,67.36,45.65,13.45
Jackson,2023,8565,10.91,9.43,4.37,65.58,46.98,14.13
Jackson,2024,8545,11.03,9.95,3.67,64.38,44.83,14.45
Jasper,2016,1668,8.52,6.47,17.54,72.22,51.32,18.07
Jasper,2017,1594,8.85,6.9,16.43,72.57,49.28,16.52
Jasper,2018,1570,11.21,7.45,15.93,71.59,46.13,15.97
Jasper,2019,1539,9.75,7.41,15.27,70.23,46.61,16.92
Jasper,2020,1519,10.08,7.44,14.74,71.34,50.1,17.26
Jasper,2021,1566,12.64,9.97,10.56,78.75,49.13,15.65
Jasper,2022,1609,12.32,8.7,9.02,72.2,50.82,17.16
Jasper,2023,1573,11.65,7.57,6.94,70.21,55.18,17.14
Jasper,2024,1556,11.45,7.13,6.77,70.22,54.02,16.56
Jefferson,2016,2637,9.64,7.02,17.37,79.75,29.43,8.21
Jefferson,2017,2516,10.62,7.71,16.61,75.41,30.15,8.9
Jefferson,2018,2547,13.0,8.72,17.25,71.6,31.14,7.6
Jefferson,2019,2507,12.59,8.54,16.03,70.9,29.68,7.64
Jefferson,2020,2387,12.8,7.62,13.58,65.99,30.52,8.14
Jefferson,2021,2414,12.66,8.37,11.3,69.77,28.33,7.14
Jefferson,2022,2326,13.24,7.87,9.14,66.89,28.27,6.99
Jefferson,2023,2368,13.47,8.62,6.51,68.35,27.52,6.65
Jefferson,2024,2385,12.37,8.69,5.92,70.21,26.26,6.6
Johnson,2016,701,6.6,6.29,11.78,81.09,20.46,6.58
Johnson,2017,716,9.78,7.26,11.55,77.33,22.88,5.17
Johnson,2018,695,6.76,4.9,11.29,75.81,25.14,6.95
Johnson,2019,690,9.86,8.99,9.5,80.83,23.55,6.4
Johnson,2020,664,10.39,6.93,9.85,72.07,27.01,6.78
Johnson,2021,706,8.11,6.67,8.76,74.71,23.71,6.52
Johnson,2022,715,10.21,7.97,6.59,73.53,21.94,5.46
Johnson,2023,687,9.18,6.84,6.05,70.8,26.57,7.32
Johnson,2024,665,9.17,7.83,4.73,65.65,24.16,7.85
Knox,2016,48,,,,71.74,29.17,33.33
Knox,2017,53,,,,67.92,26.42,49.06
Knox,2018,58,,,,68.97,15.79,37.93
Knox,2019,61,,,,60.0,27.87,42.62
Knox,2020,45,,,,72.73,24.44,42.22
Knox,2021,43,,,,51.22,32.56,48.84
Knox,2022,50,,,,55.1,34.0,40.0
Knox,2023,50,,,,67.35,30.0,42.0
Knox,2024,51,,,,56.86,25.49,50.0
Laclede,2016,515,8.77,9.13,25.2,68.79,51.48,16.93
Laclede,2017,497,14.11,9.05,28.54,68.05,55.51,17.51
Laclede,2018,469,11.75,7.89,26.01,63.99,62.23,20.26
Laclede,2019,494,9.74,7.3,23.68,67.29,58.98,15.62
Laclede,2020,437,8.01,6.18,25.46,66.97,56.15,17.24
Laclede,2021,482,6.85,5.39,19.25,71.94,61.2,14.2
Laclede,2022,455,14.76,11.87,19.56,71.91,57.71,14.32
Laclede,2023,456,9.21,8.11,15.2,72.25,63.38,16.89
Laclede,2024,430,11.4,9.3,12.21,66.75,60.23,13.26
Lafayette,2016,362,7.76,7.76,21.39,74.07,42.25,10.56
Lafayette,2017,355,9.58,5.92,20.11,71.26,39.66,10.7
Lafayette,2018,384,9.38,7.81,19.06,75.79,38.9,7.29
Lafayette,2019,405,11.14,8.15,19.01,77.89,41.19,9.16
Lafayette,2020,361,14.4,12.47,18.21,79.14,37.78,10.25
Lafayette,2021,342,10.23,9.06,14.75,78.76,39.41,9.38
Lafayette,2022,377,11.67,10.34,9.36,82.09,36.44,7.47
Lafayette,2023,358,14.01,9.22,9.3,77.12,43.85,9.8
Lafayette,2024,356,12.36,9.83,5.93,70.9,32.96,7.02
Lawrence,2016,526,8.03,7.41,16.98,71.31,44.83,21.76
Lawrence,2017,507,8.71,6.71,15.28,72.34,42.09,21.1
Lawrence,2018,525,8.57,7.24,16.73,67.13,44.66,21.07
Lawrence,2019,493,10.34,7.71,15.1,70.27,47.34,21.3
Lawrence,2020,494,10.75,7.71,15.65,72.9,45.06,20.04
Lawrence,2021,484,10.97,7.25,12.18,73.84,44.17,16.8
Lawrence,2022,509,10.41,6.48,12.43,73.76,43.31,19.29
Lawrence,2023,497,10.26,7.44,10.18,68.64,47.76,19.56
Lawrence,2024,508,8.86,7.28,4.98,76.34,45.06,17.72
Lewis,2016,113,11.5,9.73,,77.68,42.48,15.04
Lewis,2017,125,7.2,7.2,,80.34,35.2,15.2
Lewis,2018,135,9.63,11.11,,81.34,29.1,14.07
Lewis,2019,99,15.15,14.14,,81.44,31.63,12.12
Lewis,2020,90,7.78,5.56,,80.0,24.44,13.33
Lewis,2021,89,8.99,6.74,,74.71,28.09,14.61
Lewis,2022,86,13.95,5.81,,74.12,29.07,10.47
Lewis,2023,95,7.37,9.47,,81.72,20.0,10.53
Lewis,2024,69,11.59,11.59,,84.06,23.19,8.7
Lincoln,2016,744,9.83,8.08,23.5,73.71,34.42,11.2
Lincoln,2017,746,9.26,6.71,19.81,73.58,28.13,8.6
Lincoln,2018,812,13.05,9.63,15.45,76.68,27.93,7.65
Lincoln,2019,817,9.44,6.85,17.68,78.11,27.99,8.83
Lincoln,2020,742,10.66,6.88,16.23,75.61,24.76,7.96
Lincoln,2021,807,10.04,7.56,11.35,75.59,28.17,6.94
Lincoln,2022,852,10.59,7.51,7.54,70.95,26.37,7.65
Lincoln,2023,769,10.53,6.76,5.42,75.95,22.7,4.82
Lincoln,2024,861,11.74,7.43,4.1,73.82,22.09,6.74
Linn,2016,125,,,21.6,79.84,28.8,12.8
Linn,2017,136,,,19.4,75.19,26.72,10.37
Linn,2018,131,,,14.73,72.44,42.19,16.15
Linn,2019,141,,,23.02,70.0,40.71,17.02
Linn,2020,129,,,17.97,76.61,46.88,16.28
Linn,2021,138,,,14.71,77.78,42.34,11.59
Linn,2022,131,,,11.63,82.17,48.84,9.92
Linn,2023,130,,,13.95,78.91,44.19,16.15
Linn,2024,163,,,11.11,79.5,45.4,14.11
Livingston,2016,163,7.41,5.52,29.19,76.77,46.58,15.43
Livingston,2017,165,7.93,4.91,24.07,75.16,39.13,18.9
Livingston,2018,152,11.26,11.92,20.53,70.75,39.86,9.21
Livingston,2019,153,11.84,7.84,22.6,83.66,43.71,11.76
Livingston,2020,181,7.3,4.97,22.22,80.57,50.56,14.92
Livingston,2021,158,9.55,10.13,18.18,81.94,50.0,11.39
Livingston,2022,153,12.67,5.88,13.82,80.67,43.05,12.42
Livingston,2023,156,11.54,7.05,9.15,66.67,44.16,15.38
Livingston,2024,178,12.92,8.43,6.82,75.14,46.07,17.42
Macon,2016,160,10.0,6.25,20.25,75.48,25.0,15.0
Macon,2017,193,16.06,11.4,19.9,71.28,26.42,16.06
Macon,2018,179,11.17,11.24,16.48,73.3,25.14,18.39
Macon,2019,164,9.76,4.88,15.95,74.69,29.27,15.34
Macon,2020,180,12.78,12.78,18.89,72.99,34.44,14.53
Macon,2021,168,8.93,6.55,12.05,71.69,35.12,17.26
Macon,2022,179,8.38,5.59,8.0,74.01,45.25,15.64
Macon,2023,176,12.5,7.95,10.34,69.54,39.2,18.86
Macon,2024,156,13.46,10.26,5.77,77.78,40.65,16.03
Madison,2016,150,11.41,5.37,32.43,70.34,55.48,16.78
Madison,2017,136,9.63,10.29,25.37,70.4,49.25,12.5
Madison,2018,151,15.23,6.62,19.33,68.53,62.59,14.57
Madison,2019,124,10.48,6.45,23.39,65.57,41.05,9.84
Madison,2020,132,11.45,6.82,29.55,77.34,44.78,15.91
Madison,2021,133,12.03,13.53,21.8,78.79,55.08,11.28
Madison,2022,122,18.03,15.57,18.18,79.34,48.76,11.48
Madison,2023,115,12.17,9.57,16.67,76.79,55.65,13.91
Madison,2024,138,13.04,12.32,7.97,79.56,45.65,10.87
Maries,2016,72,,,23.61,82.35,33.33,11.11
Maries,2017,73,,,19.18,66.67,30.56,13.7
Maries,2018,91,,,17.78,73.86,31.87,10.99
Maries,2019,91,,,16.48,74.16,31.87,16.48
Maries,2020,101,,,15.84,64.65,31.0,14.85
Maries,2021,96,,,13.83,72.04,26.04,11.46
Maries,2022,99,,,11.11,75.79,27.27,14.14
Maries,2023,88,,,13.64,74.12,34.48,15.91
Maries,2024,106,,,5.71,74.29,26.67,12.26
Marion,2016,348,8.33,8.36,24.78,80.87,40.63,11.88
Marion,2017,363,11.57,7.99,23.48,75.35,42.66,11.6
Marion,2018,354,10.17,7.91,22.44,83.19,44.19,10.76
Marion,2019,360,12.26,9.17,22.6,82.3,40.0,14.76
Marion,2020,300,11.33,10.33,19.45,85.42,43.33,9.33
Marion,2021,338,10.36,7.4,16.11,84.68,40.06,12.17
Marion,2022,320,14.69,10.63,14.79,80.0,40.31,11.29
Marion,2023,328,11.89,9.79,10.09,81.04,42.99,8.84
Marion,2024,310,12.26,13.87,10.0,76.38,43.55,11.94
McDonald,2016,370,11.35,8.92,18.43,61.81,53.78,32.97
McDonald,2017,353,14.77,9.35,21.78,63.71,57.51,28.86
McDonald,2018,364,8.79,5.49,15.43,64.53,51.93,28.81
McDonald,2019,308,10.06,9.42,13.82,58.67,52.27,28.66
McDonald,2020,315,11.43,7.62,12.14,59.27,53.23,24.92
McDonald,2021,337,12.2,7.42,12.24,57.45,53.17,29.13
McDonald,2022,317,13.25,9.15,11.43,57.1,60.38,28.25
McDonald,2023,322,13.98,12.42,8.33,59.62,57.37,22.47
McDonald,2024,317,12.3,9.46,7.74,56.05,58.54,23.15
Mercer,2016,47,,,,62.5,,27.66
Mercer,2017,56,,,,60.0,,34.55
Mercer,2018,43,,,,63.89,,30.23
Mercer,2019,47,,,,63.64,,38.3
Mercer,2020,46,,,,57.78,,34.78
Mercer,2021,42,,,,30.95,,50.0
Mercer,2022,59,,,,62.5,,42.37
Mercer,2023,41,,,,60.98,,34.15
Mercer,2024,56,,,,50.0,,39.29
Miller,2016,301,11.96,11.3,23.59,80.62,42.47,12.29
Miller,2017,284,10.21,7.75,26.6,75.46,46.29,11.62
Miller,2018,335,11.94,10.15,25.15,77.34,50.45,14.33
Miller,2019,300,8.7,7.33,21.4,74.32,49.67,12.67
Miller,2020,299,11.07,8.7,18.18,71.97,45.64,14.72
Miller,2021,313,10.58,7.67,16.45,73.86,49.68,12.46
Miller,2022,295,12.24,8.14,11.95,79.79,49.66,14.58
Miller,2023,274,11.68,8.76,10.41,83.03,49.08,15.02
Miller,2024,265,12.83,8.3,8.68,84.35,48.86,11.45
Mississippi,2016,146,16.44,14.38,20.83,63.83,69.18,20.55
Mississippi,2017,148,8.78,14.19,27.4,68.97,72.22,22.45
Mississippi,2018,159,10.69,10.06,23.03,70.7,58.23,12.03
Mississippi,2019,152,13.16,11.84,20.67,71.52,65.33,19.87
Mississippi,2020,146,14.38,9.59,22.38,78.32,60.27,13.79
Mississippi,2021,132,13.74,10.61,15.5,73.64,53.44,13.64
Mississippi,2022,152,14.47,11.84,15.07,80.54,61.18,19.87
Mississippi,2023,139,12.23,7.19,15.56,75.36,61.87,16.79
Mississippi,2024,132,14.39,12.98,15.91,76.92,58.78,16.79
Moniteau,2016,192,6.77,5.73,13.61,62.16,29.17,30.37
Moniteau,2017,202,7.92,5.94,15.84,71.07,25.25,23.27
Moniteau,2018,209,8.61,5.74,13.04,76.96,22.49,24.4
Moniteau,2019,186,11.83,7.53,12.5,72.47,22.7,30.11
Moniteau,2020,188,9.04,5.85,11.23,71.43,27.66,24.47
Moniteau,2021,190,6.84,3.16,10.7,73.26,28.42,28.42
Moniteau,2022,212,8.49,8.02,7.55,75.74,26.42,29.25
Moniteau,2023,189,6.88,4.76,4.76,72.58,30.69,25.93
Moniteau,2024,182,7.14,5.49,4.47,75.56,29.67,25.82
Monroe,2016,112,5.36,,,74.07,39.45,19.82
Monroe,2017,88,6.82,,,69.32,34.09,10.23
Monroe,2018,94,12.77,,,77.42,41.94,20.21
Monroe,2019,90,11.11,,,74.16,36.67,12.22
Monroe,2020,99,14.14,,,73.68,39.8,15.31
Monroe,2021,89,12.36,,,77.01,37.08,16.85
Monroe,2022,97,10.31,,,73.68,37.11,14.43
Monroe,2023,79,7.59,,,78.95,45.57,18.99
Monroe,2024,85,7.06,,,74.7,34.12,25.88
Montgomery,2016,124,7.32,4.84,24.39,69.17,43.55,13.01
Montgomery,2017,116,6.09,4.31,22.41,69.03,43.36,15.52
Montgomery,2018,149,9.4,8.05,28.57,77.78,44.9,10.81
Montgomery,2019,127,12.7,6.3,21.26,73.33,45.24,13.49
Montgomery,2020,120,10.92,5.0,24.17,65.22,40.83,14.17
Montgomery,2021,136,14.07,8.82,19.4,68.66,40.3,13.97
Montgomery,2022,112,8.93,11.61,13.39,67.96,36.04,12.61
Montgomery,2023,112,10.71,12.5,9.91,73.87,37.27,12.5
Montgomery,2024,99,10.1,13.13,11.11,75.79,41.84,9.09
Morgan,2016,254,5.91,4.72,22.83,62.15,35.43,40.94
Morgan,2017,282,9.93,9.57,22.7,65.34,42.2,37.94
Morgan,2018,267,4.49,5.62,17.98,63.12,35.96,40.82
Morgan,2019,234,9.83,8.12,19.31,60.96,37.61,39.91
Morgan,2020,272,9.19,9.23,15.56,64.04,38.89,38.6
Morgan,2021,254,8.3,7.11,14.34,66.53,42.29,38.34
Morgan,2022,266,7.14,6.02,12.83,64.73,37.97,44.36
Morgan,2023,258,8.95,5.43,12.5,70.12,49.42,33.85
Morgan,2024,252,9.92,8.0,7.57,72.13,35.32,38.65
New Madrid,2016,231,11.26,10.82,25.54,73.36,66.09,15.22
New Madrid,2017,240,13.75,12.5,24.37,73.39,63.71,14.58
New Madrid,2018,193,10.47,11.92,23.81,64.17,66.49,13.47
New Madrid,2019,246,11.38,8.94,24.08,73.88,59.18,17.96
New Madrid,2020,199,12.06,8.54,18.27,70.56,61.31,16.58
New Madrid,2021,202,17.33,14.85,18.59,70.92,64.36,13.93
New Madrid,2022,176,13.64,9.09,16.76,68.21,66.48,13.14
New Madrid,2023,180,14.44,11.11,16.85,74.86,58.89,14.53
New Madrid,2024,189,11.7,11.17,9.04,82.45,51.06,12.77
Newton,2016,707,8.78,5.52,14.67,72.36,44.27,18.84
Newton,2017,697,9.61,9.33,16.18,70.66,44.4,15.87
Newton,2018,735,9.66,7.49,15.48,69.35,41.45,14.23
Newton,2019,706,8.5,6.09,13.66,71.94,48.29,17.02
Newton,2020,645,9.92,6.51,12.34,73.34,49.77,18.48
Newton,2021,692,9.97,6.94,11.49,73.63,48.39,17.39
Newton,2022,708,13.07,11.16,7.42,70.71,51.42,19.24
Newton,2023,733,11.89,9.0,8.32,69.68,48.29,18.02
Newton,2024,683,10.0,9.08,7.07,69.97,51.18,16.96
Nodaway,2016,240,9.17,9.58,15.06,80.25,23.53,5.42
Nodaway,2017,200,10.05,5.53,15.15,82.29,28.64,4.0
Nodaway,2018,205,9.76,5.85,11.71,83.42,21.46,5.85
Nodaway,2019,210,10.0,9.05,14.76,76.56,30.62,4.76
Nodaway,2020,210,10.48,6.67,9.13,83.25,25.71,5.24
Nodaway,2021,228,9.21,5.7,11.45,85.2,28.95,6.17
Nodaway,2022,197,9.64,6.6,12.31,86.15,26.9,8.12
Nodaway,2023,203,6.4,6.4,4.93,80.79,25.62,4.93
Nodaway,2024,208,7.69,3.85,5.83,81.25,28.02,6.25
Oregon,2016,118,11.86,13.56,33.05,72.57,66.95,21.19
Oregon,2017,104,11.54,11.54,29.13,70.87,58.65,14.56
Oregon,2018,129,6.2,8.53,24.22,69.53,58.14,15.5
Oregon,2019,107,9.35,6.54,31.78,66.04,62.62,19.63
Oregon,2020,105,8.57,7.62,24.76,65.69,69.52,13.33
Oregon,2021,115,9.57,8.7,19.13,67.86,63.48,19.3
Oregon,2022,99,8.08,9.09,7.07,71.13,62.24,22.45
Oregon,2023,106,11.32,9.43,6.6,67.62,62.26,15.09
Oregon,2024,112,7.14,5.36,6.25,68.18,56.25,22.32
Osage,2016,182,12.64,13.26,14.92,82.02,21.98,
Osage,2017,153,8.5,5.23,8.5,85.23,15.69,
Osage,2018,143,6.99,4.9,18.31,83.69,21.68,
Osage,2019,143,9.09,4.9,8.51,83.8,15.38,
Osage,2020,129,10.08,8.53,13.95,81.1,24.03,
Osage,2021,163,15.34,7.98,8.13,81.99,16.67,
Osage,2022,167,8.98,6.59,6.06,88.2,20.96,
Osage,2023,169,8.28,4.73,5.36,86.06,20.24,
Osage,2024,151,9.27,5.96,5.33,84.46,23.84,
Ozark,2016,85,10.59,,35.29,68.67,61.18,
Ozark,2017,97,10.42,,18.75,60.64,44.33,
Ozark,2018,79,12.66,,26.58,61.04,48.72,
Ozark,2019,66,13.64,,27.69,61.9,53.03,
Ozark,2020,65,9.23,,16.92,59.38,36.92,
Ozark,2021,77,10.39,,24.68,66.67,46.75,
Ozark,2022,77,6.49,,19.48,67.12,37.66,
Ozark,2023,86,10.47,,17.44,61.45,52.33,
Ozark,2024,89,14.61,,11.24,61.63,41.57,
Pemiscot,2016,256,12.89,12.16,24.41,60.33,79.92,22.66
Pemiscot,2017,257,16.02,14.06,21.88,67.19,77.17,20.23
Pemiscot,2018,224,11.61,9.82,22.17,61.03,81.25,18.3
Pemiscot,2019,241,12.66,10.88,20.68,60.26,66.1,19.58
Pemiscot,2020,227,10.18,12.33,17.33,64.71,73.33,14.16
Pemiscot,2021,218,13.3,11.47,13.49,61.5,65.09,19.27
Pemiscot,2022,197,17.77,16.24,12.82,61.14,63.68,16.24
Pemiscot,2023,179,13.97,9.5,13.48,65.34,62.01,26.97
Pemiscot,2024,197,14.29,14.72,9.69,71.28,53.09,22.34
Perry,2016,219,10.05,7.76,23.85,78.6,34.7,12.33
Perry,2017,223,8.07,4.05,17.57,75.34,33.48,12.56
Perry,2018,230,11.3,6.52,15.35,81.14,29.13,8.7
Perry,2019,213,8.92,4.69,17.84,80.66,33.01,12.68
Perry,2020,202,12.38,6.44,15.84,75.25,30.69,8.91
Perry,2021,220,8.64,4.09,16.82,83.41,33.03,9.09
Perry,2022,190,7.89,7.37,10.0,80.21,33.16,7.89
Perry,2023,213,12.68,7.51,9.52,74.4,36.79,13.15
Perry,2024,201,11.44,8.46,5.0,78.5,40.0,13.43
Pettis,2016,535,7.3,6.54,21.9,64.11,52.62,17.48
Pettis,2017,599,8.85,7.35,18.46,69.51,49.33,14.72
Pettis,2018,599,10.7,7.37,17.32,64.4,50.67,18.43
Pettis,2019,601,9.0,8.83,18.21,65.65,49.5,14.24
Pettis,2020,556,7.43,6.83,16.12,61.95,47.11,16.3
Pettis,2021,598,11.62,8.53,14.95,65.75,51.97,18.86
Pettis,2022,551,9.44,8.53,13.03,66.6,56.39,20.84
Pettis,2023,599,7.87,5.18,7.46,66.33,57.29,15.74
Pettis,2024,531,10.38,7.53,6.42,62.07,51.89,18.36
Phelps,2016,496,10.89,9.49,21.05,74.38,35.08,10.1
Phelps,2017,490,11.22,9.0,17.11,77.35,37.7,9.39
Phelps,2018,467,9.25,7.49,19.35,74.84,42.37,11.13
Phelps,2019,418,8.61,7.93,18.36,71.88,41.39,10.55
Phelps,2020,397,10.83,8.59,19.14,69.92,46.97,10.33
Phelps,2021,424,9.67,7.55,16.27,68.12,48.22,8.96
Phelps,2022,443,10.38,7.67,9.98,69.57,50.45,13.77
Phelps,2023,393,11.7,8.91,8.74,64.52,46.31,9.41
Phelps,2024,453,11.73,8.61,7.3,61.16,47.45,8.85
Pike,2016,215,7.91,8.37,27.1,71.01,40.85,19.07
Pike,2017,223,12.11,9.42,20.09,70.05,37.84,20.63
Pike,2018,215,8.37,11.63,21.86,75.0,36.15,17.67
Pike,2019,202,8.91,6.44,17.0,68.42,31.84,18.81
Pike,2020,207,11.11,7.77,17.56,72.22,39.13,19.32
Pike,2021,202,12.87,9.9,13.71,72.31,36.22,18.32
Pike,2022,186,10.75,6.99,14.36,67.43,37.3,13.98
Pike,2023,186,15.05,9.14,7.69,72.47,40.22,20.54
Pike,2024,190,9.47,6.32,8.95,68.25,42.33,23.68
Platte,2016,1242,7.59,5.88,7.19,74.46,20.84,4.6
Platte,2017,1190,9.59,7.57,6.65,74.65,20.07,4.04
Platte,2018,1219,9.44,7.47,7.48,74.2,21.88,3.86
Platte,2019,1212,10.66,8.5,5.8,74.18,21.89,5.12
Platte,2020,1173,11.76,8.18,4.7,73.39,26.79,4.79
Platte,2021,1229,9.93,7.16,4.51,78.58,22.61,3.51
Platte,2022,1167,10.21,7.28,3.46,76.28,25.2,4.56
Platte,2023,1136,9.96,7.4,3.02,75.76,27.64,5.12
Platte,2024,1183,9.14,6.93,2.2,72.27,24.26,4.73
Polk,2016,384,7.37,6.51,17.72,73.02,45.26,19.06
Polk,2017,384,7.31,7.29,19.26,71.97,44.36,19.95
Polk,2018,423,8.06,6.15,16.71,78.02,47.22,18.25
Polk,2019,438,7.55,6.16,13.73,73.43,40.14,17.39
Polk,2020,376,10.16,8.24,15.2,76.76,51.6,17.33
Polk,2021,389,10.8,7.2,10.34,71.5,43.96,13.92
Polk,2022,373,7.51,4.83,13.32,72.75,50.27,17.25
Polk,2023,407,11.33,7.37,7.27,72.52,49.88,17.24
Polk,2024,391,7.93,7.93,7.35,69.49,48.08,15.94
Pulaski,2016,800,9.14,8.27,15.89,67.27,25.63,8.51
Pulaski,2017,692,9.55,7.51,14.99,69.81,28.2,7.69
Pulaski,2018,714,10.41,7.74,14.12,65.36,27.29,7.44
Pulaski,2019,720,10.2,8.93,13.01,70.6,28.57,7.79
Pulaski,2020,708,8.63,7.34,12.31,73.42,30.78,6.93
Pulaski,2021,741,8.27,6.61,7.14,71.16,29.5,6.49
Pulaski,2022,689,10.2,7.99,9.36,70.07,30.76,6.85
Pulaski,2023,647,8.66,7.88,9.32,69.0,31.53,6.19
Pulaski,2024,652,11.81,9.05,6.3,68.99,35.58,3.84
Putnam,2016,62,,,,91.94,35.0,20.97
Putnam,2017,57,,,,67.27,33.93,35.09
Putnam,2018,61,,,,80.0,20.34,24.59
Putnam,2019,47,,,,78.72,36.17,27.66
Putnam,2020,66,,,,81.54,31.82,30.3
Putnam,2021,48,,,,70.83,31.25,22.92
Putnam,2022,67,,,,68.66,40.3,19.4
Putnam,2023,62,,,,70.49,24.19,16.13
Putnam,2024,37,,,,72.97,45.95,18.92
Ralls,2016,101,9.9,10.89,,81.0,31.68,
Ralls,2017,115,8.7,9.57,,84.07,33.04,
Ralls,2018,93,12.9,8.6,,83.7,30.43,
Ralls,2019,91,12.09,10.99,,90.11,32.97,
Ralls,2020,100,12.0,10.0,,80.0,31.0,
Ralls,2021,99,12.12,14.14,,82.65,36.08,
Ralls,2022,99,12.12,8.08,,82.83,35.35,
Ralls,2023,75,8.0,6.67,,82.67,30.67,
Ralls,2024,96,9.38,8.33,,78.13,29.17,
Randolph,2016,297,11.11,10.44,24.83,76.84,35.35,17.17
Randolph,2017,292,13.36,9.25,19.66,77.24,37.37,17.65
Randolph,2018,311,11.58,8.36,26.14,75.32,49.84,15.58
Randolph,2019,270,8.89,8.15,22.73,69.4,49.81,17.41
Randolph,2020,253,12.25,10.28,20.08,75.4,51.38,10.44
Randolph,2021,279,14.34,10.04,16.97,70.65,45.52,15.47
Randolph,2022,288,10.42,6.6,11.23,74.73,51.57,12.85
Randolph,2023,278,8.99,6.83,10.83,76.81,46.4,13.36
Randolph,2024,242,10.74,7.85,7.47,84.45,47.93,14.11
Ray,2016,252,8.76,7.17,24.1,72.54,37.5,12.4
Ray,2017,270,11.85,7.41,23.4,66.92,44.03,10.74
Ray,2018,268,6.74,5.97,23.31,70.31,38.2,14.93
Ray,2019,248,8.06,6.85,18.55,74.38,31.58,12.5
Ray,2020,264,8.71,7.2,22.35,71.15,43.3,13.26
Ray,2021,258,12.4,6.2,17.12,79.68,37.1,10.08
Ray,2022,241,10.37,8.3,11.3,77.18,34.89,10.42
Ray,2023,250,12.4,12.45,12.5,76.92,39.52,16.4
Ray,2024,230,13.04,12.61,9.61,77.43,33.91,13.97
Reynolds,2016,49,,,38.78,62.5,75.0,24.49
Reynolds,2017,59,,,28.07,70.69,68.97,13.56
Reynolds,2018,73,,,28.77,74.29,68.06,8.22
Reynolds,2019,68,,,37.31,69.12,65.57,11.76
Reynolds,2020,76,,,36.84,61.11,73.91,11.84
Reynolds,2021,53,,,22.0,76.92,67.31,13.21
Reynolds,2022,66,,,20.0,71.21,70.77,9.09
Reynolds,2023,58,,,21.43,68.42,70.69,20.69
Reynolds,2024,52,,,10.2,79.59,66.0,13.73
Ripley,2016,175,12.64,10.29,26.44,66.08,67.43,21.71
Ripley,2017,140,15.71,10.0,27.54,67.39,70.0,27.14
Ripley,2018,159,12.58,7.55,28.93,69.87,66.04,18.99
Ripley,2019,156,10.9,8.33,26.92,74.84,72.73,23.08
Ripley,2020,153,13.73,9.15,25.66,72.0,64.05,16.67
Ripley,2021,140,13.57,7.86,21.17,74.45,76.43,15.11
Ripley,2022,127,14.17,12.6,19.84,77.6,79.53,15.08
Ripley,2023,149,11.41,10.07,14.77,75.17,77.85,21.62
Ripley,2024,154,14.94,11.69,16.2,73.03,71.24,17.53
Saline,2016,238,13.45,10.08,22.22,77.83,47.9,17.23
Saline,2017,237,11.81,9.32,24.89,78.35,43.88,18.57
Saline,2018,252,9.6,6.75,21.29,70.9,43.25,16.73
Saline,2019,271,12.55,12.18,24.63,74.13,38.38,16.61
Saline,2020,259,8.49,6.56,21.4,71.83,38.76,15.95
Saline,2021,240,10.46,8.33,19.57,77.29,47.5,18.91
Saline,2022,249,10.84,10.44,13.11,78.86,47.39,19.28
Saline,2023,260,13.51,10.77,14.12,78.29,48.08,16.99
Saline,2024,234,11.59,8.12,12.12,74.14,44.87,17.6
Schuyler,2016,71,,,,73.91,45.07,32.39
Schuyler,2017,81,,,,70.0,21.25,37.04
Schuyler,2018,65,,,,57.81,12.5,33.85
Schuyler,2019,66,,,,58.46,21.21,39.39
Schuyler,2020,71,,,,50.75,26.76,38.03
Schuyler,2021,59,,,,53.57,24.14,42.37
Schuyler,2022,63,,,,64.52,38.1,44.44
Schuyler,2023,62,,,,61.67,20.97,38.71
Schuyler,2024,66,,,,63.08,33.33,45.45
Scotland,2016,90,,,,57.3,17.05,55.06
Scotland,2017,81,,,,66.25,17.28,58.02
Scotland,2018,74,,,,59.46,20.55,62.16
Scotland,2019,78,,,,57.33,20.51,64.1
Scotland,2020,78,,,,57.14,12.82,66.67
Scotland,2021,87,,,,55.17,16.28,57.47
Scotland,2022,81,,,,55.56,14.81,74.07
Scotland,2023,83,,,,54.88,20.48,61.45
Scotland,2024,86,,,,59.52,19.77,65.12
Scott,2016,482,11.2,9.96,19.71,76.48,56.85,12.68
Scott,2017,495,9.74,11.11,21.12,70.25,56.47,12.17
Scott,2018,500,11.22,9.6,20.33,71.43,58.27,14.8
Scott,2019,491,10.86,9.98,22.38,71.28,53.2,11.22
Scott,2020,491,12.5,12.63,16.63,73.76,56.21,14.34
Scott,2021,466,12.9,13.73,16.78,76.1,48.28,10.13
Scott,2022,464,13.15,11.23,11.9,76.59,54.53,10.41
Scott,2023,450,14.25,11.78,10.07,82.29,54.67,14.03
Scott,2024,435,10.8,11.09,9.03,79.77,44.57,15.44
Shannon,2016,89,,,20.22,72.73,66.29,
Shannon,2017,96,,,22.92,74.44,61.05,
Shannon,2018,96,,,21.88,71.88,55.79,
Shannon,2019,88,,,26.14,72.41,68.18,
Shannon,2020,82,,,19.75,77.92,65.85,
Shannon,2021,77,,,18.67,70.67,63.16,
Shannon,2022,97,,,16.13,68.42,63.54,
Shannon,2023,91,,,14.29,70.11,65.93,
Shannon,2024,76,,,16.9,68.42,67.11,
Shelby,2016,80,,,20.0,74.68,26.25,8.86
Shelby,2017,72,,,14.08,77.46,34.72,8.33
Shelby,2018,82,,,10.98,86.59,41.46,8.54
Shelby,2019,72,,,12.5,83.33,31.94,16.67
Shelby,2020,61,,,18.33,81.97,42.62,14.75
Shelby,2021,64,,,15.87,84.13,35.94,15.63
Shelby,2022,66,,,9.09,77.27,36.36,15.15
Shelby,2023,81,,,7.41,79.01,41.98,11.11
Shelby,2024,81,,,16.05,73.75,51.85,19.75
St. Charles,2016,4487,10.21,8.03,8.9,82.79,16.87,4.4
St. Charles,2017,4459,9.87,7.69,7.76,79.66,14.85,3.78
St. Charles,2018,4311,10.35,6.99,7.13,82.14,15.45,4.19
St. Charles,2019,4306,10.48,7.92,6.05,79.28,15.53,3.54
St. Charles,2020,4073,10.49,7.61,5.81,78.08,16.7,3.47
St. Charles,2021,4220,10.27,6.99,4.03,77.52,15.3,3.4
St. Charles,2022,4252,11.26,7.95,2.68,73.52,16.86,3.37
St. Charles,2023,3970,10.03,6.93,2.38,73.35,15.35,3.01
St. Charles,2024,4107,10.91,7.77,1.25,72.17,14.99,3.2
St. Clair,2016,117,8.55,,20.18,70.54,46.49,24.79
St. Clair,2017,95,7.37,,15.79,74.47,49.46,26.32
St. Clair,2018,98,10.2,,14.43,75.0,50.53,15.31
St. Clair,2019,93,10.75,,20.43,58.43,42.86,35.48
St. Clair,2020,102,8.82,,19.61,67.33,32.65,30.39
St. Clair,2021,115,4.35,,12.17,61.06,30.19,37.39
St. Clair,2022,116,6.9,,13.79,66.96,39.29,28.45
St. Clair,2023,115,6.96,,6.14,69.3,44.14,38.26
St. Clair,2024,124,5.65,,6.45,66.12,36.67,39.52
St. Francois,2016,703,14.74,8.57,27.06,68.58,56.69,16.02
St. Francois,2017,728,13.09,10.22,28.17,65.65,58.52,15.17
St. Francois,2018,701,11.6,8.84,25.47,67.06,54.05,14.06
St. Francois,2019,664,12.37,9.94,23.74,66.67,47.06,12.56
St. Francois,2020,695,12.66,10.52,19.59,65.94,36.62,13.71
St. Francois,2021,677,12.48,9.9,19.36,72.7,43.33,12.17
St. Francois,2022,651,10.17,8.29,14.17,70.39,49.38,11.06
St. Francois,2023,685,10.87,9.36,11.49,70.34,48.96,12.45
St. Francois,2024,690,12.92,9.86,11.22,74.3,50.15,12.5
St. Louis City,2016,4321,12.64,13.52,12.17,71.25,58.03,15.68
St. Louis City,2017,4151,13.67,12.99,11.08,68.09,56.54,14.64
St. Louis City,2018,4137,12.39,12.97,10.24,60.85,54.7,14.79
St. Louis City,2019,3952,12.8,12.25,9.37,56.81,53.65,15.07
St. Louis City,2020,3792,12.37,12.55,9.12,61.57,51.72,14.05
St. Louis City,2021,3707,14.08,13.03,7.91,59.99,51.95,13.18
St. Louis City,2022,3344,12.51,11.6,6.81,56.66,52.51,14.77
St. Louis City,2023,3259,13.48,13.35,5.21,55.14,51.46,14.63
St. Louis City,2024,3140,12.76,12.27,4.39,58.03,48.13,14.38
St. Louis County,2016,11673,11.48,9.48,7.75,77.45,31.39,6.78
St. Louis County,2017,11356,11.26,9.91,6.67,73.84,32.69,6.6
St. Louis County,2018,11359,12.0,10.34,6.44,71.59,32.78,7.25
St. Louis County,2019,11386,12.04,10.31,6.23,70.42,32.08,6.58
St. Louis County,2020,10575,11.93,10.01,5.26,70.44,33.67,6.23
St. Louis County,2021,10494,12.19,10.19,4.27,71.62,31.19,5.93
St. Louis County,2022,10475,12.18,10.02,3.93,66.82,33.42,6.42
St. Louis County,2023,9676,11.84,10.48,3.02,65.46,33.12,6.73
St. Louis County,2024,9927,11.3,9.81,2.37,66.01,31.46,7.27
Ste. Genevieve,2016,192,11.46,10.42,22.11,67.76,34.03,12.57
Ste. Genevieve,2017,189,11.64,7.41,16.93,75.0,31.72,10.05
Ste. Genevieve,2018,222,12.61,11.71,20.55,75.0,35.65,8.56
Ste. Genevieve,2019,205,10.73,8.29,18.14,72.82,36.0,9.31
Ste. Genevieve,2020,203,8.37,5.91,15.76,74.37,37.91,8.87
Ste. Genevieve,2021,192,9.9,7.29,12.17,73.51,30.48,7.29
Ste. Genevieve,2022,178,8.43,7.87,10.8,77.59,29.31,4.49
Ste. Genevieve,2023,184,14.13,8.15,8.7,70.95,28.02,9.34
Ste. Genevieve,2024,179,12.29,8.94,8.47,74.86,29.05,5.03
Stoddard,2016,308,11.36,7.14,22.04,71.62,58.12,16.61
Stoddard,2017,333,10.84,11.45,20.3,76.6,54.38,14.11
Stoddard,2018,349,11.82,8.02,23.56,73.04,57.76,15.47
Stoddard,2019,336,13.39,8.93,19.76,75.45,52.57,14.03
Stoddard,2020,355,14.65,10.42,24.01,74.07,56.94,16.48
Stoddard,2021,327,10.09,8.56,16.72,80.62,63.61,13.76
Stoddard,2022,334,14.37,8.08,16.36,76.29,55.99,13.29
Stoddard,2023,318,11.32,9.12,8.83,78.91,59.12,12.03
Stoddard,2024,325,15.38,9.54,9.8,84.74,55.86,13.62
Stone,2016,247,10.16,9.76,22.76,64.76,61.54,18.37
Stone,2017,259,14.67,8.49,22.83,63.45,48.84,13.18
Stone,2018,266,14.66,11.65,27.07,66.41,62.5,18.05
Stone,2019,254,9.84,5.91,20.08,68.65,59.92,12.6
Stone,2020,272,8.82,7.72,22.06,68.15,54.65,13.97
Stone,2021,277,11.59,7.94,19.49,70.33,57.09,9.39
Stone,2022,269,13.01,11.15,19.32,67.91,53.93,14.98
Stone,2023,262,9.16,6.87,13.41,66.67,61.45,7.72
Stone,2024,261,7.31,4.6,11.15,70.0,54.79,12.26
Sullivan,2016,85,14.12,,28.92,85.88,38.82,11.76
Sullivan,2017,77,19.48,,18.92,75.0,28.95,15.79
Sullivan,2018,98,21.43,,19.79,71.88,35.71,24.49
Sullivan,2019,86,12.94,,19.28,80.0,39.53,22.09
Sullivan,2020,75,12.0,,13.7,76.71,40.0,18.67
Sullivan,2021,56,14.29,,16.67,79.63,54.55,16.07
Sullivan,2022,74,8.11,,8.22,77.03,47.3,9.46
Sullivan,2023,75,10.67,,9.33,77.03,50.67,18.67
Sullivan,2024,71,7.04,,8.45,80.28,63.38,18.57
Taney,2016,659,9.71,9.41,25.23,60.63,57.1,18.09
Taney,2017,606,10.4,10.4,24.5,68.24,54.73,11.92
Taney,2018,655,10.99,9.01,23.28,67.64,65.49,15.42
Taney,2019,626,9.74,9.42,20.45,70.0,62.78,13.9
Taney,2020,598,9.87,7.69,20.1,62.2,63.21,14.93
Taney,2021,565,12.74,7.45,18.33,73.12,63.23,13.65
Taney,2022,598,9.53,8.7,11.74,69.76,56.11,11.07
Taney,2023,600,10.0,9.0,13.71,63.42,66.11,11.06
Taney,2024,606,11.22,10.07,8.8,67.05,65.4,14.69
Texas,2016,302,10.37,6.33,24.92,74.04,49.83,20.2
Texas,2017,291,8.48,8.93,26.83,74.54,54.06,18.06
Texas,2018,264,8.78,8.71,22.05,73.31,57.63,14.45
Texas,2019,277,9.03,5.07,22.91,70.43,55.11,18.41
Texas,2020,259,12.45,7.34,17.25,65.6,51.74,24.12
Texas,2021,297,11.86,8.75,14.43,62.63,53.2,17.35
Texas,2022,260,8.53,5.77,12.11,58.82,50.38,16.15
Texas,2023,279,9.32,7.89,8.6,59.93,51.26,20.94
Texas,2024,283,8.48,7.12,8.19,58.72,48.41,20.49
Vernon,2016,237,12.24,7.59,22.46,75.33,50.0,21.61
Vernon,2017,234,9.4,6.41,20.6,73.48,50.22,16.74
Vernon,2018,256,9.77,7.06,20.31,71.31,45.45,19.14
Vernon,2019,241,7.08,7.47,15.77,66.53,44.73,21.99
Vernon,2020,258,8.56,5.43,14.45,78.0,53.09,17.97
Vernon,2021,253,9.88,6.72,19.35,71.14,43.1,24.7
Vernon,2022,224,7.14,5.83,13.9,76.85,52.47,14.93
Vernon,2023,245,5.31,4.49,8.68,72.5,54.39,22.04
Vernon,2024,263,7.6,5.7,12.74,69.08,50.2,18.39
Warren,2016,425,9.2,9.88,18.85,71.57,40.86,13.92
Warren,2017,409,8.07,6.6,20.25,75.96,33.17,10.32
Warren,2018,430,10.28,5.81,16.39,76.85,36.24,10.02
Warren,2019,422,12.09,9.48,17.66,72.77,34.53,10.45
Warren,2020,376,9.84,7.71,13.51,72.07,33.78,10.9
Warren,2021,433,12.24,10.19,9.53,77.45,32.23,8.8
Warren,2022,464,9.7,6.68,6.84,69.27,29.3,8.04
Warren,2023,426,8.22,6.82,7.33,74.07,30.57,7.55
Warren,2024,472,9.77,7.2,5.62,70.07,30.6,8.9
Washington,2016,290,13.45,12.85,30.99,62.92,60.36,23.26
Washington,2017,289,14.53,10.76,31.23,63.77,58.36,18.47
Washington,2018,274,13.24,8.42,24.91,60.53,62.17,17.58
Washington,2019,276,8.7,6.88,27.04,63.81,62.78,16.36
Washington,2020,264,13.31,8.33,24.33,61.51,56.93,16.67
Washington,2021,272,12.96,12.5,22.43,69.06,52.26,17.84
Washington,2022,265,12.12,10.57,21.01,70.93,59.39,10.69
Washington,2023,226,10.67,8.85,17.33,62.78,55.36,15.93
Washington,2024,212,15.17,10.38,10.43,64.68,52.88,11.79
Wayne,2016,142,10.56,4.23,29.08,52.14,68.79,19.15
Wayne,2017,150,12.67,11.33,30.2,64.63,70.47,20.67
Wayne,2018,115,6.96,6.09,28.95,68.42,61.4,18.42
Wayne,2019,142,15.6,14.08,27.14,68.79,67.14,12.68
Wayne,2020,112,13.39,8.04,23.21,59.46,62.39,9.91
Wayne,2021,106,13.33,6.6,27.62,68.63,70.48,18.87
Wayne,2022,129,13.95,10.85,20.31,72.66,67.44,15.63
Wayne,2023,109,14.68,10.09,18.35,71.56,73.15,15.6
Wayne,2024,133,11.28,9.77,20.66,70.77,69.17,13.64
Webster,2016,585,7.57,5.81,11.57,53.15,35.81,34.88
Webster,2017,559,8.42,6.62,13.21,56.17,28.62,37.88
Webster,2018,608,7.41,6.1,11.37,52.52,32.62,36.3
Webster,2019,619,9.92,7.46,13.13,61.45,37.64,33.44
Webster,2020,551,13.19,7.64,11.17,61.65,32.6,34.06
Webster,2021,604,12.27,9.27,10.18,57.84,33.06,31.34
Webster,2022,617,10.39,7.13,7.95,56.88,31.01,33.44
Webster,2023,608,8.28,5.76,5.28,56.9,33.77,29.04
Webster,2024,649,9.41,7.87,4.18,60.19,33.28,30.03
Worth,2016,25,,,,75.0,,
Worth,2017,22,,,,85.71,,
Worth,2018,27,,,,85.19,,
Worth,2019,21,,,,71.43,,
Worth,2020,26,,,,72.0,,
Worth,2021,16,,,,93.75,,
Worth,2022,24,,,,83.33,,
Worth,2023,21,,,,90.48,,
Worth,2024,21,,,,75.0,,
Wright,2016,269,11.57,9.67,21.8,56.22,52.24,23.51
Wright,2017,259,9.3,5.02,21.48,62.35,54.09,21.48
Wright,2018,230,11.35,6.99,17.47,54.71,52.84,27.39
Wright,2019,256,10.63,8.2,18.75,57.89,51.38,19.53
Wright,2020,222,5.86,5.41,15.38,62.21,50.45,24.32
Wright,2021,247,10.53,8.1,18.44,63.37,52.85,19.84
Wright,2022,258,13.62,8.53,10.89,61.57,50.78,22.09
Wright,2023,263,7.6,8.02,7.31,63.22,49.81,21.37
Wright,2024,271,8.52,5.56,7.78,59.55,57.78,18.52
