county,population,median_income,unemployment_rate,poverty_rate,bachelors_plus_rate,uninsured_rate,county_key
Adair County,25224.0,56583.0,4.9,21.2,35.0,8.2,Adair
Andrew County,18086.0,74007.0,4.0,7.4,26.9,6.0,Andrew
Atchison County,5216.0,59260.0,2.3,12.5,22.0,12.0,Atchison
Audrain County,24688.0,56232.0,4.1,18.0,16.1,14.5,Audrain
Barry County,34831.0,56611.0,4.1,16.7,13.4,12.9,Barry
Barton County,11685.0,49503.0,4.1,22.2,18.0,10.9,Barton
Bates County,16121.0,57914.0,6.1,18.7,15.3,10.8,Bates
Benton County,19887.0,52200.0,3.9,16.7,15.2,9.6,Benton
Bollinger County,10591.0,57286.0,4.9,12.2,14.2,8.8,Bollinger
Boone County,185874.0,69913.0,3.7,17.1,51.0,6.3,Boone
Buchanan County,83855.0,59423.0,4.5,16.9,23.3,12.1,Buchanan
Butler County,42166.0,49213.0,4.9,20.3,15.2,13.3,Butler
Caldwell County,8890.0,62520.0,4.5,13.0,18.4,10.7,Caldwell
Callaway County,44541.0,72645.0,5.5,11.5,25.4,8.5,Callaway
Camden County,43416.0,62927.0,4.8,13.2,24.5,11.6,Camden
Cape Girardeau County,82180.0,68912.0,2.9,14.1,33.9,7.1,Cape Girardeau
Carroll County,8459.0,61712.0,5.2,10.8,20.2,7.5,Carroll
Carter County,5269.0,45083.0,2.9,19.2,13.3,14.2,Carter
Cass County,109393.0,87413.0,4.6,6.5,28.8,7.8,Cass
Cedar County,14440.0,45577.0,2.5,17.0,17.8,14.9,Cedar
Chariton County,7406.0,63307.0,3.2,11.9,19.4,7.4,Chariton
Christian County,91229.0,81245.0,3.6,8.7,32.6,8.1,Christian
Clark County,6680.0,51458.0,5.8,9.4,12.3,11.0,Clark
Clay County,255566.0,86150.0,3.9,8.5,36.0,7.3,Clay
Clinton County,21259.0,70625.0,4.4,12.8,22.7,9.3,Clinton
Cole County,76924.0,73273.0,3.0,9.3,37.5,6.7,Cole
Cooper County,16835.0,67548.0,4.5,10.8,24.0,8.7,Cooper
Crawford County,22890.0,56345.0,5.4,13.6,12.8,13.3,Crawford
Dade County,7627.0,49899.0,4.3,14.1,15.2,10.7,Dade
Dallas County,17344.0,53177.0,4.0,21.4,14.8,16.2,Dallas
Daviess County,8449.0,60665.0,1.8,13.2,18.4,15.3,Daviess
DeKalb County,11176.0,69093.0,2.3,8.7,14.8,8.6,DeKalb
Dent County,14506.0,54306.0,4.2,14.3,18.1,12.2,Dent
Douglas County,11850.0,49828.0,5.3,16.9,15.5,11.3,Douglas
Dunklin County,27795.0,47368.0,4.7,21.4,12.6,16.1,Dunklin
Franklin County,105316.0,71973.0,4.4,8.2,23.0,7.7,Franklin
Gasconade County,14774.0,65096.0,2.9,11.3,18.6,7.2,Gasconade
Gentry County,6224.0,57458.0,2.7,15.6,20.5,13.2,Gentry
Greene County,301121.0,57488.0,3.5,14.4,32.4,11.5,Greene
Grundy County,9822.0,53839.0,2.8,16.8,15.9,17.0,Grundy
Harrison County,8198.0,53364.0,3.3,16.1,17.6,7.7,Harrison
Henry County,22194.0,56621.0,5.5,16.3,16.1,10.9,Henry
Hickory County,8501.0,35084.0,12.1,19.5,12.0,10.3,Hickory
Holt County,4254.0,58516.0,2.1,9.8,20.5,9.5,Holt
Howard County,10141.0,62628.0,4.1,12.8,28.0,8.2,Howard
Howell County,40168.0,49814.0,5.0,21.4,17.5,14.2,Howell
Iron County,9482.0,51161.0,3.3,20.7,18.3,11.0,Iron
Jackson County,717021.0,67178.0,4.8,13.8,33.5,11.3,Jackson
Jasper County,123532.0,57525.0,4.1,18.4,25.1,12.8,Jasper
Jefferson County,228227.0,80522.0,3.6,8.6,23.6,7.3,Jefferson
Johnson County,54331.0,67123.0,4.9,11.9,29.1,9.5,Johnson
Knox County,3760.0,53333.0,4.1,14.7,16.9,24.4,Knox
Laclede County,36245.0,50825.0,5.5,18.6,15.7,11.2,Laclede
Lafayette County,32974.0,79091.0,2.2,9.7,24.4,9.0,Lafayette
Lawrence County,38392.0,55849.0,5.0,16.5,16.6,15.3,Lawrence
Lewis County,9945.0,52340.0,6.0,15.3,16.5,10.6,Lewis
Lincoln County,61636.0,85276.0,3.2,10.7,18.4,9.0,Lincoln
Linn County,11850.0,61975.0,2.6,16.2,20.1,9.8,Linn
Livingston County,14330.0,60148.0,2.8,12.2,18.3,10.7,Livingston
McDonald County,23492.0,48145.0,7.2,17.2,13.4,20.4,McDonald
Macon County,15163.0,58318.0,3.5,10.0,18.5,12.6,Macon
Madison County,12665.0,58435.0,6.9,14.0,15.3,13.6,Madison
Maries County,8435.0,61359.0,4.5,14.9,16.0,8.5,Maries
Marion County,28493.0,63908.0,3.5,13.6,25.7,7.9,Marion
Mercer County,3501.0,60357.0,2.3,14.7,17.9,10.1,Mercer
Miller County,25081.0,55172.0,5.2,14.6,21.0,10.9,Miller
Mississippi County,12079.0,46258.0,3.8,23.0,14.1,11.1,Mississippi
Moniteau County,15303.0,65161.0,2.5,10.4,17.2,16.1,Moniteau
Monroe County,8672.0,48299.0,1.6,16.0,17.4,11.5,Monroe
Montgomery County,11422.0,61042.0,2.8,14.5,16.5,10.0,Montgomery
Morgan County,21430.0,49663.0,3.5,17.0,14.9,24.6,Morgan
New Madrid County,16041.0,49237.0,3.4,18.6,13.3,12.7,New Madrid
Newton County,59490.0,64583.0,4.8,13.4,23.0,13.2,Newton
Nodaway County,20959.0,55970.0,2.9,18.6,25.6,8.2,Nodaway
Oregon County,8704.0,44259.0,4.1,21.9,14.4,18.2,Oregon
Osage County,13379.0,75355.0,1.8,10.1,24.8,4.9,Osage
Ozark County,8773.0,42329.0,5.7,21.7,12.4,16.3,Ozark
Pemiscot County,15232.0,40748.0,9.7,27.4,12.8,13.0,Pemiscot
Perry County,18947.0,63356.0,4.8,11.0,22.1,6.4,Perry
Pettis County,43205.0,60232.0,4.0,13.4,18.6,11.9,Pettis
Phelps County,44948.0,55427.0,4.4,17.2,31.5,8.8,Phelps
Pike County,17623.0,57572.0,4.8,16.3,16.6,9.0,Pike
Platte County,108751.0,95748.0,3.5,6.8,45.6,5.9,Platte
Polk County,32109.0,56686.0,3.5,17.9,21.0,14.5,Polk
Pulaski County,53850.0,66435.0,5.0,12.8,27.9,10.4,Pulaski
Putnam County,4675.0,56875.0,3.8,16.2,19.3,10.9,Putnam
Ralls County,10394.0,62054.0,3.9,12.6,17.5,5.7,Ralls
Randolph County,24524.0,55310.0,4.4,15.8,17.1,10.6,Randolph
Ray County,23149.0,72152.0,2.1,12.0,15.0,9.7,Ray
Reynolds County,6058.0,44357.0,10.6,17.9,15.4,13.4,Reynolds
Ripley County,10755.0,43898.0,4.6,19.7,12.9,16.5,Ripley
St. Charles County,409830.0,102912.0,2.8,4.7,42.4,4.3,St. Charles
St. Clair County,9451.0,46731.0,2.5,16.3,13.7,12.7,St. Clair
Ste. Genevieve County,18551.0,61310.0,4.6,7.9,18.4,4.7,Ste. Genevieve
St. Francois County,66864.0,54813.0,4.9,17.0,16.0,11.8,St. Francois
St. Louis County,996618.0,81340.0,4.2,9.6,46.9,5.8,St. Louis
Saline County,23177.0,56566.0,2.5,14.7,26.0,7.8,Saline
Schuyler County,4044.0,56023.0,4.7,9.7,10.6,14.7,Schuyler
Scotland County,4698.0,67568.0,0.8,7.1,14.5,33.9,Scotland
Scott County,37967.0,58847.0,3.2,14.5,21.7,11.8,Scott
Shannon County,7137.0,59000.0,3.0,16.7,14.6,11.3,Shannon
Shelby County,6011.0,52127.0,1.0,15.6,18.0,10.0,Shelby
Stoddard County,28547.0,54067.0,3.7,17.0,16.4,11.8,Stoddard
Stone County,31697.0,61323.0,7.2,14.0,23.0,9.4,Stone
Sullivan County,5903.0,55500.0,2.4,14.7,14.7,8.6,Sullivan
Taney County,56382.0,58258.0,4.5,14.4,25.4,14.8,Taney
Texas County,24956.0,48055.0,4.6,19.3,15.8,15.7,Texas
Vernon County,19713.0,54519.0,3.9,19.0,18.0,15.6,Vernon
Warren County,36467.0,77989.0,3.8,9.3,19.6,8.2,Warren
Washington County,23483.0,51886.0,3.8,18.2,12.4,11.4,Washington
Wayne County,10942.0,43393.0,7.7,25.1,11.0,13.9,Wayne
Webster County,39868.0,69731.0,4.2,16.1,18.6,13.4,Webster
Worth County,1956.0,46167.0,1.2,17.6,17.6,10.6,Worth
Wright County,18722.0,47304.0,4.1,17.6,14.3,15.7,Wright
St. Louis city,293109.0,55279.0,5.0,19.8,40.2,9.3,St. Louis City
