,,,Premature Death,,,,,,,,,,,,,,,,,,,,,,,,,,Poor or Fair Health,,,,Poor Physical Health Days,,,,Poor Mental Health Days,,,,Low Birthweight,,,,,,,,,,,,,,,,,,,,Adult Smoking,,,,Adult Obesity,,,,Food Environment Index,,Physical Inactivity,,,,Access to Exercise Opportunities,,Excessive Drinking,,,,Alcohol-Impaired Driving Deaths,,,,,,Sexually Transmitted Infections,,,Teen Births,,,,,,,,,,,,,,,,,,,Uninsured,,,,,Primary Care Physicians,,,,Dentists,,,,Mental Health Providers,,,,Preventable Hospital Stays,,,,,,,Mammography Screening,,,,,,,Flu Vaccinations,,,,,,,High School Completion,,,,,,Some College,,,,,,Unemployment,,,,Children in Poverty,,,,,,,,,Income Inequality,,,,Children in Single-Parent Households,,,,,,Social Associations,,,Injury Deaths,,,,,,,,,,,,,,,,,,,,Air Pollution - Particulate Matter,,Drinking Water Violations,,Severe Housing Problems,,,,,,,,,,,,,Driving Alone to Work,,,,,,,,,,,,,,,,,,,Long Commute - Driving Alone,,,,
FIPS,State,County,Unreliable,Deaths,Years of Potential Life Lost Rate,95% CI - Low,95% CI - High,Z-Score,YPLL Rate (AIAN),YPLL Rate (AIAN) 95% CI - Low,YPLL Rate (AIAN) 95% CI - High,YPLL Rate (AIAN) Unreliable,YPLL Rate (Asian),YPLL Rate (Asian) 95% CI - Low,YPLL Rate (Asian) 95% CI - High,YPLL Rate (Asian) Unreliable,YPLL Rate (Black),YPLL Rate (Black) 95% CI - Low,YPLL Rate (Black) 95% CI - High,YPLL Rate (Black) Unreliable,YPLL Rate (Hispanic),YPLL Rate (Hispanic) 95% CI - Low,YPLL Rate (Hispanic) 95% CI - High,YPLL Rate (Hispanic) Unreliable,YPLL Rate (White),YPLL Rate (White) 95% CI - Low,YPLL Rate (White) 95% CI - High,YPLL Rate (White) Unreliable,% Fair or Poor Health,95% CI - Low,95% CI - High,Z-Score,Average Number of Physically Unhealthy Days,95% CI - Low,95% CI - High,Z-Score,Average Number of Mentally Unhealthy Days,95% CI - Low,95% CI - High,Z-Score,Unreliable,% Low Birthweight,95% CI - Low,95% CI - High,Z-Score,% LBW (AIAN),% LBW (AIAN) 95% CI - Low,% LBW (AIAN) 95% CI - High,% LBW (Asian),% LBW (Asian) 95% CI - Low,% LBW (Asian) 95% CI - High,% LBW (Black),% LBW (Black) 95% CI - Low,% LBW (Black) 95% CI - High,% LBW (Hispanic),% LBW (Hispanic) 95% CI - Low,% LBW (Hispanic) 95% CI - High,% LBW (White),% LBW (White) 95% CI - Low,% LBW (White) 95% CI - High,% Adults Reporting Currently Smoking,95% CI - Low,95% CI - High,Z-Score,% Adults with Obesity,95% CI - Low,95% CI - High,Z-Score,Food Environment Index,Z-Score,% Physically Inactive,95% CI - Low,95% CI - High,Z-Score,% With Access to Exercise Opportunities,Z-Score,% Excessive Drinking,95% CI - Low,95% CI - High,Z-Score,# Alcohol-Impaired Driving Deaths,# Driving Deaths,% Driving Deaths with Alcohol Involvement,95% CI - Low,95% CI - High,Z-Score,# Chlamydia Cases,Chlamydia Rate,Z-Score,Teen Birth Rate,95% CI - Low,95% CI - High,Z-Score,Teen Birth Rate (AIAN),Teen Birth Rate (AIAN) 95% CI - Low,Teen Birth Rate (AIAN) 95% CI - High,Teen Birth Rate (Asian),Teen Birth Rate (Asian) 95% CI - Low,Teen Birth Rate (Asian) 95% CI - High,Teen Birth Rate (Black),Teen Birth Rate (Black) 95% CI - Low,Teen Birth Rate (Black) 95% CI - High,Teen Birth Rate (Hispanic),Teen Birth Rate (Hispanic) 95% CI - Low,Teen Birth Rate (Hispanic) 95% CI - High,Teen Birth Rate (White),Teen Birth Rate (White) 95% CI - Low,Teen Birth Rate (White) 95% CI - High,# Uninsured,% Uninsured,95% CI - Low,95% CI - High,Z-Score,# Primary Care Physicians,Primary Care Physicians Rate,Primary Care Physicians Ratio,Z-Score,# Dentists,Dentist Rate,Dentist Ratio,Z-Score,# Mental Health Providers,Mental Health Provider Rate,Mental Health Provider Ratio,Z-Score,Preventable Hospitalization Rate,Z-Score,Preventable Hosp. Rate (AIAN),Preventable Hosp. Rate (Asian),Preventable Hosp. Rate (Black),Preventable Hosp. Rate (Hispanic),Preventable Hosp. Rate (White),% with Annual Mammogram,Z-Score,% Screened (AIAN),% Screened (Asian),% Screened (Black),% Screened (Hispanic),% Screened (White),% Vaccinated,Z-Score,% Vaccinated (AIAN),% Vaccinated (Asian),% Vaccinated (Black),% Vaccinated (Hispanic),% Vaccinated (White),# Completed High School,Population,% Completed High School,95% CI - Low,95% CI - High,Z-Score,# Some College,Population,% Some College,95% CI - Low,95% CI - High,Z-Score,# Unemployed,Labor Force,% Unemployed,Z-Score,% Children in Poverty,95% CI - Low,95% CI - High,Z-Score,% Children in Poverty (AIAN),% Children in Poverty (Asian),% Children in Poverty (Black),% Children in Poverty (Hispanic),% Children in Poverty (White),80th Percentile Income,20th Percentile Income,Income Ratio,Z-Score,# Children in Single-Parent Households,# Children in Households,% Children in Single-Parent Households,95% CI - Low,95% CI - High,Z-Score,# Associations,Social Association Rate,Z-Score,# Injury Deaths,Injury Death Rate,95% CI - Low,95% CI - High,Z-Score,Injury Death Rate (AIAN),Injury Death Rate (AIAN) 95% CI - Low,Injury Death Rate (AIAN) 95% CI - High,Injury Death Rate (Asian),Injury Death Rate (Asian) 95% CI - Low,Injury Death Rate (Asian) 95% CI - High,Injury Death Rate (Black),Injury Death Rate (Black) 95% CI - Low,Injury Death Rate (Black) 95% CI - High,Injury Death Rate (Hispanic),Injury Death Rate (Hispanic) 95% CI - Low,Injury Death Rate (Hispanic) 95% CI - High,Injury Death Rate (White),Injury Death Rate (White) 95% CI - Low,Injury Death Rate (White) 95% CI - High,Average Daily PM2.5,Z-Score,Presence of Water Violation,Z-Score,% Severe Housing Problems,95% CI - Low,95% CI - High,Severe Housing Cost Burden,Severe Housing Cost Burden 95% CI - Low,Severe Housing Cost Burden 95% CI - High,Overcrowding,Overcrowding 95% CI - Low,Overcrowding 95% CI - High,Inadequate Facilities,Inadequate Facilities 95% CI - Low,Inadequate Facilities 95% CI - High,Z-Score,% Drive Alone to Work,95% CI - Low,95% CI - High,Z-Score,% Drive Alone (AIAN),% Drive Alone (AIAN) 95% CI - Low,% Drive Alone (AIAN) 95% CI - High,% Drive Alone (Asian),% Drive Alone (Asian) 95% CI - Low,% Drive Alone (Asian) 95% CI - High,% Drive Alone (Black),% Drive Alone (Black) 95% CI - Low,% Drive Alone (Black) 95% CI - High,% Drive Alone (Hispanic),% Drive Alone (Hispanic) 95% CI - Low,% Drive Alone (Hispanic) 95% CI - High,% Drive Alone (White),% Drive Alone (White) 95% CI - Low,% Drive Alone (White) 95% CI - High,# Workers who Drive Alone,% Long Commute - Drives Alone,95% CI - Low,95% CI - High,Z-Score
29000,Missouri,,,92687,8860,8774,8946,,5241,4348,6135,,3412,3086,3739,,15644,15321,15968,,5252,4946,5558,,8129,8037,8221,,15,14,16,,3.4,3.2,3.6,,4.9,4.7,5.2,,,9,9,9,,10,8,11,9,8,9,15,15,15,7,7,8,7,7,7,19,17,20,,34,33,36,,6.8,,25,24,26,,76,,20,19,21,,1286,4667,28,27,28,,31815,518.4,,23,22,23,,21,18,24,7,6,8,35,35,36,33,32,35,20,20,20,597591,12,12,13,,4367,71,1409:1,,3815,62,1617:1,,14252,231,433:1,,3052,,4518,2335,5226,2969,2868,40,,24,27,36,32,41,49,,45,51,37,43,50,3810280,4187819,91,91,91,,1060529,1577435,67,67,68,,134087,3062458,4.4,,17,16,17,,27,11,34,23,13,118736,26269,4.5,,337095,1386290,24,24,25,,6983,11.4,,29326,96,95,97,,52,42,64,28,24,32,151,148,155,43,40,47,92,91,93,7.6,,,,13,13,13,11,11,11,2,2,2,1,1,1,,79,79,80,,72,69,76,70,69,72,74,73,75,75,73,76,81,81,81,2910919,32,32,32,
29001,Missouri,Adair,,313,8052,6680,9424,-0.63,,,,,,,,,,,,,,,,,,,,,17,15,19,-0.14,3.9,3.5,4.2,-0.07,5.1,4.8,5.4,0.29,,8,7,9,0.12,,,,,,,10,5,14,,,,8,6,9,22,18,25,-0.38,40,38,42,0.75,6.9,0.26,27,24,30,-0.22,77,-1.13,18,17,19,-0.43,4,18,22,10,36,-0.25,79,311.7,-0.09,9,8,11,-1.84,,,,,,,,,,,,,,,,3081,17,14,19,0.66,41,161,619:1,-3.90,21,83,1199:1,-2.03,71,282,355:1,-1.50,2102,-1.07,,,,,,36,0.16,,,,,,54,-1.40,,73,45,55,55,12583,13692,92,90,94,-0.98,3114,4816,65,57,72,-1.02,427,9908,4.3,0.15,20,14,27,-0.10,,,,,,97421,15785,6.2,3.42,727,4583,16,11,21,-0.81,28,11.0,0.13,88,69,56,85,-1.10,,,,,,,,,,,,,,,,7.5,-0.34,No,-0.65,14,11,16,13,10,15,1,0,1,2,1,3,0.66,76,72,80,-0.90,,,,,,,,,,,,,,,,10240,16,12,19,-1.73
29003,Missouri,Andrew,,219,6581,5168,7994,-1.36,,,,,,,,,,,,,,,,,,,,,14,12,16,-1.49,3.3,3.0,3.6,-1.61,4.8,4.5,5.2,-0.84,,7,6,9,-0.61,,,,,,,,,,,,,,,,19,15,22,-1.51,38,36,40,-0.06,8.4,-1.34,24,21,27,-1.16,51,0.08,20,19,21,0.92,5,26,19,10,31,-0.52,53,299.2,-0.16,15,12,20,-1.26,,,,,,,,,,,,,,,,1750,12,11,14,-0.93,2,11,8793:1,1.05,5,28,3600:1,0.43,4,22,4501:1,0.98,3351,0.33,,,,,,41,-0.72,,,,,,48,-0.76,,,,,,11704,12517,94,92,95,-1.37,2840,4250,67,58,76,-1.24,292,9656,3.0,-1.20,11,7,14,-1.55,,,,1,4,115867,27828,4.2,-0.35,838,4214,20,13,27,-0.20,13,7.4,1.10,63,72,55,92,-0.98,,,,,,,,,,,,,,,,7.9,0.26,No,-0.65,9,6,12,8,5,10,1,0,1,1,0,2,-1.07,87,83,90,1.52,,,,,,,,,,,,,,,,8529,28,23,32,-0.60
29005,Missouri,Atchison,,104,8286,5689,10884,-0.52,,,,,,,,,,,,,,,,,,,,,15,13,18,-0.76,3.6,3.3,4.0,-0.66,5.0,4.7,5.4,-0.06,x,3,2,5,-3.00,,,,,,,,,,,,,,,,21,18,25,-0.68,36,34,38,-0.82,8.2,-1.13,25,22,28,-0.90,39,0.64,20,19,21,0.75,2,5,40,15,62,1.37,7,136.1,-1.04,,,,0.00,,,,,,,,,,,,,,,,559,15,13,17,0.06,2,39,2548:1,0.13,2,38,2617:1,-0.03,3,57,1745:1,0.65,4535,1.66,,,,,,44,-1.25,,,,,,36,0.53,,,,,,3500,3887,90,88,93,-0.52,571,1105,52,43,60,0.31,86,2655,3.2,-0.97,18,12,24,-0.49,,,,49,18,101710,23090,4.4,0.11,196,1107,18,10,25,-0.53,14,27.5,-3.00,24,92,59,137,0.04,,,,,,,,,,,,,,,,7.4,-0.49,No,-0.65,9,6,11,8,5,11,1,0,2,0,0,1,-1.26,79,76,83,-0.10,,,,,,,,,,,,,,,,2551,23,18,27,-1.04
29007,Missouri,Audrain,,415,9025,7635,10416,-0.15,,,,,,,,,,,,,,,,,,,,,19,17,21,0.48,4.2,3.8,4.5,0.66,5.2,4.9,5.5,0.73,,9,8,10,0.70,,,,,,,18,12,24,,,,8,7,10,24,21,27,0.15,40,38,41,0.55,7.1,0.04,30,27,33,0.70,73,-0.93,18,17,19,-0.67,3,20,15,5,28,-0.91,158,622.3,1.59,30,25,35,0.16,,,,,,,43,25,69,,,,30,25,35,2975,16,14,18,0.44,11,44,2258:1,-0.04,11,44,2271:1,-0.29,54,216,463:1,-0.87,1936,-1.26,,,,,,44,-1.25,,,59,,43,34,0.74,,,32,,34,15232,17452,87,85,90,0.15,3219,6474,50,43,56,0.50,376,10246,3.7,-0.52,23,15,31,0.36,,,8,73,26,97771,25351,3.9,-0.92,1289,5784,22,15,29,0.17,24,9.7,0.50,92,72,58,89,-0.96,,,,,,,,,,,,,,,,7.9,0.26,Yes,1.54,9,7,11,7,6,9,1,0,2,1,0,1,-0.98,84,80,87,0.84,,,,,,,,,,,,,,,,10886,29,24,33,-0.50
29009,Missouri,Barry,,682,9136,7991,10281,-0.10,,,,,,,,,,,,,,,,,,,,,18,16,21,0.40,4.0,3.7,4.4,0.31,5.1,4.8,5.4,0.14,,8,7,9,-0.08,,,,,,,,,,6,4,9,8,7,9,24,20,27,0.18,38,37,40,0.06,7.0,0.15,29,27,32,0.57,57,-0.21,18,17,19,-0.57,15,50,30,23,38,0.46,55,153.7,-0.94,36,32,41,0.77,,,,,,,,,,39,28,53,37,32,41,4713,17,15,20,0.91,22,61,1628:1,-0.60,11,32,3156:1,0.26,34,98,1021:1,0.26,2211,-0.95,,,,1435,2194,37,-0.02,,,,23,37,37,0.42,,34,,30,37,20742,24371,85,83,87,0.68,3445,7684,45,38,51,1.00,688,15094,4.6,0.40,29,22,36,1.32,23,,,39,29,99205,24142,4.1,-0.45,1519,7916,19,13,26,-0.30,42,11.7,-0.05,166,93,79,107,0.06,,,,,,,,,,,,,,,,8.3,0.86,No,-0.65,16,13,19,11,9,13,5,3,6,1,1,2,1.56,81,78,85,0.28,,,,,,,,,,74,59,89,81,77,85,14537,28,24,32,-0.56
29011,Missouri,Barton,,174,7091,5443,8738,-1.11,,,,,,,,,,,,,,,,,,,,,19,16,21,0.48,4.1,3.8,4.5,0.57,5.1,4.8,5.5,0.41,,8,7,10,0.26,,,,,,,,,,,,,,,,25,21,29,0.52,40,37,42,0.52,4.7,2.60,29,26,33,0.54,48,0.23,19,18,20,-0.03,2,6,33,11,55,0.76,20,170.2,-0.85,34,27,42,0.55,,,,,,,,,,,,,,,,1475,16,14,19,0.61,3,26,3864:1,0.57,2,17,5829:1,0.90,9,77,1295:1,0.46,2587,-0.53,,,,,,40,-0.55,,,,,,41,-0.01,,,,,,7042,8032,88,85,90,0.05,1520,2592,59,46,71,-0.40,176,5190,3.4,-0.81,21,13,28,0.01,34,,,43,21,93451,19044,4.9,1.05,605,2776,22,11,32,0.10,14,12.1,-0.15,40,68,49,92,-1.17,,,,,,,,,,,,,,,,8.1,0.56,No,-0.65,13,9,16,9,6,13,2,1,4,1,0,3,0.32,81,74,89,0.33,,,,,,,,,,,,,,,,4766,35,29,41,0.10
29013,Missouri,Bates,,269,8762,7092,10431,-0.28,,,,,,,,,,,,,,,,,,,,,17,15,20,0.01,3.9,3.6,4.3,0.07,5.0,4.7,5.3,-0.19,,7,5,8,-0.95,,,,,,,,,,,,,,,,24,21,28,0.28,41,39,43,1.13,7.2,-0.06,29,26,32,0.57,42,0.47,18,17,19,-0.89,2,16,13,3,28,-1.14,34,210.2,-0.64,27,21,33,-0.15,,,,,,,,,,,,,,,,1977,16,13,18,0.29,4,25,4061:1,0.61,4,25,4026:1,0.56,11,68,1464:1,0.54,4130,1.21,,,,,,37,-0.02,,,,,,30,1.17,,,,,,9741,11062,88,86,90,-0.04,1617,3643,44,37,52,1.05,325,7647,4.3,0.08,19,13,25,-0.30,,,37,35,26,103197,23045,4.5,0.24,859,3840,22,16,29,0.19,17,10.5,0.28,77,94,75,118,0.14,,,,,,,,,,,,,,,,7.4,-0.49,Yes,1.54,13,11,16,8,6,10,4,3,6,1,0,2,0.47,78,75,81,-0.36,,,,,,,,,,,,,,,,6951,52,46,58,1.73
29015,Missouri,Benton,,451,10494,8563,12424,0.57,,,,,,,,,,,,,,,,,,,,,18,16,20,0.13,3.9,3.6,4.3,0.01,5.0,4.7,5.4,0.01,,7,5,8,-0.88,,,,,,,,,,,,,,,,24,20,28,0.42,40,38,42,0.63,6.9,0.26,28,25,31,0.05,33,0.90,19,18,20,0.15,6,15,40,26,53,1.37,60,308.6,-0.11,32,26,39,0.35,,,,,,,,,,,,,,,,2035,16,13,18,0.27,6,31,3271:1,0.41,3,15,6636:1,0.99,15,75,1327:1,0.48,2306,-0.84,,,,,,33,0.68,,,,,,39,0.21,,,,46,39,13016,14969,87,85,89,0.23,1620,3240,50,41,59,0.48,417,7322,5.7,1.59,27,17,36,0.95,,,2,38,31,90324,19403,4.7,0.58,806,3344,24,16,32,0.45,26,13.2,-0.46,116,121,99,142,1.42,,,,,,,,,,,,,,,,7.4,-0.49,Yes,1.54,13,10,16,10,8,13,2,1,3,2,1,3,0.43,81,76,86,0.23,,,,,,,,,,,,,,,,6772,42,35,48,0.73
29017,Missouri,Bollinger,,219,8469,6546,10392,-0.43,,,,,,,,,,,,,,,,,,,,,19,17,21,0.63,4.2,3.8,4.6,0.69,5.3,4.9,5.6,0.99,,7,6,9,-0.37,,,,,,,,,,,,,,,,26,22,30,0.95,39,37,41,0.33,6.8,0.36,30,27,33,0.63,26,1.21,19,18,20,0.38,3,11,27,11,45,0.21,35,288.5,-0.21,29,23,37,0.07,,,,,,,,,,,,,,,,1580,17,15,19,0.80,1,8,12111:1,1.15,3,28,3519:1,0.40,4,38,2639:1,0.83,2817,-0.27,,,,,,43,-1.07,,,,,,40,0.10,,,,,,6553,7721,85,82,88,0.74,934,2303,41,31,50,1.44,222,5349,4.2,-0.02,23,15,30,0.27,,,,,,91917,18797,4.9,1.02,395,2337,17,8,26,-0.65,9,7.4,1.09,51,84,62,110,-0.38,,,,,,,,,,,,,,,,8.1,0.56,No,-0.65,13,9,17,10,7,14,3,0,5,0,0,1,0.34,71,64,78,-2.05,,,,,,,,,,,,,,,,4353,58,48,67,2.24
29019,Missouri,Boone,,1790,6784,6338,7229,-1.26,,,,,,,,,13677,11793,15561,,,,,,6328,5845,6811,,13,12,15,-1.57,3.3,3.0,3.6,-1.64,4.7,4.4,5.0,-1.50,,8,8,9,0.23,,,,7,6,9,15,14,17,9,7,11,7,7,7,16,13,19,-2.41,33,31,34,-2.08,7.5,-0.38,22,20,25,-1.81,87,-1.60,19,19,20,0.51,26,88,30,24,35,0.42,1206,668.3,1.83,10,9,11,-1.76,,,,,,,31,26,35,26,19,33,7,6,8,16120,11,9,12,-1.63,212,116,863:1,-2.40,133,72,1397:1,-1.51,738,397,252:1,-2.61,2415,-0.72,,1068,4470,8369,2158,47,-1.77,,32,41,21,47,55,-1.51,,54,38,40,57,105274,110816,95,94,96,-1.74,39200,49247,80,76,83,-2.54,2955,99004,3.0,-1.24,14,10,17,-1.12,,7,45,31,8,123463,25728,4.8,0.85,7159,37293,19,16,22,-0.30,193,10.5,0.26,509,57,52,62,-1.73,,,,,,,96,77,118,,,,56,50,61,8.1,0.56,No,-0.65,16,15,17,14,13,16,2,1,2,1,1,1,1.63,77,75,79,-0.68,,,,70,62,78,81,75,88,68,59,77,78,76,80,94888,16,14,18,-1.70
29021,Missouri,Buchanan,,1399,9099,8390,9809,-0.12,,,,,,,,,12100,9188,15642,,6515,4329,9416,,9215,8434,9996,,17,15,19,-0.14,3.8,3.5,4.1,-0.26,5.1,4.9,5.4,0.39,,9,8,9,0.51,,,,9,5,12,14,11,17,9,7,11,8,8,9,23,19,26,-0.02,37,35,38,-0.51,6.9,0.26,26,24,29,-0.48,66,-0.64,18,17,19,-0.61,13,42,31,23,39,0.54,623,713.1,2.07,35,33,38,0.70,,,,,,,39,30,49,43,34,55,35,32,38,9223,14,12,15,-0.49,54,62,1602:1,-0.64,65,78,1290:1,-1.77,164,196,511:1,-0.68,3522,0.52,,,8504,2819,3463,43,-1.07,,23,37,39,43,58,-1.83,,50,45,53,58,51947,58026,90,88,91,-0.40,12211,22306,55,51,59,-0.01,1640,43329,3.8,-0.40,23,18,28,0.32,,46,63,31,17,103469,21688,4.8,0.79,5086,19326,26,22,30,0.79,112,12.9,-0.38,328,74,66,83,-0.85,,,,,,,128,91,176,57,33,92,73,64,81,8.6,1.30,No,-0.65,14,12,15,11,9,12,2,2,3,1,1,2,0.76,82,80,83,0.47,,,,44,33,54,65,56,74,79,68,90,85,84,86,38833,14,13,16,-1.85
29023,Missouri,Butler,,938,12342,11120,13565,1.49,,,,,,,,,23287,17049,31062,,,,,,11867,10603,13132,,20,18,22,0.94,4.2,3.9,4.6,0.87,5.5,5.2,5.8,1.86,,11,10,12,1.86,,,,,,,19,15,23,12,5,18,10,9,11,27,23,30,1.11,39,37,41,0.29,6.3,0.90,32,29,35,1.55,68,-0.71,17,16,18,-1.72,10,51,20,13,27,-0.49,222,522.6,1.05,44,40,49,1.56,,,,,,,55,40,74,71,43,112,43,38,47,4903,15,13,17,0.02,41,97,1029:1,-1.78,31,74,1358:1,-1.60,128,304,329:1,-1.72,3795,0.83,,,2810,4302,3764,41,-0.72,,,43,,41,27,1.49,,,18,4,28,24628,29253,84,82,87,0.91,5684,10090,56,49,63,-0.17,850,18037,4.7,0.57,29,20,37,1.19,,,43,39,26,84116,16995,4.9,1.13,2834,9910,29,21,36,1.14,36,8.5,0.79,218,102,89,116,0.53,,,,,,,146,89,225,,,,101,86,115,8.5,1.16,No,-0.65,13,11,14,11,9,13,2,1,2,1,0,1,0.31,79,76,83,-0.09,,,,,,,,,,,,,,,,16882,17,14,21,-1.57
29025,Missouri,Caldwell,,155,10319,7773,12866,0.49,,,,,,,,,,,,,,,,,,,,,18,16,20,0.28,4.1,3.8,4.5,0.55,5.1,4.7,5.4,0.08,,9,7,11,0.80,,,,,,,,,,,,,,,,24,21,28,0.28,41,39,43,0.97,7.3,-0.17,28,25,30,-0.05,38,0.65,19,18,20,0.22,3,10,30,13,48,0.46,24,266.1,-0.33,27,21,36,-0.07,,,,,,,,,,,,,,,,1119,16,14,18,0.45,1,11,9051:1,1.06,1,11,8897:1,1.16,2,22,4449:1,0.98,4367,1.47,,,,,,31,1.04,,,,,,42,-0.11,,,,,,5360,6007,89,87,91,-0.33,883,1885,47,40,54,0.80,220,4298,5.1,0.99,18,12,24,-0.49,,,,15,22,91846,23118,4.0,-0.70,397,2131,19,13,24,-0.39,13,14.4,-0.75,52,115,86,150,1.13,,,,,,,,,,,,,,,,7.1,-0.93,No,-0.65,15,11,18,9,6,12,4,2,6,1,0,3,1.06,79,75,84,-0.09,,,,,,,,,,,,,,,,3651,53,47,60,1.83
29027,Missouri,Callaway,,677,7904,6967,8840,-0.71,,,,,,,,,,,,,,,,,,,,,15,13,17,-0.91,3.5,3.2,3.9,-0.90,4.9,4.6,5.2,-0.53,,8,7,9,-0.19,,,,,,,15,9,20,,,,8,7,8,21,17,24,-0.82,34,32,36,-1.55,7.9,-0.81,25,22,27,-1.03,69,-0.74,20,20,21,1.51,7,41,17,10,26,-0.72,172,384.4,0.30,21,18,23,-0.75,,,,,,,16,8,30,,,,21,18,24,4281,13,11,15,-0.83,17,38,2640:1,0.17,12,27,3720:1,0.47,83,186,538:1,-0.58,2903,-0.17,,,3000,,2932,42,-0.90,,,32,,42,52,-1.18,,,35,,53,27287,30608,89,88,91,-0.31,6629,11626,57,51,63,-0.24,727,21325,3.4,-0.80,14,9,19,-0.99,,31,70,,14,110167,29853,3.7,-1.23,1785,9375,19,13,25,-0.33,37,8.2,0.87,164,73,62,84,-0.92,,,,,,,,,,,,,,,,7.9,0.26,No,-0.65,9,7,11,7,6,9,1,0,1,2,1,2,-1.04,81,79,84,0.28,,,,,,,,,,,,,,,,20025,31,26,35,-0.32
29029,Missouri,Camden,,799,7751,6680,8822,-0.78,,,,,,,,,,,,,,,,,,,,,15,13,17,-0.91,3.7,3.3,4.0,-0.59,4.9,4.6,5.2,-0.61,,7,6,8,-0.85,,,,,,,,,,7,3,11,7,6,8,21,18,25,-0.65,40,38,42,0.55,7.4,-0.27,25,22,28,-0.97,61,-0.38,22,21,23,2.79,18,58,31,24,38,0.55,97,209.5,-0.64,25,21,28,-0.32,,,,,,,,,,31,16,55,25,21,29,4884,15,13,17,0.11,31,67,1497:1,-0.78,28,64,1551:1,-1.19,85,196,511:1,-0.68,2208,-0.95,,,,,,43,-1.07,,,,25,43,34,0.74,,,,19,34,29829,32646,91,90,93,-0.85,4545,7800,58,51,66,-0.37,955,19270,5.0,0.82,21,14,27,-0.02,,,,40,21,113275,25072,4.5,0.32,1060,7450,14,10,19,-1.06,57,12.3,-0.20,221,97,84,109,0.25,,,,,,,,,,,,,,,,7.5,-0.34,No,-0.65,13,11,15,11,9,13,1,1,2,1,0,1,0.27,81,78,84,0.18,,,,,,,,,,,,,,,,17808,27,23,31,-0.66
29031,Missouri,Cape Girardeau,,1164,8972,8180,9765,-0.18,,,,,,,,,17186,13412,20959,,,,,,8239,7437,9041,,15,13,17,-1.03,3.6,3.2,3.9,-0.84,4.7,4.4,5.0,-1.37,,9,8,9,0.38,,,,12,6,18,15,12,17,8,5,12,7,7,8,20,17,23,-1.15,40,38,42,0.67,7.4,-0.27,25,22,28,-0.93,75,-1.04,21,21,22,2.32,12,49,24,17,32,-0.04,444,562.9,1.27,17,15,19,-1.12,,,,,,,42,34,50,38,23,58,13,11,15,7603,12,10,14,-1.03,72,91,1104:1,-1.56,60,73,1369:1,-1.57,236,287,348:1,-1.56,1911,-1.29,,,6804,,1793,47,-1.77,,35,45,38,47,52,-1.18,,48,31,41,52,47964,52214,92,91,93,-0.97,13193,19513,68,62,73,-1.32,1453,40445,3.6,-0.60,14,8,19,-1.12,,,55,43,10,106124,25042,4.2,-0.21,3519,17479,20,16,24,-0.16,103,13.0,-0.38,336,85,76,94,-0.32,,,,,,,142,105,188,,,,82,73,92,9.1,2.05,No,-0.65,14,12,16,12,11,14,2,1,2,1,1,2,0.88,81,79,83,0.32,,,,,,,67,57,76,85,75,94,83,81,85,39712,19,17,22,-1.39
29033,Missouri,Carroll,,145,9281,6855,11707,-0.03,,,,,,,,,,,,,,,,,,,,,17,15,19,-0.26,3.9,3.6,4.3,0.05,4.9,4.6,5.2,-0.57,,8,6,10,0.12,,,,,,,,,,,,,,,,23,20,27,0.08,37,35,39,-0.48,7.4,-0.27,29,26,32,0.40,49,0.18,19,18,20,0.64,5,19,26,14,39,0.12,25,288.1,-0.22,20,14,27,-0.85,,,,,,,,,,,,,,,,964,15,13,17,-0.07,3,35,2851:1,0.27,3,36,2792:1,0.07,4,48,2094:1,0.74,3055,0.00,,,,,,36,0.16,,,,,,46,-0.54,,,,,,5405,5981,90,88,93,-0.60,992,1866,53,43,63,0.15,198,4504,4.4,0.24,19,12,26,-0.22,,,,43,13,99586,23910,4.2,-0.34,456,1937,24,13,34,0.37,14,16.4,-1.28,53,121,91,159,1.46,,,,,,,,,,,,,,,,7.0,-1.08,No,-0.65,7,5,10,6,3,9,1,0,3,1,0,2,-1.72,79,75,83,-0.21,,,,,,,,,,,,,,,,3739,36,30,42,0.17
29035,Missouri,Carter,,141,12583,9124,16043,1.61,,,,,,,,,,,,,,,,,,,,,18,16,21,0.24,4.0,3.7,4.4,0.37,5.2,4.8,5.5,0.66,,7,5,10,-0.38,,,,,,,,,,,,,,,,25,21,28,0.48,40,38,42,0.55,4.8,2.49,29,26,32,0.31,66,-0.62,19,18,20,0.24,4,12,33,18,49,0.76,10,167.2,-0.87,37,27,49,0.86,,,,,,,,,,,,,,,,821,18,15,20,1.12,1,17,5991:1,0.87,2,38,2660:1,0.00,8,150,665:1,-0.24,3126,0.08,,,,,,36,0.16,,,,,,34,0.74,,,,,,3189,3667,87,82,92,0.23,445,979,45,31,60,0.94,133,2571,5.2,1.05,32,22,43,1.78,,,,,,103150,22943,4.5,0.28,227,1158,20,7,32,-0.24,4,6.7,1.29,36,119,83,164,1.32,,,,,,,,,,,,,,,,7.3,-0.64,No,-0.65,10,6,14,7,3,11,1,0,3,1,0,3,-0.86,77,71,82,-0.71,,,,,,,,,,,,,,,,2326,36,23,49,0.19
29037,Missouri,Cass,,1334,7263,6653,7874,-1.02,,,,,,,,,8521,5935,11850,,,,,,7351,6693,8009,,14,12,16,-1.37,3.3,3.0,3.6,-1.53,4.6,4.3,4.9,-1.65,,7,7,8,-0.48,,,,,,,14,10,17,6,4,8,7,7,8,19,16,22,-1.38,35,33,36,-1.43,7.9,-0.81,24,21,26,-1.29,65,-0.55,19,18,20,0.03,26,69,38,32,44,1.16,430,406.5,0.42,18,16,19,-1.03,,,,,,,24,17,32,29,21,39,16,15,18,10405,12,10,13,-1.16,24,22,4450:1,0.68,44,40,2492:1,-0.12,119,109,921:1,0.16,3575,0.58,,,7430,,3513,44,-1.25,,,49,46,44,50,-0.97,,64,41,44,50,68309,73193,93,93,94,-1.33,17080,26360,65,61,69,-1.03,2120,54398,3.9,-0.29,10,6,13,-1.72,11,7,34,8,10,136220,35546,3.8,-0.97,4745,25788,18,15,22,-0.42,97,9.1,0.65,420,80,72,88,-0.57,,,,,,,60,34,100,46,23,83,83,75,91,6.3,-2.13,Yes,1.54,10,9,12,8,7,10,2,1,2,1,0,1,-0.59,83,82,85,0.79,,,,,,,55,42,67,80,70,90,76,73,78,52244,50,47,53,1.52
29039,Missouri,Cedar,,283,10116,8162,12070,0.39,,,,,,,,,,,,,,,,,,,,,20,17,23,0.94,4.3,3.9,4.7,1.13,5.3,4.9,5.6,0.95,,6,5,8,-1.26,,,,,,,,,,,,,,,,26,22,30,0.95,37,35,39,-0.36,6.6,0.58,30,26,33,0.60,57,-0.19,18,17,19,-0.63,2,11,18,4,37,-0.62,28,195.1,-0.72,42,34,49,1.31,,,,,,,,,,,,,,,,1728,16,14,18,0.49,5,35,2864:1,0.27,6,41,2416:1,-0.17,12,83,1208:1,0.40,1475,-1.78,,,,,,33,0.68,,,,,,35,0.64,,,,,,8462,9821,86,82,90,0.42,1676,2826,59,46,72,-0.47,212,5790,3.7,-0.53,27,18,36,0.96,,,,4,20,79833,20276,3.9,-0.77,677,3441,20,11,28,-0.23,16,11.2,0.09,69,97,76,123,0.28,,,,,,,,,,,,,,,,7.5,-0.34,Yes,1.54,10,7,13,8,5,11,2,0,3,2,0,3,-0.68,80,75,85,0.06,,,,,,,,,,,,,,,,5002,34,26,42,-0.01
29041,Missouri,Chariton,,125,7387,5064,9711,-0.96,,,,,,,,,,,,,,,,,,,,,16,14,18,-0.72,3.6,3.3,4.0,-0.75,4.8,4.5,5.2,-0.77,,8,5,10,-0.36,,,,,,,,,,,,,,,,22,19,25,-0.32,38,36,40,0.06,8.1,-1.02,26,23,29,-0.44,34,0.85,19,18,21,0.59,1,5,20,2,48,-0.45,22,296.3,-0.17,25,17,35,-0.30,,,,,,,,,,,,,,,,766,14,12,16,-0.25,1,14,7360:1,0.97,1,14,7356:1,1.06,4,54,1839:1,0.68,1988,-1.20,,,,,,33,0.68,,,,,,45,-0.43,,,,,,4774,5226,91,89,94,-0.84,888,1441,62,52,72,-0.71,123,3743,3.3,-0.92,15,10,20,-0.87,,,,,,96427,26109,3.7,-1.23,238,1700,14,9,19,-1.10,10,13.6,-0.55,24,64,41,96,-1.34,,,,,,,,,,,,,,,,7.3,-0.64,No,-0.65,9,7,12,8,5,11,1,0,2,1,0,2,-0.91,80,79,81,0.02,,,,,,,,,,,,,,,,3143,34,28,40,0.02
29043,Missouri,Christian,,1014,6963,6314,7612,-1.17,,,,,,,,,,,,,,,,,,,,,13,11,15,-1.57,3.3,2.9,3.7,-1.51,4.6,4.3,4.9,-1.77,,6,6,7,-1.33,,,,,,,,,,8,4,11,6,5,7,18,15,22,-1.61,37,35,39,-0.36,7.9,-0.81,22,19,25,-1.85,60,-0.35,19,18,20,0.06,18,60,30,23,37,0.46,224,252.8,-0.41,17,15,18,-1.13,,,,,,,,,,,,,,,,9903,13,11,15,-0.67,40,44,2266:1,-0.03,26,28,3519:1,0.40,103,113,888:1,0.12,2455,-0.68,,,,,,45,-1.42,,,,24,45,55,-1.51,57,50,46,58,55,54775,59218,92,91,94,-1.12,16235,23249,70,65,75,-1.54,1504,46547,3.2,-0.98,10,6,14,-1.64,9,,3,10,11,118819,32984,3.6,-1.40,3272,22349,15,11,18,-1.00,77,8.5,0.81,292,67,59,75,-1.22,,,,,,,,,,,,,,,,8.2,0.71,No,-0.65,10,9,12,8,7,9,2,1,3,1,0,1,-0.59,84,82,86,0.95,,,,,,,,,,,,,,,,42279,39,36,43,0.50
29045,Missouri,Clark,,101,6390,4191,8589,-1.46,,,,,,,,,,,,,,,,,,,,,19,17,21,0.63,4.2,3.9,4.7,0.87,5.0,4.7,5.3,-0.09,,8,5,10,-0.25,,,,,,,,,,,,,,,,26,22,29,0.81,41,39,42,0.86,7.8,-0.70,29,26,32,0.47,48,0.20,18,17,19,-0.37,5,10,50,34,63,2.28,14,206.0,-0.66,22,15,32,-0.56,,,,,,,,,,,,,,,,868,17,14,19,0.66,3,44,2277:1,-0.03,2,30,3368:1,0.35,2,30,3368:1,0.91,3563,0.57,,,,,,37,-0.02,,,,,,41,-0.01,,,,,,3952,4573,86,83,90,0.36,776,1381,56,40,72,-0.15,145,3127,4.6,0.49,21,14,29,0.10,,25,,,19,97988,19214,5.1,1.41,243,1655,15,6,23,-0.99,7,10.2,0.34,17,50,29,80,-2.05,,,,,,,,,,,,,,,,7.9,0.26,No,-0.65,9,6,12,6,3,8,2,0,4,3,1,5,-1.02,79,72,86,-0.19,,,,,,,,,,,,,,,,2917,41,33,49,0.68
29047,Missouri,Clay,,2736,6374,6019,6730,-1.46,,,,,,,,,8860,7312,10407,,4720,3593,6088,,6201,5821,6581,,13,11,15,-1.68,3.3,3.0,3.6,-1.50,5.0,4.7,5.2,-0.34,,7,7,7,-0.79,,,,7,5,9,10,9,11,6,5,7,7,6,7,19,16,22,-1.51,34,33,36,-1.55,8.2,-1.13,22,20,24,-1.88,81,-1.29,20,19,21,1.17,38,103,37,32,42,1.09,1184,473.7,0.78,16,15,17,-1.15,,,,10,6,16,23,18,27,21,17,25,15,14,16,21529,10,9,11,-1.89,160,63,1584:1,-0.66,164,64,1558:1,-1.18,380,149,672:1,-0.23,2751,-0.34,,815,2846,2309,2698,43,-1.07,54,20,39,37,43,57,-1.72,55,56,39,50,58,158952,169909,94,93,94,-1.38,51025,71058,72,69,75,-1.74,6815,138370,4.9,0.79,10,8,13,-1.63,5,15,35,18,8,133767,35791,3.7,-1.14,12667,60210,21,18,24,-0.02,216,8.5,0.80,872,71,66,75,-1.03,,,,30,15,54,71,55,91,41,28,57,74,69,80,6.2,-2.28,Yes,1.54,10,9,11,8,7,9,2,1,2,0,0,1,-0.73,80,79,81,0.02,,,,75,65,85,79,73,86,73,68,79,79,78,81,130408,32,30,33,-0.23
29049,Missouri,Clinton,,317,6655,5480,7829,-1.33,,,,,,,,,,,,,,,,,,,,,14,12,16,-1.30,3.4,3.0,3.7,-1.38,4.7,4.4,5.0,-1.28,,8,7,9,-0.12,,,,,,,,,,,,,,,,21,17,24,-0.82,37,35,39,-0.55,8.3,-1.23,25,22,27,-0.97,43,0.44,20,19,21,1.46,3,12,25,10,42,0.00,68,333.5,0.03,23,19,28,-0.49,,,,,,,,,,,,,,,,2155,13,11,15,-0.74,13,63,1581:1,-0.66,10,47,2129:1,-0.42,7,33,3041:1,0.88,3919,0.97,,,,,,36,0.16,,,,,,47,-0.65,,,42,36,47,13662,14636,93,92,95,-1.33,2781,4925,56,49,64,-0.18,564,10660,5.3,1.17,13,9,18,-1.18,,,,,,109570,29047,3.8,-1.08,686,4980,14,8,19,-1.13,15,7.3,1.12,66,64,50,82,-1.35,,,,,,,,,,,,,,,,7.6,-0.19,No,-0.65,9,7,12,8,5,10,1,0,2,1,0,1,-0.97,82,79,85,0.42,,,,,,,,,,,,,,,,9155,55,49,61,1.98
29051,Missouri,Cole,,1055,7843,7126,8560,-0.74,,,,,,,,,12134,9779,14488,,,,,,7168,6416,7920,,13,11,15,-1.68,3.1,2.8,3.5,-1.98,4.7,4.4,5.0,-1.42,,8,8,9,0.21,,,,7,3,11,14,12,16,8,5,12,7,6,8,17,14,20,-2.01,34,32,35,-1.81,7.9,-0.81,22,19,24,-1.98,59,-0.31,20,19,21,1.06,7,41,17,10,26,-0.72,449,585.1,1.38,19,17,22,-0.86,,,,,,,28,22,34,29,18,44,16,14,19,6120,10,9,12,-1.73,51,67,1494:1,-0.78,49,63,1576:1,-1.15,178,231,434:1,-1.01,2487,-0.64,,,4314,,2354,50,-2.30,,,39,29,50,60,-2.04,,48,43,39,61,49544,53525,93,92,93,-1.14,13836,20752,67,62,71,-1.22,1203,38648,3.1,-1.11,15,11,19,-0.93,,,39,8,9,121985,28802,4.2,-0.21,3662,17317,21,17,25,0.00,173,22.7,-2.97,275,72,63,80,-0.98,,,,,,,78,55,106,,,,71,62,81,7.9,0.26,No,-0.65,9,7,10,7,6,8,1,1,2,1,0,2,-1.17,83,82,85,0.81,,,,,,,72,64,79,76,65,88,87,86,87,38117,16,13,18,-1.71
29053,Missouri,Cooper,,247,6639,5345,7932,-1.33,,,,,,,,,,,,,,,,,,,,,16,13,18,-0.72,3.6,3.3,4.0,-0.71,4.7,4.5,5.0,-1.15,,7,6,9,-0.60,,,,,,,13,6,21,,,,7,5,8,21,18,25,-0.62,37,35,39,-0.36,7.3,-0.17,26,23,29,-0.57,60,-0.32,19,18,20,0.11,3,25,12,4,24,-1.18,49,276.7,-0.28,20,15,25,-0.84,,,,,,,,,,,,,,,,1559,12,10,14,-1.08,8,47,2138:1,-0.12,5,29,3423:1,0.37,23,134,744:1,-0.09,2459,-0.67,,,,,,36,0.16,,,40,,37,48,-0.76,,,34,,48,10573,11841,89,87,91,-0.34,2363,4309,55,48,61,-0.02,256,7080,3.6,-0.58,17,11,22,-0.62,,,3,9,17,104240,23182,4.5,0.28,765,3847,20,14,25,-0.20,21,12.3,-0.20,42,48,34,65,-2.16,,,,,,,,,,,,,,,,7.6,-0.19,No,-0.65,11,9,14,9,7,11,2,1,3,1,0,1,-0.14,80,77,84,0.09,,,,,,,,,,,,,,,,7328,45,39,50,1.02
29055,Missouri,Crawford,,482,11110,9498,12722,0.88,,,,,,,,,,,,,,,,,,,,,19,17,22,0.67,4.2,3.9,4.6,0.78,5.3,5.0,5.6,1.16,,8,7,10,0.25,,,,,,,,,,,,,,,,26,22,29,0.78,41,40,43,1.17,7.2,-0.06,29,26,32,0.57,62,-0.44,19,18,19,-0.17,7,26,27,17,38,0.18,50,209.0,-0.64,30,25,34,0.13,,,,,,,,,,,,,,,,2961,16,14,18,0.44,1,4,23739:1,1.28,3,13,7602:1,1.08,9,39,2534:1,0.82,3004,-0.06,,,,,,33,0.68,,,,,,33,0.85,,,,,,13193,16267,81,78,84,1.66,2449,5349,46,39,53,0.90,495,10913,4.5,0.38,23,15,31,0.32,,,,10,21,87845,18127,4.8,0.94,1226,5272,23,17,30,0.32,27,11.4,0.04,135,112,94,131,1.03,,,,,,,,,,,,,,,,7.2,-0.79,No,-0.65,15,12,18,12,10,15,2,1,4,0,0,1,1.12,77,72,82,-0.66,,,,,,,,,,,,,,,,8872,36,30,41,0.15
29057,Missouri,Dade,,165,14265,10570,17960,2.44,,,,,,,,,,,,,,,,,,,,,19,17,22,0.75,4.2,3.9,4.6,0.84,5.3,4.9,5.6,1.09,,9,6,11,0.41,,,,,,,,,,,,,,,,26,22,29,0.81,40,38,42,0.75,7.6,-0.49,30,27,33,0.80,2,2.31,18,17,19,-0.23,2,13,15,3,32,-0.88,16,211.6,-0.63,22,15,32,-0.56,,,,,,,,,,,,,,,,877,16,13,18,0.28,5,66,1514:1,-0.76,1,13,7599:1,1.08,5,66,1520:1,0.57,2065,-1.11,,,,,,32,0.86,,,,,,44,-0.33,,,,,,4903,5495,89,87,92,-0.33,744,1554,48,38,58,0.69,117,3544,3.3,-0.91,23,15,31,0.28,,,,53,27,85688,21896,3.9,-0.81,261,1566,17,9,24,-0.69,9,11.9,-0.10,37,98,69,135,0.29,,,,,,,,,,,,,,,,7.7,-0.04,No,-0.65,12,9,15,8,5,12,2,1,4,1,0,2,0.08,80,75,84,-0.08,,,,,,,,,,,,,,,,3016,39,32,46,0.47
29059,Missouri,Dallas,,334,11226,9197,13255,0.94,,,,,,,,,,,,,,,,,,,,,20,18,23,1.02,4.3,4.0,4.7,0.99,5.4,5.1,5.7,1.45,,9,7,10,0.38,,,,,,,,,,,,,,,,27,23,30,1.11,40,38,41,0.48,6.2,1.00,31,28,34,0.96,3,2.28,18,17,19,-0.51,5,24,21,11,33,-0.38,41,242.9,-0.46,30,24,36,0.20,,,,,,,,,,,,,,,,2306,17,15,20,0.95,1,6,17219:1,1.23,5,29,3468:1,0.38,6,35,2890:1,0.87,3738,0.77,,,,,,36,0.16,,,,,,27,1.49,,,,54,27,10147,11685,87,83,90,0.26,1481,3739,40,30,50,1.53,312,7177,4.3,0.18,25,16,33,0.61,,,,35,33,90308,20003,4.5,0.31,890,4144,21,9,34,0.05,8,4.6,1.83,87,104,83,128,0.59,,,,,,,,,,,,,,,,7.4,-0.49,No,-0.65,13,9,16,9,6,12,3,1,5,2,0,3,0.31,78,73,83,-0.44,,,,,,,,,,,,,,,,6112,48,39,57,1.34
29061,Missouri,Daviess,,105,6703,4604,8801,-1.30,,,,,,,,,,,,,,,,,,,,,17,15,20,-0.02,3.8,3.4,4.2,-0.23,5.0,4.6,5.3,-0.23,,6,5,8,-1.27,,,,,,,,,,,,,,,,24,20,27,0.15,40,38,42,0.48,8.0,-0.91,28,25,31,0.05,11,1.92,19,18,20,0.15,4,19,21,10,35,-0.36,30,362.4,0.18,20,15,28,-0.75,,,,,,,,,,,,,,,,1182,19,16,21,1.52,1,12,8283:1,1.02,2,24,4200:1,0.61,2,24,4200:1,0.97,3472,0.47,,,,,,28,1.56,,,,,,37,0.42,,,,,,4877,5595,87,85,89,0.18,861,1765,49,42,56,0.60,155,4103,3.8,-0.41,21,13,29,0.07,,,,,,94966,24625,3.9,-0.92,389,2168,18,11,24,-0.49,6,7.2,1.14,34,82,57,115,-0.47,,,,,,,,,,,,,,,,7.2,-0.79,No,-0.65,12,9,15,9,6,12,3,1,4,0,0,0,-0.12,71,68,75,-1.96,,,,,,,,,,,,,,,,3663,38,31,44,0.37
29063,Missouri,DeKalb,,217,10334,8096,12572,0.50,,,,,,,,,,,,,,,,,,,,,16,14,18,-0.60,3.6,3.2,3.9,-0.85,4.7,4.4,4.9,-1.54,,7,5,9,-0.61,,,,,,,,,,,,,,,,22,19,25,-0.25,40,38,42,0.55,8.1,-1.02,26,23,28,-0.70,49,0.15,19,18,20,0.16,0,20,0,0,12,-2.28,25,199.3,-0.69,23,17,31,-0.51,,,,,,,,,,,,,,,,839,12,10,14,-1.22,3,27,3648:1,0.52,1,9,11098:1,1.26,,,,0.00,3682,0.70,,,,,,35,0.33,,,,,,44,-0.33,,,,,,7664,8556,90,87,92,-0.41,1188,3228,37,30,43,1.82,157,4167,3.8,-0.42,14,9,18,-1.12,,72,,35,9,104831,23570,4.4,0.19,430,2170,20,13,27,-0.21,9,8.2,0.88,42,68,49,93,-1.14,,,,,,,,,,,,,,,,7.5,-0.34,No,-0.65,9,6,13,8,4,12,2,1,4,0,0,1,-0.93,80,74,86,-0.02,,,,,,,,,,,,,,,,3973,44,36,53,0.99
29065,Missouri,Dent,,333,12150,9947,14353,1.40,,,,,,,,,,,,,,,,,,,,,19,17,22,0.67,4.2,3.8,4.6,0.83,5.3,4.9,5.6,1.04,,9,7,11,0.69,,,,,,,,,,,,,,,,26,22,30,0.91,37,36,39,-0.32,6.9,0.26,29,26,32,0.54,66,-0.61,19,18,20,0.01,4,19,21,10,35,-0.36,30,192.6,-0.73,33,26,39,0.45,,,,,,,,,,,,,,,,1973,17,14,19,0.77,4,26,3870:1,0.57,3,21,4811:1,0.74,20,139,722:1,-0.13,5381,2.61,,,,,,33,0.68,,,,,,29,1.28,,,,,,8614,10273,84,81,87,0.99,1521,3086,49,38,61,0.55,270,6257,4.3,0.15,25,16,33,0.59,,,,60,23,89500,19828,4.5,0.31,869,3335,26,19,34,0.75,15,9.7,0.49,88,114,91,140,1.09,,,,,,,,,,,,,,,,6.9,-1.23,No,-0.65,14,11,18,11,8,15,3,1,4,1,0,1,0.92,87,83,91,1.67,,,,,,,,,,,,,,,,5866,27,21,33,-0.67
29067,Missouri,Douglas,,247,10369,8101,12638,0.51,,,,,,,,,,,,,,,,,,,,,19,16,22,0.55,4.2,3.8,4.6,0.83,5.1,4.8,5.4,0.37,,6,5,7,-1.42,,,,,,,,,,,,,,,,26,22,29,0.81,38,36,39,-0.25,5.8,1.43,28,25,31,0.14,51,0.08,18,17,20,-0.20,6,26,23,13,34,-0.17,26,197.2,-0.71,36,29,45,0.79,,,,,,,,,,,,,,,,1427,15,12,17,-0.05,2,15,6672:1,0.93,2,17,5866:1,0.90,11,94,1067:1,0.30,2949,-0.12,,,,,,27,1.74,,,,,,37,0.42,,,,,,7094,8470,84,80,88,1.01,1189,2281,52,40,64,0.26,221,5162,4.3,0.12,29,19,38,1.22,,,,,,84556,17761,4.8,0.78,714,2624,27,11,44,0.93,14,10.5,0.28,62,93,71,119,0.07,,,,,,,,,,,,,,,,7.4,-0.49,No,-0.65,13,9,17,10,6,14,3,0,5,2,0,3,0.43,85,80,89,1.12,,,,,,,,,,,,,,,,4124,35,27,43,0.09
29069,Missouri,Dunklin,,751,14031,12532,15531,2.33,,,,,,,,,21674,16327,28211,,,,,,13660,11995,15324,,23,20,26,2.17,4.6,4.2,5.0,1.80,5.5,5.2,5.8,1.89,,13,11,14,3.28,,,,,,,21,17,24,8,5,12,11,10,12,28,25,32,1.68,40,38,41,0.48,6.6,0.58,34,31,36,1.94,68,-0.70,15,14,16,-3.07,11,41,27,19,35,0.17,162,556.1,1.23,56,51,62,2.72,,,,,,,77,61,95,53,38,71,51,45,58,4055,18,16,20,1.24,8,28,3610:1,0.51,8,29,3465:1,0.38,63,227,440:1,-0.98,3235,0.20,,,5896,,3165,33,0.68,,,32,,33,41,-0.01,,,36,19,41,14974,18906,79,77,81,2.12,2908,6590,44,38,50,1.07,686,11276,6.1,2.00,32,22,42,1.73,,,42,33,26,83256,16599,5.0,1.25,2178,7389,29,23,35,1.28,38,13.2,-0.43,162,109,93,126,0.87,,,,,,,97,56,158,,,,118,99,138,8.6,1.30,Yes,1.54,13,11,15,11,9,14,2,1,3,1,0,2,0.51,78,75,81,-0.46,,,,,,,,,,,,,,,,11094,31,26,35,-0.30
29071,Missouri,Franklin,,1590,9270,8562,9978,-0.03,,,,,,,,,,,,,,,,,,,,,14,12,16,-1.22,3.5,3.1,3.9,-1.06,4.9,4.6,5.3,-0.40,,8,8,9,0.07,,,,,,,13,6,21,8,4,11,8,7,9,21,18,24,-0.82,31,30,33,-2.61,8.2,-1.13,24,21,26,-1.32,66,-0.60,20,19,20,0.68,34,110,31,26,36,0.54,226,217.4,-0.60,24,22,26,-0.38,,,,,,,35,18,61,51,34,74,23,21,25,10197,12,10,14,-1.10,66,63,1583:1,-0.66,53,50,1985:1,-0.57,155,147,679:1,-0.21,3115,0.07,,,,,,40,-0.55,,,45,36,40,53,-1.29,,35,44,26,53,65191,72477,90,89,91,-0.50,16298,24689,66,61,71,-1.15,2108,52747,4.0,-0.18,12,8,16,-1.33,,1,,17,14,116454,29318,4.0,-0.70,4284,23973,18,14,22,-0.50,147,14.1,-0.68,689,133,123,143,2.03,,,,,,,168,84,300,,,,136,125,146,8.0,0.41,Yes,1.54,11,9,12,9,8,10,1,1,2,1,0,1,-0.43,81,80,83,0.27,,,,,,,,,,,,,,,,49147,46,43,49,1.15
29073,Missouri,Gasconade,,275,10595,8454,12736,0.63,,,,,,,,,,,,,,,,,,,,,15,13,17,-0.91,3.6,3.2,3.9,-0.85,4.9,4.5,5.2,-0.64,,8,6,9,-0.35,,,,,,,,,,,,,,,,21,17,25,-0.75,34,32,36,-1.74,8.1,-1.02,25,23,28,-0.77,50,0.10,19,18,20,0.64,6,25,24,14,35,-0.09,43,292.4,-0.19,22,17,28,-0.59,,,,,,,,,,,,,,,,1561,14,12,16,-0.27,6,41,2428:1,0.06,3,20,4930:1,0.76,10,68,1479:1,0.55,2937,-0.13,,,,,,42,-0.90,,,,,,50,-0.97,,,,,,9483,10734,88,86,90,-0.11,1738,3062,57,49,65,-0.21,278,7620,3.6,-0.55,16,10,22,-0.72,,,,,,103411,26368,3.9,-0.80,740,3083,24,16,32,0.44,22,15.1,-0.95,96,131,106,159,1.92,,,,,,,,,,,,,,,,7.5,-0.34,No,-0.65,7,6,9,5,3,6,1,0,2,2,1,3,-1.79,83,81,86,0.77,,,,,,,,,,,,,,,,6982,40,35,45,0.56
29075,Missouri,Gentry,,114,11041,7865,14217,0.85,,,,,,,,,,,,,,,,,,,,,17,15,20,-0.06,3.9,3.5,4.3,-0.12,5.1,4.7,5.4,0.14,,7,5,9,-1.02,,,,,,,,,,,,,,,,23,20,27,0.05,39,37,41,0.21,7.3,-0.17,27,24,30,-0.28,34,0.86,19,18,20,0.24,1,5,20,2,48,-0.45,14,213.1,-0.62,27,19,37,-0.13,,,,,,,,,,,,,,,,790,15,13,18,0.26,2,31,3242:1,0.41,3,49,2058:1,-0.49,2,32,3087:1,0.89,4569,1.70,,,,,,37,-0.02,,,,,,46,-0.54,,,,,,3653,4246,86,83,89,0.46,742,1468,51,41,60,0.42,89,3334,2.7,-1.57,20,14,26,-0.15,,,,,,94991,21049,4.5,0.31,208,1532,14,8,19,-1.16,9,13.9,-0.62,29,88,59,126,-0.19,,,,,,,,,,,,,,,,7.3,-0.64,No,-0.65,9,6,11,6,3,9,2,0,3,3,1,4,-1.26,76,72,80,-0.87,,,,,,,,,,,,,,,,2671,31,25,38,-0.25
29077,Missouri,Greene,,4284,8904,8520,9288,-0.21,,,,,3362,2216,4892,,16462,13905,19019,,5561,4153,7293,,8861,8449,9273,,16,14,18,-0.64,3.8,3.5,4.2,-0.16,5.4,5.1,5.7,1.45,,8,7,8,-0.18,9,5,14,9,7,11,13,11,15,8,7,10,7,7,8,20,17,23,-1.05,36,34,37,-0.93,7.3,-0.17,24,21,27,-1.16,86,-1.52,18,17,19,-0.64,47,183,26,22,30,0.06,1860,634.6,1.65,23,22,24,-0.51,31,17,54,6,3,11,31,25,36,30,24,36,22,21,24,33378,14,13,16,-0.23,287,97,1028:1,-1.79,228,76,1320:1,-1.69,1328,441,227:1,-3.03,2609,-0.50,,,5183,2605,2545,44,-1.25,,37,37,26,44,57,-1.72,45,53,45,43,57,180794,194614,93,,,-1.22,54350,77306,70,68,73,-1.59,5206,152184,3.4,-0.78,15,10,19,-0.92,14,4,28,19,14,98874,22355,4.4,0.14,12759,61690,21,18,23,-0.07,361,12.2,-0.19,1362,93,88,98,0.08,101,50,181,,,,100,76,129,29,16,46,97,92,103,7.2,-0.79,No,-0.65,16,15,17,13,12,14,3,2,3,1,1,1,1.63,81,79,82,0.15,,,,69,59,79,77,70,84,75,67,83,83,82,84,141184,19,18,20,-1.40
29079,Missouri,Grundy,,163,8698,6526,10870,-0.31,,,,,,,,,,,,,,,,,,,,,18,15,20,0.05,3.9,3.5,4.3,0.01,5.1,4.8,5.5,0.39,,8,6,10,0.10,,,,,,,,,,,,,,,,24,20,27,0.18,38,36,39,-0.25,6.6,0.58,28,25,31,-0.05,48,0.20,18,17,19,-0.46,1,8,13,1,35,-1.14,21,213.2,-0.62,31,24,39,0.25,,,,,,,,,,,,,,,,1203,17,14,19,0.73,2,21,4798:1,0.73,5,51,1944:1,-0.62,26,267,374:1,-1.37,2369,-0.77,,,,,,39,-0.37,,,,,,45,-0.43,,,,,,5592,6622,84,81,87,0.84,1023,2118,48,39,58,0.65,150,4178,3.6,-0.61,24,16,33,0.56,,,,28,19,90652,18884,4.8,0.85,397,2471,16,10,22,-0.78,20,20.8,-2.47,48,97,72,129,0.26,,,,,,,,,,,,,,,,7.2,-0.79,No,-0.65,12,9,15,8,5,11,2,1,3,4,2,6,0.14,80,76,84,-0.01,,,,,,,,,,,,,,,,4190,21,16,26,-1.23
29081,Missouri,Harrison,,119,7778,5552,10003,-0.77,,,,,,,,,,,,,,,,,,,,,19,17,21,0.48,4.1,3.7,4.5,0.47,5.0,4.7,5.3,-0.14,,7,5,9,-0.53,,,,,,,,,,,,,,,,24,21,28,0.42,39,37,41,0.17,6.1,1.11,29,25,32,0.27,43,0.46,18,17,19,-0.58,4,12,33,18,49,0.76,23,275.4,-0.28,23,16,31,-0.54,,,,,,,,,,,,,,,,866,14,12,16,-0.42,3,36,2774:1,0.23,3,37,2721:1,0.03,7,86,1166:1,0.38,1075,-2.23,,,,,,33,0.68,,,,,,34,0.74,,,,,,5157,5645,91,89,93,-0.85,917,1750,52,42,63,0.23,132,3761,3.5,-0.69,24,15,32,0.47,,,,43,19,91388,21257,4.3,-0.09,486,2020,24,16,32,0.45,8,9.6,0.51,40,95,68,129,0.16,,,,,,,,,,,,,,,,7.2,-0.79,Yes,1.54,12,9,16,7,5,10,2,1,3,4,2,6,0.16,78,74,83,-0.41,,,,,,,,,,,,,,,,3412,29,23,34,-0.51
29083,Missouri,Henry,,442,8744,7380,10108,-0.29,,,,,,,,,,,,,,,,,,,,,18,16,20,0.13,4.0,3.6,4.4,0.29,5.2,4.8,5.5,0.56,,8,7,9,0.06,,,,,,,,,,,,,,,,24,20,27,0.12,42,41,44,1.59,6.1,1.11,28,25,31,0.18,63,-0.49,19,18,20,0.02,4,22,18,8,31,-0.62,62,284.1,-0.24,38,32,44,0.95,,,,,,,,,,61,29,112,37,31,43,2501,15,13,17,0.02,14,63,1577:1,-0.67,16,72,1388:1,-1.53,77,347,288:1,-2.12,1632,-1.60,,,,,,28,1.56,,,,,,29,1.28,,,29,31,29,13848,15631,89,86,91,-0.17,2565,4950,52,44,60,0.29,398,10059,4.0,-0.22,20,13,27,-0.13,,,,29,19,89648,21011,4.3,-0.15,1265,4777,26,17,36,0.82,30,13.6,-0.55,123,113,93,133,1.04,,,,,,,,,,,,,,,,7.4,-0.49,No,-0.65,12,9,14,9,7,11,2,1,4,1,0,2,-0.13,86,82,89,1.30,,,,,,,,,,,,,,,,9241,32,27,36,-0.21
29085,Missouri,Hickory,,226,10129,7523,12734,0.39,,,,,,,,,,,,,,,,,,,,,19,17,21,0.51,4.2,3.8,4.5,0.69,5.2,4.9,5.5,0.66,,10,7,12,1.06,,,,,,,26,12,40,,,,9,7,11,26,22,29,0.81,40,38,42,0.59,7.8,-0.70,29,26,32,0.50,29,1.09,19,18,20,-0.05,5,13,38,23,52,1.23,22,230.5,-0.53,29,21,39,0.07,,,,,,,,,,,,,,,,1060,17,14,20,0.82,1,10,9586:1,1.08,1,12,8607:1,1.15,7,81,1230:1,0.42,1616,-1.62,,,,,,34,0.51,,,,,,25,1.71,,,,,,5798,6505,89,86,92,-0.30,762,1396,55,39,70,0.01,158,3963,4.0,-0.19,30,19,41,1.44,,,,,,63746,16224,3.9,-0.79,216,1472,15,6,23,-1.00,7,7.3,1.12,54,114,86,149,1.10,,,,,,,,,,,,,,,,7.3,-0.64,No,-0.65,14,10,17,12,8,15,1,0,2,3,0,5,0.73,82,75,88,0.39,,,,,,,,,,,,,,,,2541,41,30,52,0.69
29087,Missouri,Holt,x,,,,,0.00,,,,,,,,,,,,,,,,,,,,,16,14,18,-0.64,3.7,3.4,4.1,-0.43,4.8,4.5,5.2,-0.81,x,6,3,8,-1.52,,,,,,,,,,,,,,,,22,18,25,-0.45,38,36,40,-0.02,7.3,-0.17,26,23,29,-0.51,66,-0.60,19,18,20,0.44,2,5,40,15,62,1.37,,,0.00,16,8,28,-1.19,,,,,,,,,,,,,,,,457,15,13,17,0.02,1,24,4232:1,0.64,1,24,4226:1,0.61,2,47,2113:1,0.74,5631,2.89,,,,,,43,-1.07,,,,,,37,0.42,,,,,,2965,3149,94,93,96,-1.53,448,809,55,45,66,-0.07,73,2479,2.9,-1.28,20,13,26,-0.13,,,,32,16,94429,25175,3.8,-1.12,226,887,25,18,33,0.66,7,16.5,-1.33,12,55,28,96,-1.82,,,,,,,,,,,,,,,,7.7,-0.04,Yes,1.54,7,5,9,7,4,9,0,0,2,0,0,1,-1.91,80,77,84,0.07,,,,,,,,,,,,,,,,1977,39,32,46,0.45
29089,Missouri,Howard,,141,8054,5957,10151,-0.63,,,,,,,,,,,,,,,,,,,,,15,13,17,-0.87,3.6,3.2,4.0,-0.71,5.0,4.6,5.3,-0.27,,8,6,10,0.18,,,,,,,,,,,,,,,,20,17,24,-0.95,38,35,40,-0.25,8.1,-1.02,25,22,28,-0.84,11,1.92,19,18,20,0.16,5,18,28,15,41,0.25,45,450.0,0.66,22,17,28,-0.62,,,,,,,,,,,,,,,,911,12,11,14,-0.93,4,40,2500:1,0.10,3,30,3389:1,0.35,8,79,1271:1,0.44,2914,-0.16,,,2118,,2765,40,-0.55,,,31,,41,54,-1.40,,,39,,54,5800,6598,88,85,91,0.00,1228,2126,58,48,67,-0.31,157,4853,3.2,-0.98,16,10,21,-0.78,,,,,,112645,27843,4.0,-0.57,431,2208,20,14,25,-0.25,10,10.0,0.41,45,89,65,120,-0.11,,,,,,,,,,,,,,,,7.5,-0.34,No,-0.65,9,7,12,7,4,10,1,0,3,1,0,2,-1.07,75,70,81,-1.08,,,,,,,,,,,,,,,,4314,43,36,50,0.83
29091,Missouri,Howell,,760,10541,9333,11750,0.60,,,,,,,,,,,,,,,,,,,,,19,17,22,0.78,4.2,3.8,4.5,0.65,5.5,5.1,5.8,1.78,,8,7,9,-0.02,,,,,,,,,,,,,,,,25,21,28,0.55,40,38,42,0.78,6.1,1.11,28,25,31,0.14,69,-0.74,17,16,18,-1.34,9,46,20,12,28,-0.49,126,314.1,-0.08,42,38,46,1.35,,,,,,,,,,34,16,63,43,38,47,4764,15,13,17,0.13,33,82,1220:1,-1.28,16,40,2498:1,-0.11,101,253,396:1,-1.22,2671,-0.43,,,,,,30,1.21,,,,,,39,0.21,,,33,46,39,23313,27156,86,84,88,0.50,5066,9194,55,48,62,-0.04,778,16165,4.8,0.67,25,17,33,0.65,,,,20,30,81737,16280,5.0,1.26,2041,9628,21,14,28,0.01,49,12.2,-0.17,205,102,88,116,0.51,,,,,,,,,,,,,,,,7.6,-0.19,Yes,1.54,17,14,19,12,10,15,2,1,3,4,2,5,1.86,82,78,86,0.47,,,,,,,,,,,,,,,,15246,18,15,22,-1.47
29093,Missouri,Iron,,218,11878,9412,14344,1.26,,,,,,,,,,,,,,,,,,,,,20,17,22,0.82,4.3,3.9,4.7,1.01,5.1,4.8,5.5,0.39,,10,8,12,1.59,,,,,,,,,,,,,,,,26,23,30,0.98,41,39,43,1.05,5.8,1.43,31,28,34,1.06,78,-1.17,18,17,19,-0.54,2,12,17,4,34,-0.76,14,138.3,-1.02,34,27,43,0.60,,,,,,,,,,,,,,,,1239,16,14,19,0.61,1,10,10098:1,1.10,2,21,4704:1,0.72,12,128,784:1,-0.02,3124,0.08,,,,,,32,0.86,,,,,,39,0.21,,,,,,5713,6910,83,79,86,1.28,1107,2100,53,44,62,0.20,202,3491,5.8,1.69,28,18,38,1.13,,,,,,88521,17546,5.0,1.31,506,2027,25,16,34,0.58,10,9.9,0.43,51,101,75,132,0.44,,,,,,,,,,,,,,,,7.2,-0.79,Yes,1.54,14,11,17,10,7,13,3,2,5,1,0,2,0.79,84,82,86,0.95,,,,,,,,,,,,,,,,3664,35,29,42,0.14
29095,Missouri,Jackson,,10477,9377,9118,9637,0.02,,,,,5196,4000,6393,,14932,14256,15608,,6531,5841,7221,,7703,7411,7995,,16,15,18,-0.41,3.6,3.4,3.9,-0.67,5.3,5.1,5.6,1.18,,9,9,10,0.90,11,8,15,9,8,10,15,14,15,7,7,8,7,7,7,19,16,22,-1.38,36,35,37,-0.78,7.5,-0.38,27,24,29,-0.38,91,-1.77,20,20,21,1.21,181,504,36,34,38,1.00,6275,892.6,3.04,29,28,30,0.07,22,13,35,14,11,18,42,40,44,42,39,45,19,18,20,75693,13,12,14,-0.71,601,85,1175:1,-1.38,659,92,1088:1,-2.41,1988,277,361:1,-1.46,3677,0.70,6784,2765,5444,3924,3241,43,-1.07,21,21,41,34,44,53,-1.29,52,47,38,44,56,444215,486192,91,91,92,-0.85,137123,201604,68,66,70,-1.36,19660,359763,5.5,1.35,17,14,21,-0.53,43,22,34,26,9,119345,25673,4.6,0.56,54146,168231,32,30,34,1.69,773,11.0,0.15,3571,102,99,105,0.51,93,55,148,52,38,70,147,139,155,56,48,65,93,89,97,9.6,2.80,No,-0.65,14,14,15,12,12,13,2,2,2,1,1,1,0.97,79,79,80,-0.13,73,65,81,77,73,81,76,74,78,78,75,80,82,81,83,354999,33,32,34,-0.07
29097,Missouri,Jasper,,1965,9403,8799,10008,0.04,,,,,,,,,16891,12321,22602,,6858,5166,8926,,9510,8842,10178,,17,15,20,-0.02,3.9,3.5,4.2,-0.11,5.1,4.7,5.3,0.07,,7,7,8,-0.61,7,3,11,11,7,16,14,10,18,8,6,9,7,6,7,22,19,26,-0.25,37,36,39,-0.36,7.0,0.15,28,25,30,-0.02,73,-0.94,18,17,19,-0.52,11,83,13,8,19,-1.07,649,534.9,1.11,37,35,39,0.87,18,9,33,23,11,42,30,20,42,56,48,64,36,33,38,16020,16,14,18,0.51,,61,1652:1,-0.57,80,65,1539:1,-1.21,302,245,408:1,-1.15,3428,0.42,1563,,2084,1018,3467,44,-1.25,41,32,39,35,45,52,-1.18,52,50,49,41,53,70495,80462,88,86,89,0.07,19156,32349,59,56,63,-0.46,2133,56953,3.7,-0.44,19,14,24,-0.22,7,5,26,44,22,95818,21772,4.4,0.10,6917,30528,23,20,26,0.23,145,11.9,-0.10,453,75,68,82,-0.82,,,,,,,130,81,196,32,18,52,78,70,85,9.0,1.90,No,-0.65,13,11,14,10,9,11,2,2,3,1,1,2,0.28,80,79,82,0.11,89,80,98,81,69,93,74,59,88,70,62,77,82,80,83,55690,16,14,17,-1.73
29099,Missouri,Jefferson,,3614,9567,9091,10043,0.12,,,,,,,,,13393,9219,18808,,,,,,9700,9209,10191,,14,12,16,-1.30,3.5,3.2,3.9,-0.95,4.8,4.5,5.2,-0.84,,8,7,8,-0.12,,,,13,8,18,15,11,18,4,2,6,8,7,8,21,17,24,-0.82,41,39,43,1.09,7.8,-0.70,25,22,28,-1.03,71,-0.84,22,21,22,2.44,53,177,30,26,34,0.45,495,219.9,-0.58,18,17,20,-0.95,,,,,,,26,17,39,20,13,29,18,17,19,21596,11,10,13,-1.35,57,25,3974:1,0.59,98,43,2324:1,-0.24,229,101,995:1,0.23,3613,0.63,,,12398,,3573,39,-0.37,,20,42,34,39,55,-1.51,,56,41,57,55,142403,156935,91,90,92,-0.70,40279,58689,69,66,72,-1.42,4766,117556,4.1,-0.12,11,8,14,-1.50,,18,44,16,10,123962,34436,3.6,-1.40,11594,52335,22,19,25,0.15,169,7.5,1.08,1432,127,121,134,1.76,,,,,,,154,99,227,48,24,86,130,123,137,6.6,-1.68,No,-0.65,10,9,11,9,8,9,2,1,2,1,0,1,-0.58,84,83,86,0.98,,,,,,,,,,,,,,,,112763,54,52,57,1.92
29101,Missouri,Johnson,,574,6080,5355,6804,-1.61,,,,,,,,,,,,,,,,,,,,,15,13,17,-1.07,3.5,3.2,3.9,-0.99,4.7,4.4,5.0,-1.36,,7,6,8,-0.57,,,,12,6,17,8,5,11,8,5,11,7,6,8,20,17,23,-1.11,37,36,39,-0.36,7.3,-0.17,25,22,28,-0.84,57,-0.20,19,18,20,0.28,8,47,17,10,25,-0.73,388,717.7,2.10,14,12,16,-1.36,,,,,,,11,6,19,28,18,43,13,11,15,5703,13,11,15,-0.70,19,35,2854:1,0.27,26,48,2083:1,-0.46,102,188,531:1,-0.61,3204,0.17,,,5317,,3226,33,0.68,,22,27,21,34,40,0.10,,41,38,27,41,29394,31622,93,92,94,-1.24,9400,13724,68,63,74,-1.41,1014,23074,4.4,0.23,13,9,18,-1.15,,34,,3,9,107223,30730,3.5,-1.61,2110,11628,18,15,22,-0.46,47,8.7,0.76,152,56,47,65,-1.74,,,,,,,,,,,,,,,,7.2,-0.79,No,-0.65,13,11,16,11,9,13,3,2,3,1,0,1,0.63,80,78,83,0.08,,,,,,,80,62,97,81,73,89,79,76,81,27034,29,26,32,-0.45
29103,Missouri,Knox,,69,10195,6718,14833,0.43,,,,,,,,,,,,,,,,,,,,,19,16,22,0.59,4.2,3.8,4.6,0.75,5.1,4.8,5.5,0.31,x,6,3,8,-1.64,,,,,,,,,,,,,,,,25,21,29,0.65,38,36,40,-0.13,7.4,-0.27,30,26,33,0.60,,0.00,18,17,19,-0.60,0,3,0,0,42,-2.28,6,151.6,-0.95,15,8,25,-1.30,,,,,,,,,,,,,,,,457,15,13,18,0.22,,,,0.00,2,53,1904:1,-0.66,2,53,1904:1,0.69,1500,-1.75,,,,,,40,-0.55,,,,,,39,0.21,,,,,,2138,2466,87,83,91,0.29,422,659,64,47,81,-0.95,53,1729,3.1,-1.16,29,19,38,1.24,,,,,,85182,16850,5.1,1.33,161,892,18,8,28,-0.48,5,12.7,-0.31,16,81,46,132,-0.53,,,,,,,,,,,,,,,,7.5,-0.34,No,-0.65,12,8,17,10,5,14,1,0,3,2,0,5,0.22,68,59,77,-2.69,,,,,,,,,,,,,,,,1647,26,18,35,-0.73
29105,Missouri,Laclede,,706,11199,9922,12476,0.92,,,,,,,,,,,,,,,,,,,,,18,16,21,0.24,4.1,3.7,4.4,0.41,5.3,5.0,5.6,1.05,,8,7,9,-0.13,,,,,,,,,,,,,,,,25,21,28,0.48,42,40,43,1.24,6.0,1.21,27,24,30,-0.08,62,-0.41,18,17,19,-0.96,6,46,13,7,21,-1.09,105,293.9,-0.19,45,40,49,1.59,,,,,,,,,,65,40,99,44,39,49,4042,14,12,16,-0.30,19,53,1889:1,-0.32,12,33,3011:1,0.19,56,155,645:1,-0.29,2521,-0.60,,,,,,37,-0.02,,,,,,37,0.42,,,,,,20955,24218,87,84,89,0.33,4433,8442,53,45,60,0.22,712,16514,4.3,0.15,22,14,29,0.15,,,,54,17,87685,22439,3.9,-0.83,2057,8987,23,16,30,0.27,42,11.7,-0.05,185,104,89,119,0.60,,,,,,,,,,,,,,,,7.3,-0.64,No,-0.65,11,8,13,8,6,10,2,1,3,1,0,2,-0.42,80,76,84,0.05,,,,,,,,,,,,,,,,15353,25,19,30,-0.85
29107,Missouri,Lafayette,,563,9528,8295,10761,0.10,,,,,,,,,,,,,,,,,,,,,16,14,18,-0.56,3.7,3.3,4.0,-0.60,4.5,4.2,4.9,-1.95,,8,7,9,0.23,,,,,,,,,,,,,,,,22,18,26,-0.35,40,38,42,0.67,7.7,-0.59,29,26,32,0.40,32,0.94,19,18,20,-0.03,9,33,27,18,37,0.21,112,342.4,0.08,27,23,31,-0.13,,,,,,,,,,,,,,,,3303,13,11,14,-0.88,8,24,4126:1,0.62,12,37,2735:1,0.04,49,149,670:1,-0.23,3742,0.77,,,,,,39,-0.37,,,36,,39,42,-0.11,,,42,51,42,20587,22768,90,88,92,-0.62,3912,7618,51,44,58,0.34,711,16674,4.3,0.10,15,10,20,-0.90,,36,,27,13,119447,29816,4.0,-0.64,1477,7604,19,13,26,-0.27,42,12.7,-0.32,156,95,80,110,0.18,,,,,,,,,,,,,,,,7.2,-0.79,No,-0.65,12,9,14,9,7,12,2,1,3,1,0,1,-0.11,81,78,84,0.24,,,,,,,,,,,,,,,,15325,46,41,51,1.15
29109,Missouri,Lawrence,,646,9207,8123,10291,-0.06,,,,,,,,,,,,,,,,,,,,,19,17,22,0.67,4.2,3.8,4.6,0.74,5.0,4.7,5.4,0.04,,8,7,8,-0.35,,,,,,,,,,9,6,12,7,6,8,24,21,28,0.32,35,34,37,-1.16,7.3,-0.17,29,26,32,0.27,54,-0.06,18,17,19,-0.44,12,49,24,17,32,-0.04,96,250.3,-0.42,33,30,37,0.50,,,,,,,,,,44,32,60,32,28,36,5387,18,15,20,1.10,20,52,1909:1,-0.31,16,42,2395:1,-0.19,49,128,782:1,-0.03,2308,-0.84,,,,,,37,-0.02,,,,,,39,0.21,,,,35,39,21449,25226,85,82,88,0.70,4175,8743,48,41,55,0.70,705,17457,4.0,-0.14,20,13,27,-0.12,,,,53,20,92538,23343,4.0,-0.72,1977,9763,20,14,26,-0.14,56,14.7,-0.83,164,86,72,99,-0.30,,,,,,,,,,,,,,,,8.2,0.71,Yes,1.54,12,10,15,9,7,12,3,2,5,1,0,1,0.19,79,75,82,-0.30,,,,,,,,,,,,,,,,16080,34,29,38,-0.03
29111,Missouri,Lewis,,150,9454,7017,11891,0.06,,,,,,,,,,,,,,,,,,,,,18,16,20,0.24,4.0,3.6,4.3,0.15,4.9,4.6,5.2,-0.44,,10,7,12,1.06,,,,,,,,,,,,,,,,25,21,28,0.45,40,38,42,0.55,6.7,0.47,29,26,32,0.44,16,1.67,18,17,19,-0.55,3,6,50,28,67,2.28,28,286.4,-0.23,15,10,20,-1.33,,,,,,,,,,,,,,,,980,13,11,16,-0.55,2,20,4905:1,0.75,1,10,10000:1,1.22,3,30,3333:1,0.91,2592,-0.52,,,,,,35,0.33,,,,,,31,1.07,,,,,,5625,6587,85,82,89,0.61,1055,2091,50,41,60,0.43,169,4826,3.5,-0.70,19,12,26,-0.32,,,1,,26,90129,20678,4.4,0.02,423,2233,19,10,28,-0.34,11,11.2,0.08,42,85,61,115,-0.34,,,,,,,,,,,,,,,,8.0,0.41,No,-0.65,9,6,12,7,4,10,2,1,4,2,0,3,-1.03,79,74,83,-0.29,,,,,,,,,,,,,,,,4117,45,36,53,1.03
29113,Missouri,Lincoln,,847,8875,8002,9748,-0.23,,,,,,,,,,,,,,,,,,,,,15,13,17,-0.95,3.6,3.3,4.0,-0.72,5.1,4.8,5.4,0.18,,8,7,8,-0.24,,,,,,,12,6,18,,,,8,7,8,22,19,25,-0.35,36,35,38,-0.71,8.2,-1.13,27,25,30,-0.08,41,0.55,20,19,21,1.18,19,50,38,31,45,1.19,156,264.3,-0.34,21,18,23,-0.72,,,,,,,37,21,60,,,,20,18,23,6113,12,10,14,-1.13,5,8,12024:1,1.15,9,15,6843:1,1.01,66,107,933:1,0.17,3586,0.59,,,,,,32,0.86,,,,38,32,43,-0.22,,,31,42,43,35701,39297,91,90,92,-0.72,9121,15600,58,53,64,-0.39,1351,29307,4.6,0.46,12,8,16,-1.33,,,17,,14,121947,31507,3.9,-0.90,3622,14986,24,18,30,0.46,38,6.3,1.38,300,104,92,116,0.61,,,,,,,,,,,,,,,,8.6,1.30,Yes,1.54,13,11,15,11,9,13,2,1,3,1,0,1,0.58,84,82,87,1.01,,,,,,,,,,,,,,,,27499,56,51,60,2.05
29115,Missouri,Linn,,204,9492,7377,11607,0.08,,,,,,,,,,,,,,,,,,,,,17,14,19,-0.29,3.8,3.4,4.1,-0.33,5.1,4.8,5.5,0.44,,7,5,8,-0.80,,,,,,,,,,,,,,,,23,20,27,-0.05,38,36,40,-0.06,7.3,-0.17,25,22,28,-0.77,62,-0.42,19,18,20,-0.04,2,12,17,4,34,-0.76,34,285.2,-0.23,29,23,37,0.10,,,,,,,,,,,,,,,,1315,14,12,17,-0.18,3,25,3943:1,0.59,3,25,3948:1,0.54,4,34,2961:1,0.87,3231,0.20,,,,,,30,1.21,,,,,,42,-0.11,,,,,,7378,8206,90,88,92,-0.49,1292,2605,50,42,57,0.52,276,5077,5.4,1.32,22,15,29,0.13,,,,60,23,103230,22795,4.5,0.34,504,2858,18,12,23,-0.54,19,16.1,-1.20,54,90,67,117,-0.09,,,,,,,,,,,,,,,,7.3,-0.64,No,-0.65,9,6,11,7,4,9,1,0,2,1,0,2,-1.25,82,78,87,0.57,,,,,,,,,,,,,,,,5433,27,22,32,-0.63
29117,Missouri,Livingston,,220,6619,5231,8007,-1.34,,,,,,,,,,,,,,,,,,,,,17,15,19,-0.26,3.8,3.5,4.2,-0.14,5.1,4.7,5.4,0.12,,7,6,9,-0.45,,,,,,,,,,,,,,,,23,19,26,-0.22,39,37,41,0.21,8.1,-1.02,27,24,30,-0.25,64,-0.54,20,19,21,1.03,4,10,40,23,56,1.37,54,354.6,0.14,29,23,36,0.11,,,,,,,,,,,,,,,,1544,15,13,17,0.03,12,83,1201:1,-1.32,9,61,1639:1,-1.04,11,75,1341:1,0.48,3090,0.04,,,,,,34,0.51,,,,,,49,-0.86,,,,,,9282,10520,88,86,91,-0.08,2106,4073,52,44,59,0.30,219,7256,3.0,-1.20,18,12,24,-0.47,43,,,7,11,95500,24212,3.9,-0.76,829,3248,26,17,34,0.67,19,13.2,-0.44,72,96,75,121,0.20,,,,,,,,,,,,,,,,7.1,-0.93,No,-0.65,11,8,14,9,6,12,2,1,2,2,1,3,-0.20,83,78,88,0.68,,,,,,,,,,,,,,,,6446,18,14,22,-1.53
29119,Missouri,McDonald,,443,10386,8937,11835,0.52,,,,,,,,,,,,,,,,,,,,,22,20,24,1.75,4.5,4.1,4.8,1.42,5.0,4.8,5.3,0.04,,8,7,9,-0.03,,,,11,7,16,,,,5,3,7,9,7,10,27,24,30,1.31,39,38,41,0.40,7.9,-0.81,33,30,36,1.68,28,1.14,18,17,19,-0.80,6,43,14,7,23,-1.01,69,302.1,-0.14,46,40,51,1.71,,,,52,27,90,,,,61,46,80,43,37,50,4279,23,20,25,3.07,3,13,7633:1,0.99,5,21,4677:1,0.71,4,17,5846:1,1.03,3848,0.89,,,,,,32,0.86,,,,,,34,0.74,27,28,,12,35,12161,15558,78,75,81,2.38,2060,5766,36,30,42,1.93,409,10608,3.9,-0.33,26,17,34,0.73,31,,48,36,27,86644,21034,4.1,-0.43,1617,5865,28,19,36,0.98,14,6.1,1.44,104,91,74,109,-0.03,,,,,,,,,,,,,,,,8.6,1.30,No,-0.65,15,12,18,6,4,8,8,6,10,2,1,3,1.11,79,76,82,-0.14,,,,,,,,,,68,59,77,77,70,85,9199,38,32,45,0.43
29121,Missouri,Macon,,268,8202,6523,9881,-0.56,,,,,,,,,,,,,,,,,,,,,16,14,18,-0.64,3.6,3.3,3.9,-0.76,4.9,4.6,5.2,-0.62,,8,7,10,0.13,,,,,,,,,,,,,,,,21,18,24,-0.62,37,35,39,-0.55,7.0,0.15,26,23,28,-0.64,57,-0.22,19,18,20,0.26,1,13,8,0,25,-1.58,38,251.4,-0.41,28,22,35,-0.03,,,,,,,,,,,,,,,,1563,14,12,16,-0.47,5,33,3019:1,0.33,6,40,2531:1,-0.09,9,59,1687:1,0.63,3005,-0.06,,,,,,38,-0.19,,,,,,46,-0.54,,,45,,46,9441,10451,90,89,92,-0.60,1631,3077,53,45,61,0.17,272,7365,3.7,-0.50,21,14,27,-0.04,,63,2,12,12,88193,23047,3.8,-0.98,550,3576,15,10,21,-0.89,19,12.6,-0.28,57,75,57,97,-0.81,,,,,,,,,,,,,,,,7.6,-0.19,No,-0.65,9,7,11,6,5,8,2,1,3,1,1,2,-1.05,81,77,86,0.31,,,,,,,,,,,,,,,,6381,30,25,35,-0.33
29123,Missouri,Madison,,239,9503,7542,11464,0.08,,,,,,,,,,,,,,,,,,,,,17,15,19,-0.22,3.9,3.5,4.2,-0.11,5.0,4.7,5.3,-0.17,,8,7,10,0.17,,,,,,,,,,,,,,,,23,20,27,0.05,40,38,42,0.59,6.7,0.47,28,25,31,0.24,84,-1.46,19,18,20,0.00,1,14,7,0,24,-1.63,27,223.4,-0.57,37,30,45,0.86,,,,,,,,,,,,,,,,1396,15,12,17,-0.05,3,25,4038:1,0.61,3,24,4217:1,0.61,23,182,550:1,-0.54,3573,0.58,,,,,,33,0.68,,,,,,33,0.85,,,,,,7657,8748,88,84,91,0.09,1479,2965,50,40,60,0.49,242,5473,4.4,0.26,21,13,30,0.10,,,,,,100514,21703,4.6,0.53,676,2915,23,14,33,0.31,18,14.9,-0.88,58,95,72,123,0.16,,,,,,,,,,,,,,,,7.4,-0.49,No,-0.65,13,9,17,9,6,13,3,1,5,3,1,5,0.48,79,73,85,-0.21,,,,,,,,,,,,,,,,5140,31,25,37,-0.24
29125,Missouri,Maries,,150,9448,6950,11945,0.06,,,,,,,,,,,,,,,,,,,,,18,15,21,0.17,4.0,3.6,4.4,0.20,5.1,4.8,5.5,0.28,,7,5,9,-0.77,,,,,,,,,,,,,,,,24,20,28,0.35,39,37,41,0.25,7.7,-0.59,29,26,33,0.50,8,2.07,19,18,20,-0.10,6,18,33,21,46,0.76,10,115.0,-1.15,26,19,34,-0.24,,,,,,,,,,,,,,,,1104,16,14,19,0.61,,,,0.00,3,36,2802:1,0.08,3,36,2802:1,0.86,3605,0.62,,,,,,40,-0.55,,,,,,40,0.10,,,,,,5208,6065,86,82,90,0.50,973,1801,54,41,67,0.07,150,3898,3.8,-0.34,17,11,23,-0.59,,,,,,97433,23781,4.1,-0.47,288,1738,17,9,25,-0.70,12,13.6,-0.56,41,93,67,126,0.08,,,,,,,,,,,,,,,,7.3,-0.64,No,-0.65,15,11,19,10,6,13,3,1,6,3,1,5,1.29,76,71,81,-0.94,,,,,,,,,,,,,,,,3592,46,37,54,1.11
29127,Missouri,Marion,,471,9295,7988,10602,-0.02,,,,,,,,,,,,,,,,,,,,,17,15,19,-0.22,3.8,3.4,4.1,-0.29,4.9,4.6,5.2,-0.48,,9,8,10,0.44,,,,,,,19,14,25,,,,8,7,9,22,19,26,-0.28,40,38,42,0.63,7.3,-0.17,26,23,29,-0.61,77,-1.13,19,18,20,0.22,5,25,20,10,32,-0.45,121,424.1,0.52,24,21,28,-0.38,,,,,,,38,23,59,,,,24,20,28,2858,13,11,15,-0.74,27,95,1053:1,-1.71,24,84,1188:1,-2.06,88,309,324:1,-1.76,4567,1.70,,,10187,,4416,44,-1.25,,,40,,44,24,1.82,,,22,,24,17250,19249,90,87,92,-0.42,4068,6853,59,53,66,-0.48,492,14197,3.5,-0.74,18,11,24,-0.50,,,35,85,18,102194,22345,4.6,0.42,1718,6765,25,18,33,0.65,52,18.3,-1.80,125,87,72,103,-0.21,,,,,,,166,91,278,,,,84,68,99,8.1,0.56,No,-0.65,10,8,12,9,7,11,1,0,2,0,0,1,-0.69,81,77,84,0.20,,,,,,,,,,,,,,,,12885,23,19,26,-1.08
29129,Missouri,Mercer,,68,8192,5398,11918,-0.56,,,,,,,,,,,,,,,,,,,,,17,15,19,-0.26,3.8,3.5,4.2,-0.26,5.1,4.8,5.5,0.32,x,6,4,9,-1.22,,,,,,,,,,,,,,,,23,19,26,-0.12,38,36,40,-0.25,4.7,2.60,27,24,30,-0.31,6,2.13,19,18,20,0.25,1,5,20,2,48,-0.45,13,359.4,0.17,20,12,33,-0.77,,,,,,,,,,,,,,,,457,17,14,20,0.84,1,28,3558:1,0.50,0,0,3488:0,1.66,2,57,1744:1,0.65,3126,0.08,,,,,,35,0.33,,,,,,34,0.74,,,,,,2134,2439,87,83,92,0.10,378,774,49,37,60,0.59,53,1805,2.9,-1.29,19,12,26,-0.26,,,,,,94000,21006,4.5,0.24,66,835,8,2,14,-2.03,5,14.1,-0.67,14,77,42,129,-0.73,,,,,,,,,,,,,,,,7.1,-0.93,No,-0.65,11,6,15,6,2,10,2,0,4,3,1,6,-0.47,76,71,80,-0.97,,,,,,,,,,,,,,,,1523,33,23,42,-0.13
29131,Missouri,Miller,,421,8305,7048,9562,-0.51,,,,,,,,,,,,,,,,,,,,,16,14,19,-0.41,3.8,3.4,4.2,-0.35,5.0,4.6,5.3,-0.28,,8,7,9,0.18,,,,,,,,,,,,,,,,23,19,26,-0.22,37,35,39,-0.40,7.9,-0.81,26,23,29,-0.61,57,-0.19,20,19,21,1.02,14,34,41,33,49,1.48,59,230.3,-0.53,35,30,40,0.64,,,,,,,,,,,,,,,,3429,17,14,19,0.79,9,35,2866:1,0.27,6,24,4152:1,0.59,12,48,2076:1,0.74,2328,-0.82,,,,,,43,-1.07,,,,,,39,0.21,,,,,,15125,16994,89,87,91,-0.27,3218,5740,56,49,64,-0.14,517,12593,4.1,-0.07,20,13,27,-0.13,,,,54,18,93746,21788,4.3,-0.08,1165,5780,20,13,27,-0.15,21,8.1,0.90,99,78,63,95,-0.68,,,,,,,,,,,,,,,,7.6,-0.19,Yes,1.54,9,7,12,7,4,9,3,1,4,1,0,2,-1.01,81,78,84,0.27,,,,,,,,,,,,,,,,10976,47,40,53,1.21
29133,Missouri,Mississippi,,298,12132,10025,14239,1.39,,,,,,,,,10757,7204,15448,,,,,,12688,10116,15261,,25,22,27,2.83,4.8,4.4,5.1,2.22,5.4,5.1,5.6,1.27,,12,10,13,2.53,,,,,,,16,12,20,,,,10,8,12,29,26,33,2.08,44,43,46,2.23,7.1,0.04,36,33,39,2.72,81,-1.33,16,16,17,-1.96,5,15,33,19,47,0.76,95,720.8,2.12,48,40,57,1.98,,,,,,,67,48,90,,,,44,34,55,1289,15,12,17,-0.03,2,16,6346:1,0.90,3,24,4179:1,0.60,6,48,2090:1,0.74,3340,0.32,,,1674,,3161,42,-0.90,,,38,,43,29,1.28,,,21,,30,7309,9158,80,76,83,1.98,1171,3489,34,26,41,2.15,254,5440,4.7,0.52,29,18,40,1.32,,,57,43,18,82718,15170,5.5,2.07,1027,2777,37,27,46,2.43,11,8.7,0.76,91,137,110,168,2.22,,,,,,,96,55,155,,,,156,123,196,8.6,1.30,No,-0.65,13,9,17,12,8,16,1,0,2,0,0,1,0.31,85,80,89,1.07,,,,,,,,,,,,,,,,4325,24,17,31,-0.93
29135,Missouri,Moniteau,,226,8202,6573,9831,-0.56,,,,,,,,,,,,,,,,,,,,,16,14,18,-0.53,3.6,3.3,4.0,-0.66,5.0,4.6,5.3,-0.27,,6,5,7,-1.36,,,,,,,,,,,,,,,,22,18,25,-0.45,36,35,38,-0.74,8.3,-1.23,26,23,29,-0.44,58,-0.25,20,19,21,0.79,3,10,30,13,48,0.46,36,223.2,-0.57,22,17,27,-0.62,,,,,,,,,,33,16,60,21,17,27,2346,19,17,22,1.76,2,13,7793:1,1.00,6,39,2581:1,-0.06,5,32,3097:1,0.89,1844,-1.36,,,,,,37,-0.02,,,,,,53,-1.29,,,,69,53,9040,10563,86,83,88,0.57,1972,4112,48,41,55,0.68,239,7049,3.4,-0.82,15,10,20,-0.87,,,,4,14,98556,26822,3.7,-1.26,764,3931,19,12,27,-0.26,27,17.3,-1.54,54,68,51,88,-1.19,,,,,,,,,,,,,,,,7.6,-0.19,No,-0.65,9,6,12,5,3,8,3,1,5,1,0,3,-1.06,77,73,80,-0.73,,,,,,,,,,,,,,,,6562,41,35,47,0.68
29137,Missouri,Monroe,,135,9258,6731,11786,-0.04,,,,,,,,,,,,,,,,,,,,,18,15,20,0.05,3.9,3.6,4.3,0.10,5.1,4.8,5.4,0.32,,7,5,9,-0.41,,,,,,,,,,,,,,,,24,21,27,0.32,38,36,39,-0.29,7.5,-0.38,29,26,32,0.54,22,1.43,19,18,20,0.08,1,8,13,1,35,-1.14,19,219.8,-0.58,28,20,37,-0.06,,,,,,,,,,,,,,,,961,15,13,17,0.01,3,35,2891:1,0.28,1,11,8712:1,1.15,2,23,4356:1,0.98,3619,0.63,,,,,,41,-0.72,,,,,,40,0.10,,,7,,40,5534,6091,91,89,93,-0.72,866,1679,52,42,61,0.32,165,3783,4.4,0.20,21,15,27,-0.02,,,,16,17,87237,17758,4.9,1.06,428,1914,22,13,31,0.18,10,11.5,0.00,28,65,43,94,-1.32,,,,,,,,,,,,,,,,7.7,-0.04,Yes,1.54,8,6,10,5,3,8,1,0,2,2,1,3,-1.40,84,80,89,1.01,,,,,,,,,,,,,,,,3654,39,32,45,0.45
29139,Missouri,Montgomery,,222,10057,7963,12151,0.36,,,,,,,,,,,,,,,,,,,,,18,15,20,0.05,3.9,3.6,4.3,0.09,4.9,4.6,5.3,-0.44,,7,5,8,-1.07,,,,,,,,,,,,,,,,24,20,27,0.22,38,37,40,0.06,7.5,-0.38,28,25,31,0.08,33,0.91,19,18,20,0.13,5,17,29,16,43,0.40,27,233.7,-0.51,28,21,36,-0.04,,,,,,,,,,,,,,,,1282,15,13,17,-0.01,2,18,5647:1,0.84,2,18,5708:1,0.88,4,35,2854:1,0.86,2289,-0.86,,,,,,36,0.16,,,,,,40,0.10,,,,,,6876,8010,86,83,89,0.50,1303,2512,52,43,61,0.29,215,5788,3.7,-0.48,19,13,26,-0.24,,,,,,101935,20891,4.9,1.00,744,2520,30,20,39,1.28,8,7.1,1.18,55,96,72,125,0.20,,,,,,,,,,,,,,,,7.8,0.11,Yes,1.54,12,10,15,9,7,12,2,1,4,0,0,1,0.12,81,79,83,0.21,,,,,,,,,,,,,,,,5034,44,38,50,0.94
29141,Missouri,Morgan,,438,10558,8882,12233,0.61,,,,,,,,,,,,,,,,,,,,,20,18,23,1.13,4.3,3.9,4.7,1.09,5.1,4.7,5.4,0.07,,7,6,9,-0.42,,,,,,,,,,,,,,,,27,23,31,1.18,37,35,39,-0.40,7.5,-0.38,30,27,33,0.67,44,0.40,18,17,19,-0.74,12,26,46,37,55,1.93,35,169.7,-0.85,31,26,37,0.29,,,,,,,,,,,,,,,,3409,22,19,25,2.91,6,29,3453:1,0.47,3,14,7126:1,1.04,9,42,2375:1,0.79,2564,-0.55,,,,,,36,0.16,,,,,,41,-0.01,,,,47,41,11617,14684,79,76,82,2.15,1580,4080,39,31,46,1.62,403,8540,4.7,0.57,25,17,33,0.65,,,26,15,27,90380,17907,5.0,1.31,884,4872,18,11,25,-0.46,27,13.0,-0.40,79,77,61,96,-0.70,,,,,,,,,,,,,,,,7.4,-0.49,Yes,1.54,17,14,20,15,12,18,1,0,2,2,1,2,2.00,68,65,71,-2.72,,,,,,,,,,,,,,,,7492,33,26,39,-0.12
29143,Missouri,New Madrid,,444,13734,11683,15785,2.18,,,,,,,,,18038,12700,24863,,,,,,13295,11038,15551,,21,19,24,1.44,4.3,4.0,4.7,1.15,5.1,4.9,5.4,0.39,,10,9,12,1.59,,,,,,,17,13,21,,,,8,7,10,27,24,30,1.31,44,43,46,2.35,7.3,-0.17,33,30,36,1.81,46,0.32,17,16,18,-1.51,6,37,16,8,26,-0.80,97,568.0,1.29,47,40,54,1.85,,,,,,,54,39,73,,,,44,36,52,1925,15,13,17,0.04,1,6,16693:1,1.22,1,6,16035:1,1.38,5,31,3207:1,0.90,3946,1.00,,,7199,,3502,34,0.51,,,26,,35,35,0.64,,,24,,37,9455,11491,82,80,85,1.37,1740,3822,46,38,53,0.93,396,8326,4.8,0.61,30,20,39,1.35,,,26,61,22,88851,17209,5.2,1.53,1371,3922,35,28,42,2.12,18,10.8,0.20,109,126,102,150,1.69,,,,,,,119,69,190,,,,132,106,162,8.6,1.30,Yes,1.54,13,10,16,10,7,12,3,1,5,1,0,1,0.46,85,82,89,1.24,,,,,,,87,77,96,,,,87,81,94,6334,30,24,35,-0.41
29145,Missouri,Newton,,981,8563,7716,9410,-0.38,,,,,,,,,,,,,,,,,,,,,17,14,19,-0.33,3.7,3.4,4.1,-0.39,5.0,4.7,5.3,-0.07,,7,6,8,-0.66,11,6,17,7,4,10,,,,8,5,10,7,6,8,22,18,25,-0.45,35,33,36,-1.32,7.7,-0.59,26,23,29,-0.51,59,-0.31,18,17,19,-0.39,24,79,30,25,36,0.49,186,319.4,-0.05,33,30,36,0.43,32,18,53,50,33,72,49,25,86,53,40,69,29,26,33,7565,16,14,18,0.54,,61,1652:1,-0.57,14,24,4242:1,0.62,22,37,2699:1,0.84,3505,0.50,,,,,,37,-0.02,17,27,,,38,45,-0.43,40,34,28,27,45,35574,39862,89,88,91,-0.33,8159,13696,60,55,64,-0.50,1031,27045,3.8,-0.37,22,16,27,0.11,18,26,55,30,18,101951,27331,3.7,-1.16,2141,14013,15,12,19,-0.90,66,11.3,0.06,224,77,67,87,-0.74,,,,,,,,,,,,,,,,8.9,1.75,Yes,1.54,12,10,14,9,7,10,2,1,3,1,1,2,0.04,80,78,83,0.11,75,67,82,,,,,,,82,71,92,82,79,85,26220,26,23,28,-0.78
29147,Missouri,Nodaway,,225,5845,4689,7000,-1.73,,,,,,,,,,,,,,,,,,,,,16,14,18,-0.56,3.6,3.3,3.9,-0.68,4.8,4.5,5.0,-1.08,,7,6,9,-0.56,,,,,,,,,,,,,,,,21,17,24,-0.85,39,37,41,0.25,5.2,2.07,25,22,28,-0.87,64,-0.54,20,19,21,1.11,4,14,29,14,44,0.33,152,688.0,1.94,5,3,6,-2.31,,,,,,,,,,,,,,,,1980,13,11,15,-0.67,9,41,2416:1,0.06,8,38,2645:1,-0.01,25,118,846:1,0.07,1748,-1.47,,,,,,43,-1.07,,,,,,41,-0.01,,,,,,11326,12055,94,94,94,-1.48,2877,4459,65,58,71,-1.00,318,10791,2.9,-1.28,12,8,17,-1.33,,,,49,18,92676,20854,4.4,0.18,869,3391,26,17,34,0.69,25,11.5,0.01,65,58,45,74,-1.64,,,,,,,,,,,,,,,,7.4,-0.49,No,-0.65,12,9,16,11,7,14,1,1,2,1,0,1,0.12,84,81,86,0.87,,,,,,,,,,,,,,,,10497,15,12,17,-1.84
29149,Missouri,Oregon,,207,10113,7773,12453,0.39,,,,,,,,,,,,,,,,,,,,,22,19,25,1.63,4.5,4.1,4.9,1.58,5.3,4.9,5.6,0.98,,9,7,11,0.79,,,,,,,,,,,,,,,,28,24,32,1.58,40,38,41,0.48,5.9,1.32,31,28,34,1.16,66,-0.61,17,16,18,-1.28,5,21,24,12,36,-0.11,16,152.0,-0.95,36,29,45,0.80,,,,,,,,,,,,,,,,1219,16,13,18,0.35,,,,0.00,1,12,8631:1,1.15,2,23,4316:1,0.98,2998,-0.07,,,,,,21,2.79,,,,,,32,0.96,,,,,,5197,6234,83,80,87,1.11,858,1795,48,37,58,0.70,203,3839,5.3,1.17,32,21,43,1.69,,,,16,39,66396,15813,4.2,-0.28,722,2096,34,21,47,2.04,4,3.8,2.04,60,114,87,146,1.08,,,,,,,,,,,,,,,,7.5,-0.34,No,-0.65,16,12,21,13,9,17,3,1,5,1,0,3,1.66,78,75,80,-0.51,,,,,,,,,,,,,,,,3216,29,21,37,-0.48
29151,Missouri,Osage,,182,6562,5041,8083,-1.37,,,,,,,,,,,,,,,,,,,,,14,12,16,-1.33,3.4,3.0,3.7,-1.34,4.7,4.4,5.0,-1.32,,7,6,9,-0.43,,,,,,,,,,,,,,,,21,17,24,-0.78,36,34,38,-0.90,8.8,-1.76,24,21,27,-1.13,31,1.00,20,19,21,1.26,3,11,27,11,45,0.21,24,176.3,-0.82,10,7,15,-1.76,,,,,,,,,,,,,,,,1267,12,10,14,-1.21,3,22,4512:1,0.69,3,22,4460:1,0.67,1,7,13379:1,1.13,1859,-1.35,,,,,,52,-2.65,,,,,,58,-1.83,,,,,,8375,9118,92,90,94,-0.97,1898,3109,61,52,70,-0.65,184,6985,2.6,-1.61,10,6,13,-1.67,,,,4,8,113753,33195,3.4,-1.73,337,3055,11,7,15,-1.55,11,8.1,0.90,62,91,70,117,-0.04,,,,,,,,,,,,,,,,7.5,-0.34,No,-0.65,6,4,8,4,2,6,2,1,4,1,0,2,-2.10,79,76,83,-0.14,,,,,,,,,,,,,,,,6741,36,31,41,0.22
29153,Missouri,Ozark,,178,10709,7745,13672,0.68,,,,,,,,,,,,,,,,,,,,,23,20,26,1.98,4.7,4.3,5.1,2.05,5.3,5.0,5.7,1.21,,9,7,12,0.99,,,,,,,,,,,,,,,,29,25,32,1.85,40,38,41,0.48,5.2,2.07,32,29,35,1.35,31,1.00,18,17,19,-0.83,6,18,33,21,46,0.76,15,163.5,-0.89,32,24,42,0.37,,,,,,,,,,,,,,,,1002,16,13,19,0.50,1,11,9083:1,1.06,5,57,1756:1,-0.86,1,11,8782:1,1.09,2135,-1.04,,,,,,35,0.33,,,,,,36,0.53,,,,,,5305,6505,82,77,86,1.55,773,1524,51,38,63,0.40,188,3442,5.5,1.35,34,23,44,1.96,,,,,,69461,15120,4.6,0.46,307,1667,18,11,26,-0.42,7,7.7,1.02,47,103,76,137,0.55,,,,,,,,,,,,,,,,7.5,-0.34,No,-0.65,13,9,16,9,6,12,2,1,4,3,1,5,0.30,76,71,81,-0.90,,,,,,,,,,,,,,,,2788,52,41,62,1.67
29155,Missouri,Pemiscot,,435,17249,14915,19583,3.00,,,,,,,,,24798,19094,30501,,,,,,15005,12422,17589,,26,23,28,3.00,5.0,4.7,5.4,2.89,5.6,5.4,5.9,2.37,,11,10,13,2.20,,,,,,,13,11,16,,,,9,7,11,30,27,33,2.15,43,41,44,1.66,5.8,1.43,36,33,38,2.56,45,0.35,15,15,16,-3.00,6,23,26,15,38,0.10,127,803.5,2.56,55,48,62,2.61,,,,,,,76,61,91,85,47,143,40,33,49,1689,14,12,16,-0.41,5,32,3120:1,0.37,1,7,15236:1,1.37,28,184,544:1,-0.56,6011,3.00,,,4669,,5871,27,1.74,,,25,,28,37,0.42,,,26,,39,8368,10486,80,77,83,1.98,1514,3729,41,33,48,1.43,445,6078,7.3,3.00,36,23,48,2.27,,,70,16,26,88357,14567,6.1,3.00,1944,4165,47,38,56,3.00,21,13.5,-0.51,83,102,81,126,0.50,,,,,,,95,59,145,,,,106,81,136,8.1,0.56,Yes,1.54,16,13,19,12,9,15,3,2,4,2,1,4,1.52,84,83,86,1.04,,,,,,,74,61,88,,,,83,80,85,5366,23,18,27,-1.05
29157,Missouri,Perry,,285,7869,6425,9313,-0.72,,,,,,,,,,,,,,,,,,,,,16,13,18,-0.68,3.6,3.3,4.0,-0.68,5.1,4.7,5.4,0.23,,6,5,7,-1.37,,,,,,,,,,,,,,,,22,18,25,-0.48,38,36,40,-0.02,8.1,-1.02,26,23,29,-0.57,49,0.18,19,18,20,-0.04,1,18,6,0,20,-1.77,45,235.2,-0.50,25,20,30,-0.33,,,,,,,,,,,,,,,,1850,12,10,14,-1.06,7,36,2742:1,0.22,9,48,2102:1,-0.44,19,100,996:1,0.24,3418,0.41,,,,,,44,-1.25,,,,,,42,-0.11,,,,,,11249,13050,86,84,88,0.41,2573,4422,58,50,66,-0.36,310,9781,3.2,-1.05,13,9,18,-1.13,,,,,,103042,25433,4.1,-0.56,576,4480,13,8,18,-1.27,25,13.0,-0.40,77,80,63,100,-0.56,,,,,,,,,,,,,,,,8.3,0.86,No,-0.65,9,7,12,7,5,10,1,0,2,1,0,2,-0.99,87,84,90,1.68,,,,,,,,,,,,,,,,8951,26,22,30,-0.74
29159,Missouri,Pettis,,674,8266,7324,9208,-0.53,,,,,,,,,,,,,,,,,,,,,17,15,19,-0.10,4.0,3.6,4.3,0.17,4.9,4.6,5.2,-0.48,,7,6,8,-0.64,,,,,,,10,5,14,4,2,6,7,6,8,22,18,25,-0.55,39,37,41,0.25,7.3,-0.17,27,24,29,-0.38,63,-0.48,18,18,19,-0.27,12,41,29,21,38,0.39,174,411.0,0.45,37,34,41,0.90,,,,,,,57,38,82,55,42,70,34,30,38,5488,16,14,18,0.48,23,54,1847:1,-0.36,24,56,1800:1,-0.80,52,120,831:1,0.04,4683,1.83,,,3407,,4722,26,1.91,,,22,26,26,50,-0.97,,24,41,22,50,24784,28360,87,86,89,0.12,5995,10542,57,51,62,-0.22,949,20298,4.7,0.53,21,15,27,0.01,,,9,22,18,97822,24681,4.0,-0.72,2143,10729,20,15,25,-0.18,46,10.8,0.19,206,97,84,110,0.27,,,,,,,166,91,279,,,,103,88,117,7.4,-0.49,Yes,1.54,12,10,14,10,8,11,2,1,3,2,1,3,0.16,82,79,85,0.46,,,,,,,,,,68,58,78,83,80,86,19245,19,16,22,-1.42
29161,Missouri,Phelps,,684,9785,8693,10877,0.22,,,,,,,,,,,,,,,,,,,,,16,14,18,-0.53,3.7,3.4,4.1,-0.50,5.0,4.7,5.3,-0.10,,8,7,9,0.07,,,,7,3,11,,,,9,4,14,8,7,9,21,18,25,-0.62,35,33,37,-1.13,6.9,0.26,25,22,28,-0.84,86,-1.53,18,18,19,-0.24,11,59,19,12,26,-0.58,120,269.2,-0.32,20,17,22,-0.84,,,,,,,36,18,62,32,15,58,19,16,22,5576,16,14,19,0.61,36,81,1234:1,-1.25,32,71,1404:1,-1.49,155,345,290:1,-2.11,4518,1.64,,,11555,12814,4441,38,-0.19,,35,29,,39,43,-0.22,,41,26,34,43,25336,27965,91,89,92,-0.66,6413,10180,63,56,70,-0.85,746,20030,3.7,-0.47,22,15,28,0.16,,20,21,44,18,99103,19705,5.0,1.28,2192,9395,23,17,30,0.33,54,12.2,-0.17,215,96,83,109,0.23,,,,,,,,,,,,,,,,7.3,-0.64,Yes,1.54,15,13,18,13,11,16,2,1,2,1,0,2,1.32,80,77,82,-0.06,,,,,,,,,,,,,,,,18381,20,16,24,-1.31
29163,Missouri,Pike,,285,8083,6618,9548,-0.62,,,,,,,,,,,,,,,,,,,,,19,16,21,0.44,4.0,3.6,4.3,0.21,4.7,4.4,5.0,-1.39,,8,7,10,0.29,,,,,,,,,,,,,,,,24,21,28,0.42,43,41,45,1.74,7.1,0.04,29,26,31,0.34,29,1.07,20,19,21,0.76,2,11,18,4,37,-0.62,34,185.8,-0.77,29,24,35,0.07,,,,,,,,,,,,,,,,1887,15,13,17,-0.01,4,23,4388:1,0.67,6,34,2960:1,0.16,13,73,1366:1,0.50,3067,0.01,,,3844,,3014,33,0.68,,,,,,33,0.85,,,24,,33,10876,12493,87,85,89,0.21,1700,4627,37,31,42,1.82,290,7382,3.9,-0.25,22,14,29,0.13,,,69,,21,96385,20620,4.7,0.61,990,4134,24,17,31,0.43,23,13.1,-0.42,73,80,63,100,-0.58,,,,,,,,,,,,,,,,8.1,0.56,Yes,1.54,10,8,13,7,4,9,2,1,3,2,1,3,-0.62,83,80,87,0.80,,,,,,,,,,,,,,,,6857,32,27,37,-0.21
29165,Missouri,Platte,,1017,5654,5126,6182,-1.82,,,,,,,,,7104,5220,9447,,,,,,5668,5086,6250,,11,10,13,-2.34,2.9,2.6,3.1,-2.68,4.5,4.2,4.8,-2.00,,7,6,7,-0.82,,,,7,4,9,11,9,13,7,5,10,6,6,7,15,12,18,-2.71,32,30,33,-2.46,8.4,-1.34,20,18,23,-2.47,86,-1.51,19,19,20,0.66,20,60,33,27,40,0.76,432,413.7,0.46,11,9,12,-1.70,,,,,,,16,11,23,14,9,20,10,8,11,7606,8,7,10,-2.51,83,78,1284:1,-1.15,63,58,1723:1,-0.91,145,134,749:1,-0.08,3015,-0.05,,8580,1378,1907,2855,49,-2.13,,37,52,26,49,59,-1.93,,53,47,48,60,69595,72023,97,96,97,-2.13,23372,29066,80,76,85,-2.62,2406,59458,4.0,-0.13,8,6,10,-1.95,,,15,9,8,151287,39917,3.8,-1.05,4928,25008,20,16,23,-0.22,94,8.8,0.72,349,68,61,75,-1.17,,,,,,,66,43,97,34,17,61,73,65,81,8.4,1.01,No,-0.65,10,9,11,8,7,9,1,1,2,1,1,2,-0.64,80,78,81,-0.07,,,,72,62,82,74,65,83,80,76,84,79,77,80,55338,34,31,36,-0.01
29167,Missouri,Polk,,511,8674,7532,9816,-0.33,,,,,,,,,,,,,,,,,,,,,17,15,19,-0.22,3.9,3.5,4.3,-0.05,5.1,4.8,5.4,0.21,,7,6,8,-1.00,,,,,,,,,,,,,,,,23,19,26,-0.18,37,35,38,-0.67,8.0,-0.91,27,24,30,-0.31,44,0.39,18,17,19,-0.29,2,23,9,2,21,-1.48,124,385.7,0.31,22,19,25,-0.58,,,,,,,,,,,,,,,,3696,15,13,17,-0.06,22,68,1477:1,-0.81,11,34,2913:1,0.14,69,215,464:1,-0.87,2137,-1.03,,,,,,40,-0.55,,,,73,39,30,1.17,,,,46,30,18165,20355,89,88,91,-0.33,4180,6989,60,52,68,-0.52,509,14576,3.5,-0.71,20,13,27,-0.13,20,,,2,18,99181,19934,5.0,1.18,1564,7204,22,15,28,0.08,29,8.9,0.69,137,86,71,100,-0.30,,,,,,,,,,,,,,,,7.7,-0.04,Yes,1.54,14,12,17,11,8,13,3,1,4,2,1,3,0.92,81,77,85,0.21,,,,,,,,,,,,,,,,13854,42,36,48,0.79
29169,Missouri,Pulaski,,610,8577,7710,9444,-0.37,,,,,,,,,7245,5152,9904,,,,,,9669,8562,10776,,16,14,18,-0.56,3.5,3.3,3.8,-0.94,4.5,4.3,4.7,-2.13,,7,7,8,-0.39,,,,,,,10,8,13,8,6,10,7,6,8,20,17,22,-1.08,37,36,39,-0.32,5.8,1.43,25,23,28,-0.74,66,-0.62,18,17,19,-0.78,9,32,28,19,38,0.29,309,587.4,1.40,23,20,26,-0.50,,,,,,,16,11,23,14,9,20,27,23,31,4754,13,11,15,-0.85,17,32,3101:1,0.36,71,132,758:1,-4.18,125,232,431:1,-1.03,2305,-0.84,,,,,,30,1.21,,19,22,,33,23,1.92,,12,13,18,24,28296,29963,94,93,96,-1.60,11520,16287,71,64,77,-1.63,647,14585,4.4,0.28,14,10,19,-1.01,16,25,73,14,11,108785,26599,4.1,-0.48,2230,11277,20,13,26,-0.21,48,9.1,0.64,225,86,75,97,-0.29,,,,,,,52,30,83,,,,106,91,121,7.3,-0.64,No,-0.65,15,12,19,13,10,16,3,1,5,1,0,2,1.36,62,59,65,-4.12,,,,,,,40,28,52,41,29,52,70,66,74,28940,27,22,32,-0.66
29171,Missouri,Putnam,,88,9412,6395,13359,0.04,,,,,,,,,,,,,,,,,,,,,15,13,18,-0.76,3.6,3.3,4.0,-0.68,5.0,4.7,5.3,-0.20,,9,7,12,1.03,,,,,,,,,,,,,,,,21,18,25,-0.58,36,34,38,-0.86,7.4,-0.27,26,23,29,-0.54,50,0.12,19,18,20,-0.01,0,6,0,0,28,-2.28,10,212.9,-0.62,29,20,42,0.10,,,,,,,,,,,,,,,,528,15,13,18,0.14,3,64,1563:1,-0.69,2,42,2356:1,-0.22,3,64,1571:1,0.59,2470,-0.66,,,,,,33,0.68,,,,,,40,0.10,,,,,,3228,3420,94,92,97,-1.59,712,1025,69,50,89,-1.50,70,2233,3.1,-1.08,21,14,28,0.02,,,,,,91744,22008,4.2,-0.34,179,1093,16,5,28,-0.73,4,8.5,0.80,21,88,55,135,-0.17,,,,,,,,,,,,,,,,7.2,-0.79,Yes,1.54,10,5,14,8,4,13,2,0,5,2,0,4,-0.82,78,71,85,-0.39,,,,,,,,,,,,,,,,2059,38,25,52,0.43
29173,Missouri,Ralls,,153,7452,5392,9512,-0.93,,,,,,,,,,,,,,,,,,,,,16,14,18,-0.56,3.8,3.5,4.2,-0.18,5.1,4.7,5.4,0.17,,9,7,12,1.06,,,,,,,,,,,,,,,,23,20,26,-0.08,38,36,40,0.06,8.4,-1.34,27,24,30,-0.18,8,2.07,19,18,20,0.48,7,17,41,28,53,1.48,19,184.3,-0.78,18,12,25,-1.01,,,,,,,,,,,,,,,,998,13,11,14,-0.89,1,10,10299:1,1.10,1,10,10361:1,1.23,6,58,1727:1,0.64,3539,0.54,,,,,,46,-1.60,,,,,,22,2.03,,,,,,6624,7323,90,88,93,-0.63,1131,2170,52,42,62,0.26,190,5602,3.4,-0.81,13,9,18,-1.18,,,,,,107593,24540,4.4,0.07,361,2220,16,10,23,-0.75,8,7.8,1.00,49,96,71,126,0.19,,,,,,,,,,,,,,,,8.0,0.41,No,-0.65,11,8,14,10,6,13,1,0,3,1,0,2,-0.41,85,82,88,1.21,,,,,,,,,,,,,,,,4594,30,24,35,-0.41
29175,Missouri,Randolph,,439,8447,7240,9655,-0.44,,,,,,,,,,,,,,,,,,,,,17,15,19,-0.22,3.8,3.5,4.2,-0.14,4.7,4.5,5.0,-1.16,,9,8,10,0.55,,,,,,,18,10,26,,,,8,7,9,23,19,26,-0.15,38,37,40,0.02,7.4,-0.27,28,25,31,-0.05,50,0.13,18,17,19,-0.30,5,19,26,14,39,0.12,97,392.0,0.34,34,29,39,0.59,,,,,,,44,25,72,,,,34,29,39,2440,14,12,16,-0.49,8,33,3051:1,0.34,9,36,2751:1,0.05,29,117,854:1,0.08,3097,0.05,,,,,,38,-0.19,,,33,,38,44,-0.33,,,34,,45,15231,17115,89,87,91,-0.27,3447,6533,53,46,59,0.19,433,10273,4.2,0.05,20,13,27,-0.12,,,86,32,23,92929,23306,4.0,-0.68,1404,5415,26,18,34,0.73,30,12.3,-0.20,77,62,49,78,-1.45,,,,,,,,,,,,,,,,7.6,-0.19,No,-0.65,12,9,14,10,8,13,1,0,2,1,0,2,-0.05,84,81,87,1.03,,,,,,,,,,,,,,,,10874,26,22,30,-0.75
29177,Missouri,Ray,,397,9104,7654,10554,-0.11,,,,,,,,,,,,,,,,,,,,,16,14,18,-0.60,3.7,3.4,4.1,-0.46,5.1,4.7,5.4,0.06,,7,6,8,-0.60,,,,,,,,,,,,,,,,23,20,26,0.05,39,37,41,0.33,8.2,-1.13,27,25,30,-0.08,48,0.21,19,18,20,0.64,10,30,33,24,43,0.76,68,295.4,-0.18,32,27,37,0.36,,,,,,,,,,,,,,,,2449,13,11,15,-0.58,6,26,3819:1,0.56,3,13,7669:1,1.08,10,43,2301:1,0.78,4317,1.42,,,,,,31,1.04,,,,,,49,-0.86,,,34,,49,14408,16121,89,88,91,-0.36,2588,5331,49,42,55,0.62,711,10983,6.5,2.41,14,10,19,-0.98,,,,3,15,119232,29709,4.0,-0.63,743,5263,14,9,19,-1.08,22,9.6,0.51,115,101,82,119,0.44,,,,,,,,,,,,,,,,7.1,-0.93,Yes,1.54,10,7,12,8,5,10,2,0,3,0,0,0,-0.90,83,80,87,0.81,,,,,,,,,,,,,,,,11045,48,43,53,1.35
29179,Missouri,Reynolds,,131,11332,7870,14795,0.99,,,,,,,,,,,,,,,,,,,,,19,17,22,0.63,4.1,3.7,4.5,0.57,5.1,4.8,5.5,0.33,,9,6,12,0.75,,,,,,,,,,,,,,,,26,22,29,0.81,38,37,40,0.06,5.7,1.53,29,26,33,0.57,44,0.40,19,18,20,0.03,3,20,15,5,28,-0.91,6,95.7,-1.25,46,34,61,1.78,,,,,,,,,,,,,,,,734,16,14,19,0.48,3,48,2066:1,-0.17,3,49,2029:1,-0.52,10,164,609:1,-0.38,3548,0.55,,,,,,32,0.86,,,,,,28,1.39,,,,,,3559,4573,78,74,82,2.46,647,1355,48,36,59,0.70,121,2936,4.1,-0.05,32,20,43,1.66,,,,,,79171,18415,4.3,-0.09,185,1067,17,8,26,-0.59,9,14.5,-0.79,36,114,80,158,1.12,,,,,,,,,,,,,,,,7.0,-1.08,Yes,1.54,8,5,10,6,3,9,2,1,3,0,0,1,-1.68,79,71,86,-0.26,,,,,,,,,,,,,,,,2226,33,25,42,-0.06
29181,Missouri,Ripley,,326,12437,10349,14526,1.54,,,,,,,,,,,,,,,,,,,,,23,20,25,1.98,4.6,4.2,5.0,1.76,5.4,5.1,5.7,1.51,,10,8,11,1.07,,,,,,,,,,,,,,,,29,25,32,1.81,42,40,44,1.36,6.5,0.68,32,29,35,1.48,58,-0.26,18,17,19,-0.86,5,15,33,19,47,0.76,22,165.6,-0.88,44,36,52,1.55,,,,,,,,,,,,,,,,1651,16,14,18,0.49,2,15,6650:1,0.93,,,,0.00,9,85,1180:1,0.39,3227,0.19,,,,,,30,1.21,,,,,,24,1.82,,,,,,6281,7681,82,78,85,1.50,1316,2491,53,43,63,0.19,279,5072,5.5,1.39,33,22,44,1.89,,,,64,19,73648,15195,4.8,0.94,645,2622,25,16,33,0.53,13,9.8,0.47,77,114,90,143,1.11,,,,,,,,,,,,,,,,8.0,0.41,Yes,1.54,11,8,14,9,6,12,2,1,3,1,0,1,-0.19,78,72,83,-0.47,,,,,,,,,,,,,,,,4072,47,39,55,1.21
29183,Missouri,St. Charles,,4202,6100,5816,6383,-1.60,,,,,3436,2223,5072,,9068,7657,10479,,3622,2621,4879,,6064,5761,6368,,11,9,13,-2.49,2.7,2.5,3.1,-2.96,4.7,4.4,5.0,-1.26,,7,7,8,-0.49,,,,9,8,11,13,12,15,8,6,9,7,6,7,15,12,18,-2.74,30,29,32,-3.00,8.8,-1.76,20,18,23,-2.40,87,-1.57,23,22,24,3.80,51,163,31,27,35,0.57,1047,260.4,-0.37,8,8,9,-1.93,,,,,,,14,11,17,15,12,19,8,7,8,22591,7,6,7,-3.22,180,44,2257:1,-0.04,258,63,1589:1,-1.12,810,198,506:1,-0.70,2463,-0.67,,,3993,2522,2414,42,-0.90,,41,38,36,42,60,-2.04,,57,43,51,60,262565,275283,95,95,96,-1.83,85395,106220,80,78,83,-2.62,7884,227337,3.5,-0.73,6,4,8,-2.27,,6,20,14,4,157641,44647,3.5,-1.53,15741,93611,17,15,18,-0.67,256,6.3,1.39,1630,82,78,86,-0.49,,,,27,16,44,73,58,91,36,23,53,86,81,90,9.6,2.80,No,-0.65,8,7,8,7,6,7,1,1,1,0,0,0,-1.55,81,80,82,0.17,,,,70,63,77,78,72,84,74,66,81,77,76,78,212619,38,37,39,0.39
29185,Missouri,St. Clair,,190,8546,6281,10811,-0.39,,,,,,,,,,,,,,,,,,,,,19,16,21,0.44,4.0,3.6,4.4,0.24,5.1,4.8,5.5,0.32,,6,4,8,-1.58,,,,,,,,,,,,,,,,25,21,28,0.48,37,35,39,-0.32,7.4,-0.27,29,26,32,0.34,34,0.86,19,18,20,0.32,2,9,22,6,42,-0.25,19,202.2,-0.68,30,23,40,0.19,,,,,,,,,,,,,,,,1114,16,14,19,0.54,4,41,2422:1,0.06,3,32,3125:1,0.24,2,21,4688:1,0.99,2510,-0.61,,,,,,31,1.04,,,,,,25,1.71,,,,,,5976,6785,88,86,91,-0.04,806,1799,45,36,54,1.00,172,3845,4.5,0.32,29,19,39,1.26,,,,68,13,80000,18862,4.2,-0.20,463,1883,25,15,34,0.53,12,12.4,-0.23,50,106,79,140,0.71,,,,,,,,,,,,,,,,7.4,-0.49,No,-0.65,13,10,16,9,6,12,2,1,3,3,1,4,0.47,78,74,82,-0.48,,,,,,,,,,,,,,,,3637,39,32,47,0.52
29186,Missouri,Ste. Genevieve,,244,6825,5415,8235,-1.24,,,,,,,,,,,,,,,,,,,,,15,13,17,-0.91,3.6,3.2,3.9,-0.85,4.9,4.5,5.2,-0.66,,9,7,10,0.48,,,,,,,,,,,,,,,,21,18,24,-0.72,37,35,39,-0.67,7.4,-0.27,25,23,28,-0.80,34,0.85,20,19,21,1.34,10,23,43,33,53,1.69,32,178.8,-0.81,21,16,26,-0.72,,,,,,,,,,,,,,,,1724,12,11,14,-1.00,6,33,2987:1,0.32,3,16,6196:1,0.95,21,113,885:1,0.11,3571,0.58,,,,,,43,-1.07,,,,,,40,0.10,,,,,,12012,13142,91,89,94,-0.86,2657,4063,65,56,75,-1.09,316,9232,3.4,-0.78,14,9,19,-0.99,,,,,,127410,25500,5.0,1.22,869,3969,22,12,31,0.11,23,12.8,-0.35,83,93,74,115,0.05,,,,,,,,,,,,,,,,7.8,0.11,No,-0.65,10,7,14,9,5,12,1,0,3,1,0,1,-0.56,86,83,89,1.42,,,,,,,,,,,,,,,,8452,40,34,46,0.54
29187,Missouri,St. Francois,,1301,10827,9946,11708,0.74,,,,,,,,,7330,4744,10821,,,,,,11152,10221,12083,,18,16,20,0.17,4.1,3.7,4.4,0.45,5.0,4.7,5.3,-0.31,,9,8,10,0.74,,,,,,,,,,,,,,,,24,21,28,0.38,37,35,38,-0.51,6.9,0.26,29,26,32,0.37,56,-0.17,18,17,19,-0.72,12,53,23,16,30,-0.21,159,236.6,-0.49,33,30,36,0.48,,,,,,,,,,58,32,97,33,30,36,6739,14,12,16,-0.43,43,65,1546:1,-0.71,28,41,2412:1,-0.17,196,290,345:1,-1.58,2785,-0.31,,,,,,36,0.16,,,,36,36,45,-0.43,,,17,42,45,40964,47647,86,84,88,0.47,10252,19142,54,48,59,0.11,1255,26027,4.8,0.68,23,17,29,0.35,,,25,10,20,100122,21570,4.6,0.55,3406,14231,24,19,29,0.43,79,11.9,-0.09,328,98,88,109,0.33,,,,,,,,,,,,,,,,7.6,-0.19,Yes,1.54,12,10,14,10,8,12,2,1,3,2,1,2,0.11,83,80,85,0.61,,,,,,,,,,,,,,,,26552,27,24,31,-0.63
29189,Missouri,St. Louis,,13821,8753,8532,8975,-0.29,,,,,2816,2272,3360,,16391,15813,16969,,5339,4401,6276,,6293,6063,6524,,13,11,14,-1.76,3.0,2.8,3.3,-2.22,4.4,4.2,4.7,-2.34,,10,10,10,1.24,10,5,14,9,8,10,15,15,15,7,7,8,7,7,7,15,13,18,-2.64,28,27,29,-3.80,8.3,-1.23,22,19,24,-2.01,95,-1.97,21,20,21,1.82,117,412,28,26,31,0.31,6063,609.8,1.52,14,14,15,-1.37,20,11,34,2,1,3,32,31,33,22,19,25,6,5,6,67071,8,8,9,-2.50,1261,127,788:1,-2.76,893,90,1117:1,-2.30,3389,340,294:1,-2.06,2804,-0.28,,1937,5101,2760,2263,44,-1.25,,27,36,34,46,60,-2.04,42,59,40,52,64,654473,695526,94,94,94,-1.52,196015,250581,78,77,80,-2.40,23679,526087,4.5,0.35,13,11,15,-1.16,22,4,31,13,5,149116,32041,4.7,0.57,62762,222036,28,27,30,1.09,1032,10.4,0.30,4956,100,97,102,0.39,,,,19,14,26,152,145,159,45,35,57,88,85,91,9.2,2.20,No,-0.65,13,12,13,12,11,12,1,1,1,1,1,1,0.42,78,77,79,-0.47,78,64,92,68,65,71,73,71,75,76,73,79,83,83,84,493169,32,31,33,-0.19
29195,Missouri,Saline,,371,8596,7193,9999,-0.36,,,,,,,,,,,,,,,,,,,,,17,15,20,0.01,3.7,3.4,4.1,-0.42,5.0,4.7,5.3,-0.30,,9,8,10,0.67,,,,,,,18,10,25,9,6,13,8,7,10,22,18,25,-0.52,39,38,41,0.40,6.8,0.36,28,25,31,0.14,66,-0.60,18,17,19,-0.39,2,20,10,2,23,-1.37,93,408.6,0.43,22,18,26,-0.56,,,,,,,20,10,36,20,12,33,23,19,29,2624,15,13,17,0.12,11,48,2078:1,-0.16,9,39,2588:1,-0.05,35,150,665:1,-0.24,3756,0.79,,,1854,,3788,38,-0.19,,,20,43,39,45,-0.43,,,35,16,45,13223,15183,87,84,90,0.20,3172,5518,57,48,67,-0.29,368,10487,3.5,-0.69,18,11,25,-0.41,,,39,26,15,92130,21738,4.2,-0.21,799,5255,15,10,20,-0.91,22,9.6,0.51,85,74,59,92,-0.85,,,,,,,,,,,,,,,,7.3,-0.64,No,-0.65,11,8,13,8,6,10,2,1,4,1,0,1,-0.44,81,78,85,0.35,,,,,,,,,,87,76,98,80,76,84,10374,18,14,21,-1.55
29197,Missouri,Schuyler,,73,8896,6124,12494,-0.22,,,,,,,,,,,,,,,,,,,,,17,15,20,-0.06,3.9,3.6,4.3,0.13,5.3,5.0,5.6,0.98,,8,6,11,0.30,,,,,,,,,,,,,,,,24,21,27,0.25,37,35,39,-0.40,4.2,3.00,27,25,30,-0.08,27,1.18,19,18,20,0.52,3,6,50,28,67,2.28,8,171.7,-0.84,16,9,25,-1.23,,,,,,,,,,,,,,,,563,16,13,18,0.36,3,66,1511:1,-0.76,1,25,4025:1,0.56,,,,0.00,2491,-0.64,,,,,,29,1.39,,,,,,46,-0.54,,,,,,2434,2714,90,86,93,-0.44,468,915,51,40,63,0.36,80,1845,4.3,0.17,22,14,30,0.19,,,,,,83188,23485,3.5,-1.51,111,1065,10,5,16,-1.65,6,13.2,-0.45,20,88,54,136,-0.17,,,,,,,,,,,,,,,,7.4,-0.49,No,-0.65,8,5,12,5,2,9,1,0,3,2,0,4,-1.44,90,86,95,2.37,,,,,,,,,,,,,,,,1814,42,32,51,0.72
29199,Missouri,Scotland,,65,6756,4413,9900,-1.28,,,,,,,,,,,,,,,,,,,,,19,16,21,0.48,4.1,3.7,4.6,0.58,5.0,4.7,5.3,-0.26,,6,4,8,-1.43,,,,,,,,,,,,,,,,25,21,29,0.65,38,36,40,-0.06,8.3,-1.23,29,26,33,0.54,0,2.40,19,18,20,-0.15,2,9,22,6,42,-0.25,17,346.8,0.10,19,12,29,-0.88,,,,,,,,,,,,,,,,896,23,20,27,3.00,8,164,609:1,-3.00,1,21,4693:1,0.72,2,43,2347:1,0.79,916,-2.41,,,,,,30,1.21,,,,,,29,1.28,,,,,,2371,2985,79,,,2.07,426,1059,40,,,1.47,61,2311,2.6,-1.60,21,13,28,-0.04,,,,,,89328,21397,4.2,-0.32,154,1389,11,4,19,-1.55,9,18.5,-1.85,17,69,40,110,-1.12,,,,,,,,,,,,,,,,7.6,-0.19,No,-0.65,17,12,22,14,9,19,3,1,6,1,0,2,1.98,77,69,86,-0.60,,,,,,,,,,,,,,,,1892,24,17,31,-0.95
29201,Missouri,Scott,,713,10687,9505,11868,0.67,,,,,,,,,13393,9940,17656,,,,,,10585,9288,11882,,19,16,21,0.44,4.0,3.6,4.3,0.22,5.3,5.0,5.6,1.01,,10,9,11,1.73,,,,,,,17,14,20,,,,9,8,10,24,20,27,0.22,43,41,44,1.74,7.0,0.15,34,31,37,2.07,71,-0.85,17,16,18,-1.51,7,33,21,12,31,-0.34,213,556.4,1.23,42,38,47,1.37,,,,,,,72,58,88,53,28,90,36,31,41,4066,13,12,15,-0.54,20,52,1914:1,-0.30,24,63,1577:1,-1.15,72,190,526:1,-0.63,3368,0.35,,,3178,,3404,40,-0.55,,,41,,40,43,-0.22,,,31,42,44,22189,25928,86,84,88,0.57,5255,9222,57,51,63,-0.23,785,20195,3.9,-0.30,23,16,30,0.36,,,53,30,14,95487,20138,4.7,0.74,2502,9218,27,22,32,0.92,58,15.1,-0.96,171,89,76,102,-0.14,,,,,,,83,51,128,,,,93,78,108,9.0,1.90,No,-0.65,13,11,16,11,9,13,3,2,4,0,0,1,0.60,82,80,85,0.51,,,,,,,71,59,83,,,,85,82,88,16930,24,20,28,-0.95
29203,Missouri,Shannon,,181,12094,9263,14925,1.37,,,,,,,,,,,,,,,,,,,,,21,18,24,1.36,4.4,4.0,4.9,1.36,5.4,5.0,5.7,1.37,,9,7,11,0.54,,,,,,,,,,,,,,,,27,24,31,1.38,39,38,41,0.44,6.3,0.90,33,29,36,1.61,57,-0.19,17,17,18,-1.09,3,15,20,7,35,-0.45,8,98.0,-1.24,32,24,42,0.41,,,,,,,,,,,,,,,,1155,19,16,22,1.57,,,,0.00,,,,0.00,1,14,7106:1,1.06,3103,0.05,,,,,,35,0.33,,,,,,29,1.28,,,,,,4426,5161,86,82,89,0.52,716,1548,46,33,59,0.86,189,3366,5.6,1.51,33,20,45,1.81,,,,,,70897,16354,4.3,-0.02,176,1580,11,4,18,-1.54,5,6.1,1.44,43,105,76,141,0.65,,,,,,,,,,,,,,,,7.1,-0.93,No,-0.65,15,11,18,10,6,14,5,2,8,0,0,1,1.04,75,70,80,-1.12,,,,,,,,,,,,,,,,2605,40,30,49,0.53
29205,Missouri,Shelby,,92,7470,5232,10342,-0.92,,,,,,,,,,,,,,,,,,,,,18,16,21,0.24,4.0,3.6,4.4,0.21,4.9,4.6,5.2,-0.47,,8,6,10,-0.07,,,,,,,,,,,,,,,,24,20,28,0.32,38,36,40,-0.06,6.7,0.47,29,26,33,0.54,36,0.78,18,17,19,-0.56,0,4,0,0,36,-2.28,11,185.5,-0.77,22,14,32,-0.63,,,,,,,,,,,,,,,,671,15,13,17,0.06,1,17,5919:1,0.86,2,33,2988:1,0.18,,,,0.00,2992,-0.07,,,,,,42,-0.90,,,,,,43,-0.22,,,,,,3720,4194,89,86,92,-0.20,736,1344,55,44,66,-0.01,99,2985,3.3,-0.89,21,14,29,0.05,,,,,,92608,20083,4.6,0.49,232,1406,17,10,23,-0.71,15,25.3,-3.00,25,83,54,123,-0.41,,,,,,,,,,,,,,,,7.6,-0.19,No,-0.65,7,5,9,6,4,9,1,0,2,0,0,1,-1.88,78,73,83,-0.44,,,,,,,,,,,,,,,,2754,27,21,33,-0.67
29207,Missouri,Stoddard,,566,9474,8248,10700,0.07,,,,,,,,,,,,,,,,,,,,,20,18,23,1.09,4.3,3.9,4.7,1.12,5.2,4.8,5.5,0.54,,9,8,10,0.86,,,,,,,24,12,37,,,,9,8,10,28,24,32,1.71,40,39,42,0.75,7.2,-0.06,33,30,36,1.58,62,-0.43,18,17,18,-1.05,4,34,12,5,22,-1.21,97,334.2,0.03,38,33,43,0.96,,,,,,,,,,,,,,,,3811,17,15,19,0.80,14,48,2072:1,-0.17,7,25,4068:1,0.57,18,63,1582:1,0.59,3420,0.41,,,,,,39,-0.37,,,,,,30,1.17,,,31,,30,16308,20112,81,78,84,1.66,3163,6864,46,40,52,0.87,595,13325,4.5,0.31,22,15,28,0.15,,,95,46,20,90090,20221,4.5,0.20,1280,6387,20,14,26,-0.17,37,12.8,-0.33,117,80,66,95,-0.57,,,,,,,,,,,,,,,,8.7,1.45,Yes,1.54,12,9,14,9,7,12,2,1,3,1,0,2,-0.09,87,85,89,1.59,,,,,,,,,,,,,,,,11634,31,27,35,-0.27
29209,Missouri,Stone,,606,11552,9778,13325,1.10,,,,,,,,,,,,,,,,,,,,,16,14,19,-0.37,3.8,3.5,4.2,-0.13,5.4,5.0,5.7,1.40,,9,7,10,0.54,,,,,,,,,,,,,,,,22,18,26,-0.38,38,36,40,0.02,7.4,-0.27,27,24,30,-0.35,66,-0.63,19,18,20,0.03,11,36,31,22,39,0.51,58,181.5,-0.79,29,24,33,0.06,,,,,,,,,,53,25,97,28,24,33,3611,17,14,19,0.68,11,34,2951:1,0.30,4,13,7887:1,1.10,13,41,2427:1,0.80,2775,-0.32,,,,,,41,-0.72,,,,64,41,40,0.10,,,,38,40,21669,24063,90,88,92,-0.53,3307,5414,61,53,69,-0.65,892,13611,6.6,2.49,24,16,32,0.53,,,,48,19,99911,23951,4.2,-0.33,883,5118,17,12,23,-0.60,32,9.9,0.44,186,117,100,134,1.25,,,,,,,,,,,,,,,,8.1,0.56,Yes,1.54,12,9,14,8,6,10,3,1,4,1,0,1,-0.09,80,76,84,0.06,,,,,,,,,,,,,,,,11554,45,39,51,1.08
29211,Missouri,Sullivan,,115,11099,7940,14259,0.87,,,,,,,,,,,,,,,,,,,,,19,17,21,0.63,3.9,3.6,4.2,0.02,5.0,4.7,5.2,-0.34,,9,6,11,0.43,,,,,,,,,,8,3,12,9,6,12,23,20,26,-0.15,41,39,42,0.97,7.5,-0.38,31,29,34,1.19,46,0.29,18,17,18,-1.03,2,12,17,4,34,-0.76,27,443.4,0.62,49,38,63,2.05,,,,,,,,,,69,42,107,44,31,59,759,16,14,18,0.50,2,33,3017:1,0.33,1,17,5934:1,0.91,,,,0.00,3114,0.06,,,,,,29,1.39,,,,,,41,-0.01,,,,,,3511,4128,85,82,88,0.69,530,1324,40,31,49,1.49,129,2650,4.9,0.73,20,13,27,-0.12,,,,17,26,88704,23534,3.8,-1.09,299,1427,21,11,31,-0.03,8,13.3,-0.46,34,110,76,154,0.92,,,,,,,,,,,,,,,,7.3,-0.64,No,-0.65,9,6,12,6,3,9,3,1,5,0,0,2,-1.04,68,63,73,-2.69,,,,,,,,,,42,25,58,76,65,87,2520,26,20,33,-0.73
29213,Missouri,Taney,,926,9346,8374,10318,0.01,,,,,,,,,,,,,,,,,,,,,17,15,19,-0.33,3.8,3.4,4.1,-0.33,4.5,4.2,4.8,-2.25,,9,8,9,0.35,,,,,,,15,8,22,5,3,7,9,8,10,22,18,25,-0.52,37,36,39,-0.32,5.4,1.85,27,24,30,-0.28,59,-0.28,19,18,20,-0.06,15,54,28,21,35,0.25,191,341.5,0.07,28,25,31,0.01,,,,,,,,,,41,29,56,28,25,31,7503,18,16,21,1.29,42,75,1336:1,-1.05,20,35,2819:1,0.09,49,87,1151:1,0.36,2415,-0.72,,,,,,36,0.16,,29,,16,36,42,-0.11,,48,6,28,42,34915,38764,90,89,92,-0.53,7045,12168,58,52,64,-0.33,1970,26276,7.5,3.48,22,15,30,0.25,27,,58,35,18,91622,21870,4.2,-0.30,2720,11834,23,18,28,0.28,75,13.4,-0.49,222,80,69,90,-0.58,,,,,,,,,,,,,,,,8.1,0.56,Yes,1.54,15,13,17,11,9,13,3,2,5,2,1,3,1.39,77,74,80,-0.74,,,,,,,,,,85,69,100,79,76,82,24945,24,20,27,-0.99
29215,Missouri,Texas,,482,10518,8990,12046,0.59,,,,,,,,,,,,,,,,,,,,,21,19,23,1.36,4.5,4.1,4.9,1.56,5.0,4.6,5.3,-0.29,,8,7,9,-0.22,,,,,,,,,,,,,,,,27,23,30,1.21,41,39,43,1.01,6.8,0.36,31,28,34,1.02,65,-0.59,18,17,19,-0.62,8,27,30,19,40,0.42,51,200.8,-0.69,37,31,42,0.82,,,,,,,,,,,,,,,,2892,16,14,19,0.58,11,44,2283:1,-0.02,5,20,4997:1,0.77,8,32,3123:1,0.89,4319,1.42,,,,,,30,1.21,,,,25,31,38,0.32,,,,33,39,15043,17669,85,83,88,0.67,2828,5770,49,42,56,0.58,410,9000,4.6,0.40,32,23,40,1.67,,,,71,24,82714,16972,4.9,0.99,924,5253,18,11,24,-0.55,31,12.3,-0.22,134,105,87,123,0.66,,,,,,,,,,,,,,,,7.2,-0.79,No,-0.65,15,12,18,12,9,15,2,1,3,2,1,3,1.31,76,72,81,-0.79,,,,,,,,,,82,63,100,80,77,83,9290,36,29,42,0.17
29217,Missouri,Vernon,,379,9256,7751,10761,-0.04,,,,,,,,,,,,,,,,,,,,,18,16,21,0.32,4.0,3.7,4.4,0.34,5.2,4.8,5.5,0.61,,7,5,8,-1.04,,,,,,,,,,,,,,,,24,20,28,0.22,37,35,38,-0.67,6.5,0.68,29,26,32,0.47,65,-0.56,18,17,19,-0.35,6,14,43,29,56,1.63,69,335.6,0.04,27,23,31,-0.15,,,,,,,,,,,,,,,,2323,15,13,17,0.09,5,25,4078:1,0.61,11,56,1781:1,-0.82,82,418,239:1,-2.81,2816,-0.27,,,,,,30,1.21,,,,,,37,0.42,,,,24,37,11817,13227,89,87,91,-0.35,2204,4205,52,44,61,0.23,321,9422,3.4,-0.80,27,19,34,0.89,,,,4,22,89392,24047,3.7,-1.18,872,4787,18,12,25,-0.45,22,10.8,0.20,80,78,62,97,-0.68,,,,,,,,,,,,,,,,8.0,0.41,No,-0.65,12,9,15,9,6,12,2,1,3,2,1,3,0.13,74,69,79,-1.41,,,,,,,,,,,,,,,,8344,23,18,28,-1.03
29219,Missouri,Warren,,473,8073,6943,9203,-0.62,,,,,,,,,,,,,,,,,,,,,15,13,18,-0.76,3.7,3.3,4.0,-0.64,4.9,4.5,5.2,-0.66,,7,6,8,-0.49,,,,,,,14,7,21,,,,7,6,8,22,18,25,-0.45,37,36,39,-0.32,8.0,-0.91,24,22,27,-1.10,73,-0.94,20,19,21,1.10,8,22,36,25,47,1.04,89,249.7,-0.42,25,21,29,-0.32,,,,,,,48,25,85,29,15,50,24,20,28,4004,14,12,16,-0.51,7,19,5228:1,0.79,9,25,4058:1,0.57,19,52,1922:1,0.70,2872,-0.21,,,3560,,2799,34,0.51,,,,,,51,-1.08,,,29,49,51,21321,24241,88,86,90,-0.01,4849,8241,59,51,66,-0.42,776,18722,4.1,-0.03,12,8,17,-1.30,4,,2,9,14,125304,36142,3.5,-1.65,1902,8258,23,15,31,0.29,27,7.4,1.10,171,98,83,112,0.29,,,,,,,,,,,,,,,,8.2,0.71,No,-0.65,14,11,17,10,8,13,5,3,8,1,0,2,0.94,83,80,86,0.75,,,,,,,,,,,,,,,,16602,50,44,56,1.55
29221,Missouri,Washington,,561,12274,10673,13875,1.46,,,,,,,,,,,,,,,,,,,,,20,18,23,1.13,4.4,4.0,4.8,1.21,5.5,5.2,5.9,2.00,,10,9,11,1.44,,,,,,,,,,,,,,,,27,23,30,1.15,41,40,43,1.20,6.5,0.68,30,27,33,0.80,59,-0.29,19,18,20,-0.05,9,32,28,19,38,0.29,75,303.3,-0.13,43,37,49,1.43,,,,,,,,,,,,,,,,2821,15,13,17,0.02,7,28,3515:1,0.48,11,47,2137:1,-0.41,20,85,1175:1,0.38,4467,1.58,,,,,,29,1.39,,,,,,33,0.85,,,,,,13309,16535,80,78,83,1.81,2556,5772,44,37,52,1.06,516,10094,5.1,0.98,27,18,35,0.89,,,,23,26,89802,21046,4.3,-0.15,1546,5578,28,19,37,1.01,18,7.3,1.12,141,114,95,132,1.08,,,,,,,,,,,,,,,,7.2,-0.79,No,-0.65,13,10,16,9,7,12,4,2,6,1,0,2,0.58,82,78,86,0.44,,,,,,,,,,,,,,,,8859,47,41,54,1.26
29223,Missouri,Wayne,,277,11224,8924,13524,0.94,,,,,,,,,,,,,,,,,,,,,22,20,25,1.82,4.7,4.3,5.1,1.99,5.6,5.2,5.9,2.05,,9,7,11,0.66,,,,,,,,,,,,,,,,29,25,32,1.85,41,39,43,0.94,4.9,2.38,34,30,37,1.91,66,-0.61,18,17,19,-0.79,3,11,27,11,45,0.21,23,178.7,-0.81,40,32,48,1.11,,,,,,,,,,,,,,,,1449,16,13,18,0.27,5,39,2554:1,0.13,1,9,10914:1,1.25,12,110,910:1,0.14,3084,0.03,,,,,,34,0.51,,,,,,24,1.82,,,,,,6752,8257,82,79,85,1.50,894,2228,40,31,49,1.48,243,4838,5.0,0.89,31,20,42,1.56,,,,6,35,77373,18039,4.3,-0.11,314,2301,14,4,24,-1.15,15,11.7,-0.06,77,118,93,148,1.30,,,,,,,,,,,,,,,,7.6,-0.19,Yes,1.54,13,10,17,9,6,13,3,2,5,1,0,2,0.63,70,64,76,-2.32,,,,,,,,,,,,,,,,3598,50,39,61,1.50
29225,Missouri,Webster,,578,8227,7236,9217,-0.55,,,,,,,,,,,,,,,,,,,,,18,15,20,0.09,3.9,3.5,4.3,-0.09,5.0,4.6,5.3,-0.33,,6,6,7,-1.20,,,,,,,,,,,,,,,,23,20,27,0.08,39,37,41,0.33,7.9,-0.81,28,25,32,0.21,53,-0.03,18,17,19,-0.56,11,30,37,27,46,1.07,88,222.3,-0.57,38,34,42,0.92,,,,,,,,,,43,22,78,37,33,42,5818,18,16,20,1.20,10,25,3986:1,0.59,10,25,3974:1,0.55,29,73,1370:1,0.50,2443,-0.69,,,,,,36,0.16,,,,,,48,-0.76,,,,50,48,22021,25219,87,85,89,0.14,5237,9546,55,48,61,-0.02,598,17409,3.4,-0.77,24,17,31,0.48,,,,9,21,101948,27036,3.8,-1.08,1633,10636,15,11,20,-0.89,33,8.3,0.86,186,95,82,109,0.17,,,,,,,,,,,,,,,,7.6,-0.19,No,-0.65,12,10,14,6,5,8,4,3,5,3,2,4,-0.08,80,77,83,0.00,,,,,,,,,,,,,,,,16018,49,43,54,1.39
29227,Missouri,Worth,x,,,,,0.00,,,,,,,,,,,,,,,,,,,,,16,14,18,-0.49,3.8,3.4,4.1,-0.31,4.9,4.6,5.2,-0.48,x,9,5,14,0.89,,,,,,,,,,,,,,,,22,19,26,-0.32,38,36,40,-0.13,7.7,-0.59,26,23,29,-0.61,1,2.36,20,19,21,1.08,0,2,0,0,51,-2.28,9,447.1,0.64,,,,0.00,,,,,,,,,,,,,,,,202,14,12,17,-0.22,1,51,1953:1,-0.27,1,50,1983:1,-0.57,,,,0.00,2507,-0.62,,,,,,36,0.16,,,,,,36,0.53,,,,,,1285,1406,91,87,95,-0.85,211,358,59,41,77,-0.43,30,1181,2.5,-1.70,20,13,28,-0.07,,,,,,98889,21793,4.5,0.36,161,405,40,17,62,2.85,3,15.4,-1.02,11,109,54,195,0.86,,,,,,,,,,,,,,,,7.1,-0.93,No,-0.65,10,5,14,7,1,13,0,0,3,2,0,5,-0.76,83,76,90,0.72,,,,,,,,,,,,,,,,865,43,32,54,0.89
29229,Missouri,Wright,,360,11242,9421,13063,0.95,,,,,,,,,,,,,,,,,,,,,22,19,24,1.59,4.5,4.1,5.0,1.64,5.3,5.0,5.7,1.09,,7,6,8,-0.66,,,,,,,,,,,,,,,,28,24,32,1.68,41,39,43,1.17,6.4,0.79,32,29,35,1.35,33,0.89,17,16,18,-1.11,2,11,18,4,37,-0.62,34,185.9,-0.77,36,31,42,0.79,,,,,,,,,,,,,,,,2305,16,14,19,0.54,3,16,6108:1,0.88,9,48,2068:1,-0.48,21,113,886:1,0.12,3005,-0.06,,,,,,30,1.21,,,,,,34,0.74,,,,,,10059,12124,83,80,86,1.20,1654,3844,43,34,52,1.19,306,7596,4.0,-0.15,28,19,38,1.13,,,,3,31,76176,20615,3.7,-1.22,813,4747,17,10,24,-0.62,20,10.9,0.16,78,85,67,106,-0.32,,,,,,,,,,,,,,,,7.2,-0.79,No,-0.65,14,11,17,11,8,13,3,2,5,2,1,3,0.81,83,80,86,0.71,,,,,,,,,,,,,,,,6591,39,32,45,0.44
29510,Missouri,St. Louis City,,6120,13936,13448,14423,2.28,,,,,3252,2161,4700,,21372,20453,22290,,6222,4781,7960,,8658,8109,9207,,18,17,20,0.40,3.9,3.6,4.2,-0.01,5.4,5.2,5.7,1.55,,13,12,13,3.35,,,,10,8,11,17,16,17,8,7,10,8,7,8,19,17,22,-1.25,39,38,40,0.29,7.2,-0.06,26,24,29,-0.51,98,-2.10,18,17,18,-0.90,87,313,28,25,31,0.26,3679,1224.0,4.83,32,31,34,0.39,,,,8,5,13,43,41,45,43,35,51,11,9,13,28406,12,11,13,-1.16,286,96,1041:1,-1.75,185,63,1585:1,-1.13,1361,464,216:1,-3.25,4057,1.12,,3316,5795,1405,2697,33,0.68,,12,28,24,38,47,-0.65,42,54,32,44,57,194939,218427,89,89,90,-0.33,75660,101813,74,72,77,-2.00,9583,150531,6.4,2.29,33,25,41,1.89,,16,35,28,14,103140,17476,5.9,2.92,27730,57236,48,45,52,4.19,414,13.9,-0.63,2660,175,168,182,4.10,,,,25,14,41,245,234,257,75,55,99,124,115,132,10.7,4.44,No,-0.65,20,19,21,18,17,19,2,1,2,1,1,1,3.11,70,69,71,-2.28,,,,65,60,69,72,70,74,67,63,72,81,80,82,153223,27,25,28,-0.67
