Title:,Missouri Resident Births,
Data selected in addition to rows and columns below:,Indicator: Prenatal Care:  Began First Trimester;,
Year:,2016,2016,,2017,2017,,2018,2018,2019,2019,,2020,2020,,2021,2021,,2022,2022,2023,2023,,2024,2024,,Total for selection,Total for selection,,
Statistics:,Count,Rate,,Count,Rate,,Count,Rate,Count,Rate,,Count,Rate,,Count,Rate,,Count,Rate,Count,Rate,,Count,Rate,,Count,Rate,,
County,,,,,,,,,,,,,,,,,,,,,,,,,,,,,
Adair,210,78.07,,199,75.95,,212,74.91,231,77.26,,208,74.55,,198,75.57,,206,73.84,189,67.74,,186,74.40,,1839,74.70,,
Andrew,155,84.70,,174,90.16,,156,84.78,182,84.65,,142,79.78,,147,83.52,,132,84.62,125,81.70,,99,64.71,,1312,82.46,,
Atchison,42,82.35,,38,76.00,,33,80.49,36,78.26,,45,86.54,,32,84.21,,47,90.38,49,81.67,,31,70.45,,353,81.34,,
Audrain,230,66.86,,209,67.86,,196,62.03,202,71.38,,185,68.52,,210,70.23,,163,63.18,203,67.89,,184,66.91,,1782,67.19,,
Barry,275,68.58,,279,67.55,,286,68.26,261,69.23,,285,72.34,,295,76.42,,300,73.17,297,73.15,,281,67.55,,2559,70.65,,
Barton,87,71.31,,91,73.98,,102,75.00,90,76.27,,96,66.21,,87,71.90,,104,77.04,115,71.43,,96,64.86,,868,71.79,,
Bates,107,64.07,,144,73.10,,127,75.60,137,74.86,,148,78.72,,134,78.82,,127,73.41,152,73.08,,137,68.16,,1213,73.29,,
Benton,110,70.51,,121,73.33,,129,71.27,100,64.52,,98,62.03,,97,67.36,,114,69.09,105,65.63,,128,71.11,,1002,68.44,,
Bollinger,75,67.57,,95,76.61,,113,76.87,93,69.40,,105,73.94,,88,69.84,,112,84.21,110,80.29,,108,82.44,,899,75.86,,
Boone,1685,82.20,,1665,81.62,,1663,82.90,1637,80.01,,1586,80.92,,1537,81.32,,1603,80.76,1429,78.82,,1494,79.13,,14299,80.89,,
Buchanan,835,74.09,,788,73.44,,822,75.55,776,75.49,,762,72.16,,746,76.75,,753,76.76,688,69.28,,559,56.35,,6729,72.28,,
Butler,404,71.00,,361,70.65,,318,64.24,423,77.61,,374,70.30,,437,80.18,,371,79.27,366,75.00,,385,76.39,,3439,73.85,,
Caldwell,71,78.02,,53,66.25,,89,82.41,63,63.00,,72,78.26,,75,76.53,,84,78.50,67,75.28,,70,76.09,,644,75.15,,
Callaway,347,75.93,,345,75.49,,388,78.86,362,74.03,,361,78.65,,354,79.73,,382,82.33,364,80.18,,364,81.43,,3267,78.48,,
Camden,275,72.56,,295,73.20,,282,76.63,246,70.29,,241,67.51,,265,77.71,,277,74.26,250,76.45,,276,77.53,,2407,73.97,,
Cape Girardeau,656,75.32,,650,73.95,,634,70.92,626,75.24,,684,76.25,,698,81.35,,724,78.61,681,78.10,,678,81.49,,6031,76.77,,
Carroll,79,74.53,,57,75.00,,61,70.11,70,81.40,,67,81.71,,73,80.22,,62,78.48,62,79.49,,66,83.54,,597,78.14,,
Carter,53,65.43,,39,57.35,,53,60.92,49,71.01,,57,77.03,,78,81.25,,60,81.08,71,86.59,,53,82.81,,513,73.81,,
Cass,917,76.48,,812,74.84,,830,73.52,894,77.54,,830,76.57,,896,76.65,,835,73.63,793,70.74,,855,68.13,,7662,74.18,,
Cedar,141,75.00,,104,59.43,,118,62.43,105,56.76,,117,66.48,,125,62.50,,160,72.40,109,62.29,,125,62.81,,1104,64.64,,
Chariton,62,77.50,,66,81.48,,65,75.58,78,80.41,,58,82.86,,62,80.52,,62,87.32,51,77.27,,73,82.95,,577,80.59,,
Christian,669,74.17,,746,74.67,,798,76.95,840,78.73,,763,79.15,,841,79.56,,780,76.47,798,78.39,,762,76.58,,6997,77.24,,
Clark,52,70.27,,48,71.64,,61,80.26,62,83.78,,68,80.95,,58,77.33,,55,72.37,45,70.31,,39,65.00,,488,75.08,,
Clay,2148,74.48,,2176,73.66,,2241,73.45,2303,75.88,,2207,74.66,,2222,76.78,,2257,76.82,2120,76.04,,2193,76.01,,19867,75.30,,
Clinton,188,75.20,,186,82.67,,174,79.82,177,76.96,,187,79.24,,189,84.75,,195,83.33,174,78.38,,207,80.54,,1677,80.05,,
Cole,688,75.03,,616,74.49,,670,73.79,645,80.42,,634,78.27,,654,80.44,,624,81.04,703,83.79,,637,81.46,,5871,78.62,,
Cooper,152,79.17,,155,79.90,,166,78.30,160,80.00,,135,79.41,,157,81.35,,137,81.55,144,84.71,,158,80.61,,1364,80.47,,
Crawford,200,76.63,,200,80.00,,193,74.23,171,68.95,,167,75.23,,182,76.79,,180,75.00,177,74.68,,198,75.86,,1668,75.27,,
Dade,49,71.01,,48,73.85,,51,68.92,48,70.59,,61,78.21,,36,63.16,,45,71.43,45,71.43,,59,77.63,,442,72.10,,
Dallas,135,66.83,,125,63.13,,166,69.75,146,67.28,,150,71.43,,152,69.72,,123,62.76,155,76.35,,141,72.31,,1293,68.89,,
Daviess,64,60.38,,61,53.98,,75,59.52,64,56.14,,70,59.83,,58,59.18,,76,60.80,66,62.26,,60,60.61,,594,59.16,,
DeKalb,100,82.64,,82,87.23,,78,81.25,68,83.95,,84,81.55,,70,80.46,,82,79.61,69,77.53,,62,71.26,,695,80.72,,
Dent,108,70.13,,118,72.39,,124,69.27,103,74.64,,105,71.43,,96,68.57,,98,64.05,94,67.63,,79,55.63,,925,68.27,,
Douglas,103,71.53,,91,60.67,,95,60.13,63,53.85,,72,55.38,,98,69.01,,88,62.41,90,63.38,,91,67.41,,791,62.83,,
Dunklin,277,66.43,,246,67.96,,232,60.57,248,69.27,,240,65.22,,267,75.00,,233,72.59,248,72.30,,225,73.53,,2216,68.95,,
Franklin,995,82.10,,990,81.68,,927,80.47,931,78.43,,814,76.36,,877,80.31,,843,76.85,845,76.54,,903,78.32,,8125,79.08,,
Gasconade,123,79.35,,128,83.12,,117,76.97,133,86.36,,111,81.62,,124,81.58,,109,79.56,132,78.11,,100,78.13,,1077,80.55,,
Gentry,61,73.49,,58,74.36,,57,72.15,63,67.02,,55,79.71,,59,79.73,,66,84.62,64,79.01,,40,62.50,,523,74.71,,
Greene,2195,68.66,,2240,71.09,,2241,68.89,2287,68.64,,2326,72.92,,2368,73.54,,2270,70.63,2207,70.74,,2332,69.51,,20466,70.49,,
Grundy,115,75.66,,89,61.38,,86,58.50,72,63.72,,69,65.71,,86,63.24,,78,56.93,68,55.74,,81,61.36,,744,62.57,,
Harrison,75,68.81,,56,65.88,,61,65.59,60,68.18,,60,63.83,,47,58.02,,51,62.96,77,64.71,,49,52.69,,536,63.58,,
Henry,174,69.32,,176,76.19,,171,72.15,213,67.62,,195,77.38,,200,77.52,,168,71.79,154,74.40,,162,73.97,,1613,73.19,,
Hickory,60,81.08,,53,69.74,,46,63.89,39,56.52,,52,61.18,,55,65.48,,45,61.64,61,65.59,,39,54.93,,450,64.56,,
Holt,51,91.07,,28,73.68,,41,83.67,34,75.56,,28,80.00,,43,86.00,,34,89.47,29,76.32,,27,77.14,,315,82.03,,
Howard,93,80.87,,87,74.36,,89,84.76,97,85.84,,91,86.67,,70,83.33,,85,78.70,75,82.42,,92,84.40,,779,82.26,,
Howell,336,71.49,,370,72.69,,369,71.93,305,67.18,,347,73.99,,337,76.77,,313,71.95,293,68.14,,339,70.92,,3009,71.69,,
Iron,65,67.71,,63,66.32,,60,64.52,61,57.55,,58,65.91,,62,68.89,,61,74.39,60,65.22,,66,72.53,,556,66.75,,
Jackson,6057,67.90,,5877,66.44,,5810,65.88,5759,66.53,,5678,66.12,,5632,68.97,,5668,67.36,5553,65.58,,5446,64.38,,51480,66.57,,
Jasper,1180,72.22,,1143,72.57,,1106,71.59,1059,70.23,,1063,71.34,,1201,78.75,,1143,72.20,1096,70.21,,1087,70.22,,10078,72.15,,
Jefferson,1969,79.75,,1727,75.41,,1669,71.60,1686,70.90,,1496,65.99,,1613,69.77,,1509,66.89,1579,68.35,,1631,70.21,,14879,71.07,,
Johnson,553,81.09,,532,77.33,,514,75.81,544,80.83,,467,72.07,,514,74.71,,514,73.53,480,70.80,,430,65.65,,4548,74.69,,
Knox,33,71.74,,36,67.92,,40,68.97,36,60.00,,32,72.73,,21,51.22,,27,55.10,33,67.35,,29,56.86,,287,63.64,,
Laclede,346,68.79,,328,68.05,,295,63.99,325,67.29,,290,66.97,,341,71.94,,320,71.91,328,72.25,,281,66.75,,2854,68.67,,
Lafayette,260,74.07,,243,71.26,,288,75.79,310,77.89,,277,79.14,,267,78.76,,307,82.09,273,77.12,,251,70.90,,2476,76.40,,
Lawrence,348,71.31,,353,72.34,,341,67.13,338,70.27,,355,72.90,,350,73.84,,371,73.76,337,68.64,,384,76.34,,3177,71.83,,
Lewis,87,77.68,,94,80.34,,109,81.34,79,81.44,,72,80.00,,65,74.71,,63,74.12,76,81.72,,58,84.06,,703,79.52,,
Lincoln,530,73.71,,532,73.58,,592,76.68,596,78.11,,527,75.61,,576,75.59,,547,70.95,562,75.95,,626,73.82,,5088,74.88,,
Linn,99,79.84,,97,75.19,,92,72.44,98,70.00,,95,76.61,,105,77.78,,106,82.17,101,78.91,,128,79.50,,921,76.94,,
Livingston,119,76.77,,121,75.16,,104,70.75,128,83.66,,141,80.57,,127,81.94,,121,80.67,102,66.67,,133,75.14,,1096,76.86,,
Macon,117,75.48,,134,71.28,,129,73.30,121,74.69,,127,72.99,,119,71.69,,131,74.01,121,69.54,,119,77.78,,1118,73.31,,
Madison,102,70.34,,88,70.40,,98,68.53,80,65.57,,99,77.34,,104,78.79,,96,79.34,86,76.79,,109,79.56,,862,73.99,,
Maries,56,82.35,,46,66.67,,65,73.86,66,74.16,,64,64.65,,67,72.04,,72,75.79,63,74.12,,78,74.29,,577,72.95,,
Marion,279,80.87,,269,75.35,,287,83.19,293,82.30,,252,85.42,,282,84.68,,256,80.00,265,81.04,,236,76.38,,2419,80.98,,
McDonald,225,61.81,,223,63.71,,231,64.53,176,58.67,,179,59.27,,185,57.45,,177,57.10,186,59.62,,176,56.05,,1758,59.96,,
Mercer,25,62.50,,30,60.00,,23,63.89,28,63.64,,26,57.78,,13,30.95,*,35,62.50,25,60.98,,26,50.00,,231,56.90,,
Miller,233,80.62,,206,75.46,,256,77.34,217,74.32,,208,71.97,,226,73.86,,233,79.79,225,83.03,,221,84.35,,2025,77.74,,
Mississippi,90,63.83,,100,68.97,,111,70.70,108,71.52,,112,78.32,,95,73.64,,120,80.54,104,75.36,,100,76.92,,940,73.27,,
Moniteau,115,62.16,,140,71.07,,157,76.96,129,72.47,,130,71.43,,137,73.26,,153,75.74,135,72.58,,136,75.56,,1232,72.43,,
Monroe,80,74.07,,61,69.32,,72,77.42,66,74.16,,70,73.68,,67,77.01,,70,73.68,60,78.95,,62,74.70,,608,74.69,,
Montgomery,83,69.17,,78,69.03,,112,77.78,88,73.33,,75,65.22,,92,68.66,,70,67.96,82,73.87,,72,75.79,,752,71.28,,
Morgan,156,62.15,,181,65.34,,166,63.12,139,60.96,,171,64.04,,161,66.53,,167,64.73,176,70.12,,176,72.13,,1493,65.45,,
New Madrid,168,73.36,,171,73.39,,120,64.17,181,73.88,,139,70.56,,139,70.92,,118,68.21,134,74.86,,155,82.45,,1325,72.52,,
Newton,500,72.36,,489,70.66,,500,69.35,500,71.94,,465,73.34,,497,73.63,,495,70.71,508,69.68,,473,69.97,,4427,71.25,,
Nodaway,191,80.25,,158,82.29,,166,83.42,160,76.56,,174,83.25,,190,85.20,,168,86.15,164,80.79,,169,81.25,,1540,82.09,,
Oregon,82,72.57,,73,70.87,,89,69.53,70,66.04,,67,65.69,,76,67.86,,69,71.13,71,67.62,,75,68.18,,672,68.85,,
Osage,146,82.02,,127,85.23,,118,83.69,119,83.80,,103,81.10,,132,81.99,,142,88.20,142,86.06,,125,84.46,,1154,84.11,,
Ozark,57,68.67,,57,60.64,,47,61.04,39,61.90,,38,59.38,,50,66.67,,49,67.12,51,61.45,,53,61.63,,441,63.18,,
Pemiscot,146,60.33,,170,67.19,,130,61.03,141,60.26,,143,64.71,,131,61.50,,118,61.14,115,65.34,,134,71.28,,1228,63.53,,
Perry,169,78.60,,165,75.34,,185,81.14,171,80.66,,152,75.25,,181,83.41,,150,80.21,154,74.40,,157,78.50,,1484,78.64,,
Pettis,334,64.11,,408,69.51,,378,64.40,388,65.65,,337,61.95,,382,65.75,,355,66.60,390,66.33,,324,62.07,,3296,65.22,,
Phelps,360,74.38,,362,77.35,,342,74.84,294,71.88,,272,69.92,,282,68.12,,304,69.57,251,64.52,,274,61.16,,2741,70.37,,
Pike,147,71.01,,152,70.05,,156,75.00,130,68.42,,143,72.22,,141,72.31,,118,67.43,129,72.47,,129,68.25,,1245,70.86,,
Platte,889,74.46,,860,74.65,,883,74.20,885,74.18,,844,73.39,,950,78.58,,881,76.28,847,75.76,,842,72.27,,7881,74.87,,
Polk,268,73.02,,267,71.97,,323,78.02,315,73.43,,284,76.76,,271,71.50,,267,72.75,293,72.52,,271,69.49,,2559,73.30,,
Pulaski,524,67.27,,407,69.81,,317,65.36,437,70.60,,511,73.42,,501,71.16,,473,70.07,443,69.00,,445,68.99,,4058,69.63,,
Putnam,57,91.94,,37,67.27,,48,80.00,37,78.72,,53,81.54,,34,70.83,,46,68.66,43,70.49,,27,72.97,,382,76.10,,
Ralls,81,81.00,,95,84.07,,77,83.70,82,90.11,,80,80.00,,81,82.65,,82,82.83,62,82.67,,75,78.13,,715,82.75,,
Randolph,219,76.84,,224,77.24,,232,75.32,186,69.40,,187,75.40,,195,70.65,,210,74.73,212,76.81,,201,84.45,,1866,75.55,,
Ray,177,72.54,,176,66.92,,180,70.31,180,74.38,,185,71.15,,200,79.68,,186,77.18,190,76.92,,175,77.43,,1649,73.95,,
Reynolds,30,62.50,,41,70.69,,52,74.29,47,69.12,,44,61.11,,40,76.92,,47,71.21,39,68.42,,39,79.59,,379,70.19,,
Ripley,113,66.08,,93,67.39,,109,69.87,116,74.84,,108,72.00,,102,74.45,,97,77.60,112,75.17,,111,73.03,,961,72.09,,
Saline,179,77.83,,181,78.35,,173,70.90,192,74.13,,181,71.83,,177,77.29,,194,78.86,202,78.29,,172,74.14,,1651,75.70,,
Schuyler,51,73.91,,56,70.00,,37,57.81,38,58.46,,34,50.75,,30,53.57,,40,64.52,37,61.67,,41,63.08,,364,61.90,,
Scotland,51,57.30,,53,66.25,,44,59.46,43,57.33,,44,57.14,,48,55.17,,45,55.56,45,54.88,,50,59.52,,423,58.02,,
Scott,361,76.48,,340,70.25,,345,71.43,345,71.28,,357,73.76,,347,76.10,,350,76.59,367,82.29,,347,79.77,,3159,75.20,,
Shannon,64,72.73,,67,74.44,,69,71.88,63,72.41,,60,77.92,,53,70.67,,65,68.42,61,70.11,,52,68.42,,554,71.85,,
Shelby,59,74.68,,55,77.46,,71,86.59,60,83.33,,50,81.97,,53,84.13,,51,77.27,64,79.01,,59,73.75,,522,79.69,,
St. Charles,3498,82.79,,3322,79.66,,3361,82.14,3287,79.28,,3074,78.08,,3127,77.52,,2996,73.52,2816,73.35,,2886,72.17,,28367,77.68,,
St. Clair,79,70.54,,70,74.47,,72,75.00,52,58.43,,68,67.33,,69,61.06,,77,66.96,79,69.30,,80,66.12,,646,67.64,,
St. Francois,454,68.58,,453,65.65,,450,67.06,432,66.67,,451,65.94,,482,72.70,,447,70.39,472,70.34,,506,74.30,,4147,69.06,,
St. Louis City,2669,71.25,,2264,68.09,,2013,60.85,2040,56.81,,2027,61.57,,2050,59.99,,1830,56.66,1771,55.14,,1757,58.03,,18421,61.10,,
St. Louis County,8103,77.45,,7275,73.84,,7118,71.59,7428,70.42,,6853,70.44,,7045,71.62,,6728,66.82,6165,65.46,,6339,66.01,,63054,70.48,,
Ste. Genevieve,124,67.76,,138,75.00,,162,75.00,142,72.82,,148,74.37,,136,73.51,,135,77.59,127,70.95,,131,74.86,,1243,73.55,,
Stoddard,217,71.62,,252,76.60,,252,73.04,252,75.45,,260,74.07,,262,80.62,,251,76.29,247,78.91,,272,84.74,,2265,76.78,,
Stone,147,64.76,,158,63.45,,174,66.41,173,68.65,,184,68.15,,192,70.33,,182,67.91,174,66.67,,182,70.00,,1566,67.44,,
Sullivan,73,85.88,,57,75.00,,69,71.88,68,80.00,,56,76.71,,43,79.63,,57,77.03,57,77.03,,57,80.28,,537,78.05,,
Taney,382,60.63,,406,68.24,,439,67.64,434,70.00,,367,62.20,,408,73.12,,413,69.76,378,63.42,,403,67.05,,3630,66.84,,
Texas,211,74.04,,202,74.54,,184,73.31,181,70.43,,164,65.60,,176,62.63,,150,58.82,166,59.93,,165,58.72,,1599,66.40,,
Vernon,171,75.33,,169,73.48,,179,71.31,157,66.53,,195,78.00,,175,71.14,,166,76.85,174,72.50,,172,69.08,,1558,72.63,,
Warren,287,71.57,,297,75.96,,312,76.85,294,72.77,,258,72.07,,316,77.45,,302,69.27,300,74.07,,323,70.07,,2689,73.27,,
Washington,168,62.92,,169,63.77,,161,60.53,171,63.81,,155,61.51,,183,69.06,,183,70.93,140,62.78,,130,64.68,,1460,64.46,,
Wayne,73,52.14,,95,64.63,,78,68.42,97,68.79,,66,59.46,,70,68.63,,93,72.66,78,71.56,,92,70.77,,742,66.13,,
Webster,278,53.15,,296,56.17,,313,52.52,365,61.45,,328,61.65,,343,57.84,,343,56.88,338,56.90,,384,60.19,,2988,57.46,,
Worth,18,75.00,*,18,85.71,*,23,85.19,15,71.43,*,18,72.00,*,15,93.75,*,20,83.33,19,90.48,*,15,75.00,*,161,80.90,,
Wright,140,56.22,,154,62.35,,122,54.71,143,57.89,,135,62.21,,154,63.37,,157,61.57,165,63.22,,159,59.55,,1329,60.16,,
Total for selection,51749,73.60,,49539,72.46,,49406,71.40,49473,71.23,,47538,71.27,,48931,73.06,,47700,70.90,46109,69.94,,46412,69.61,,436857,71.51,,
Missouri,51749,73.60,,49539,72.46,,49406,71.40,49473,71.23,,47538,71.27,,48931,73.06,,47700,70.90,46109,69.94,,46412,69.61,,436857,71.51,,
Rate:,Rate per 100 Numerator: Prenatal Care:  Began First Trimester   Denominator: Live Births with Known Prenatal Care Status,
Source:,DHSS - MOPHIMS - Birth MICA,
Generated On:,7/10/2026 8:54:04 PM,
*,Rate is unreliable; numerator less than 20,
